:020000040804EE
:100000000000022015640408956C0408816C040843
:10001000996C04089D6C0408A16C040800000000A1
:10002000000000000000000000000000E1EB0408F8
:10003000A56C04080000000071EC0408FDDE040853
:1000400011640408116404081164040811640408AC
:10005000116404081164040811640408116404089C
:10006000116404081164040811640408116404088C
:10007000D9EB05081164040811640408116404082C
:10008000116404081164040871D705081164040898
:10009000116404081164040811640408EDDF050804
:1000A000116404081164040811640408116404084C
:1000B00015E7050821E705082DE705081164040880
:1000C00011640408116404081164040801E50508BA
:1000D0001164040819EA050811640408ADEA05086A
:1000E000F5DF0508116404081164040811640408AC
:1000F00011640408116404081164040811640408FC
:1001000011640408116404081164040811640408EB
:1001100011640408116404081164040839E705082F
:10012000D9D70508E5EB0508F1EB0508E5D7050883
:1001300011640408B5DE050811640408116404089C
:1001400011640408116404081164040811640408AB
:1001500011640408116404081164040841EB0508E3
:10016000116404081164040811640408116404088B
:1001700011640408116404081164040800000000FC
:08018000116404081164040875
:1001900081F0004102E000BF83F0004330B54FEA38
:1001A00041044FEA430594EA050F08BF90EA020FA5
:1001B0001FBF54EA000C55EA020C7FEA645C7FEA38
:1001C000655C00F0E2804FEA5454D4EB5555B8BF5B
:1001D0006D420CDD2C4480EA020281EA030382EACC
:1001E000000083EA010180EA020281EA0303362D5E
:1001F00088BF30BD11F0004F4FEA01314FF4801C31
:100200004CEA113102D0404261EB410113F0004F42
:100210004FEA03334CEA133302D0524263EB4303F9
:1002200094EA050F00F0A780A4F10104D5F1200E97
:100230000DDB02FA0EFC22FA05F2801841F10001F2
:1002400003FA0EF2801843FA05F359410EE0A5F1C6
:1002500020050EF1200E012A03FA0EFC28BF4CF0F7
:10026000020C43FA05F3C01851EBE37101F00045AD
:1002700007D54FF0000EDCF1000C7EEB00006EEBBA
:100280000101B1F5801F1BD3B1F5001F0CD3490844
:100290005FEA30004FEA3C0C04F101044FEA44529B
:1002A00012F5800F80F09A80BCF1004F08BF5FEA22
:1002B000500C50F1000041EB045141EA050130BD02
:1002C0005FEA4C0C404141EB0101013C28BFB1F514
:1002D000801FE9D291F0000F04BF01460020B1FA5F
:1002E00081F308BF2033A3F10B03B3F120020CDA32
:1002F0000C3208DD02F1140CC2F10C0201FA0CF010
:1003000021FA02F10CE002F11402D8BFC2F1200C74
:1003100001FA02F120FA0CFCDCBF41EA0C0190402A
:10032000E41AA2BF01EB0451294330BD6FEA040473
:100330001F3C1CDA0C340EDC04F11404C4F120025E
:1003400020FA04F001FA02F340EA030021FA04F370
:1003500045EA030130BDC4F10C04C4F1200220FAC7
:1003600002F001FA04F340EA0300294630BD21FA05
:1003700004F0294630BD94F0000F83F4801306BFCB
:1003800081F480110134013D4EE77FEA645C18BFBF
:100390007FEA655C29D094EA050F08BF90EA020F56
:1003A00005D054EA000C04BF1946104630BD91EA4E
:1003B000030F1EBF0021002030BD5FEA545C05D151
:1003C0004000494128BF41F0004130BD14F5800490
:1003D0003CBF01F5801130BD01F0004545F0FE4104
:1003E00041F470014FF0000030BD7FEA645C1ABF39
:1003F000194610467FEA655C1CBF0B46024650EA70
:10040000013406BF52EA033591EA030F41F400219B
:1004100030BD00BF90F0000F04BF0021704730B521
:100420004FF4806404F132044FF000054FF00001F6
:1004300050E700BF90F0000F04BF0021704730B5B7
:100440004FF4806404F1320410F0004548BF40428C
:100450004FF000013EE700BF42004FEAE2014FEAE1
:1004600031014FEA02701FBF12F07F4393F07F4FBC
:1004700081F06051704732F07F4208BF704793F0BF
:100480007F4F04BF41F40021704730B54FF46074D2
:1004900001F0004521F000411CE700BF50EA0102D5
:1004A00008BF704730B54FF000050AE050EA01027E
:1004B00008BF704730B511F0004502D5404261EBEE
:1004C00041014FF4806404F132045FEA915C3FF42F
:1004D000D8AE4FF003025FEADC0C18BF03325FEACC
:1004E000DC0C18BF033202EBDC02C2F1200300FA7D
:1004F00003FC20FA02F001FA03FE40EA0E0021FAA2
:1005000002F11444BDE600BF4FF0FF3C06E000BF1F
:100510004FF0010C02E000BF4FF0010C4DF804CD8C
:100520004FEA410C7FEA6C5C4FEA430C18BF7FEA4C
:100530006C5C1BD001B050EA410C0CBF52EA430C7A
:1005400091EA030F02BF90EA020F0020704710F1FA
:10055000000F91EA030F58BF994208BF90422CBF89
:10056000D8176FEAE37040F0010070474FEA410C82
:100570007FEA6C5C02D150EA013C07D14FEA430CA0
:100580007FEA6C5CD6D152EA033CD3D05DF8040B11
:10059000704700BF8446104662468C461946634643
:1005A00000E000BF01B5FFF7B7FF002848BF10F11A
:1005B000000F01BD4DF808EDFFF7F4FF0CBF01205F
:1005C00000205DF808FB00BF4DF808EDFFF7EAFFDB
:1005D00034BF012000205DF808FB00BF4DF808ED96
:1005E000FFF7E0FF94BF012000205DF808FB00BF8B
:1005F0004DF808EDFFF7CEFF94BF012000205DF815
:1006000008FB00BF4DF808EDFFF7C4FF34BF012021
:1006100000205DF808FB00BF4FEA410C7FEA6C5CEC
:1006200002D150EA013C0AD14FEA430C7FEA6C5CEC
:1006300002D152EA033C02D14FF0000070474FF064
:10064000010070474FEA410212F5001215D211D590
:100650006FF47873B3EB625212D94FEAC12343F0BF
:10066000004343EA505311F0004F23FA02F018BF41
:10067000404270474FF00000704750EA013005D10A
:1006800011F0004008BF6FF0004070474FF00000CD
:10069000704700BF53B94AB9002908BF00281CBFE2
:1006A0004FF0FF314FF0FF3000F00CB8ADF1080C07
:1006B0006DE904CE1EF0A2FADDF804E0DDE90223C4
:1006C00004B07047704700BF000000000000000049
:1006D00001F0FF01102A2BDB10F0070F08D010F8F3
:1006E000013B013A8B422DD010F0070F42B3F6D1F7
:1006F000F0B441EA012141EA014122F007047FF010
:1007000000070023F0E80256083C85EA010586EA66
:10071000010685FA47F5A3FA87F586FA47F6A5FAA2
:1007200087F68EB9EED1F0BC01F0FF0102F00702AE
:1007300032B110F8013B013A83EA010313B1F8D159
:100740000020704701387047002D06BF354603383A
:10075000073815F0010F07D1013015F4807F02BF73
:10076000013015F4C03F0130F0BC0138704700BFC4
:10077000034613F8012B002AFBD1181A01387047E1
:1007800070B54FF0FF0C4CF4E06C1CEA11541DBF27
:100790001CEA135594EA0C0F95EA0C0F00F0DEF8F2
:1007A0002C4481EA030621EA4C5123EA4C5350EAD7
:1007B000013518BF52EA033541F4801143F4801328
:1007C00038D0A0FB02CE4FF00005E1FB02E506F0B9
:1007D0000042E0FB03E54FF00006E1FB03569CF00E
:1007E000000F18BF4EF0010EA4F1FF04B6F5007F14
:1007F00064F5407404D25FEA4E0E6D4146EB060686
:1008000042EAC62141EA55514FEAC52040EA5E500E
:100810004FEACE2EB4F1FD0C88BFBCF5E06F1ED8B8
:10082000BEF1004F08BF5FEA500E50F1000041EBEF
:10083000045170BD06F0004646EA010140EA02009C
:1008400081EA0301B4EB5C04C2BFD4EB0C0541EABE
:10085000045170BD41F480114FF0000E013C00F3D3
:10086000AB8014F1360FDEBF002001F0004170BDF7
:10087000C4F10004203C35DA0C341BDC04F1140410
:10088000C4F1200500FA05F320FA04F001FA05F29C
:1008900040EA020001F0004221F0004110EBD37069
:1008A00021FA04F642EB06015EEA430E08BF20EA95
:1008B000D37070BDC4F10C04C4F1200500FA04F338
:1008C00020FA05F001FA04F240EA020001F00041CA
:1008D00010EBD37041F100015EEA430E08BF20EA3D
:1008E000D37070BDC4F1200500FA05F24EEA020E85
:1008F00020FA04F301FA05F243EA020321FA04F0B4
:1009000001F0004121FA04F220EA020000EBD3706A
:100910005EEA430E08BF20EAD37070BD94F0000F6A
:100920000FD101F00046400041EB010111F4801F9E
:1009300008BF013CF7D041EA060195F0000F18BF4F
:10094000704703F00046520043EB030313F4801F8B
:1009500008BF013DF7D043EA0603704794EA0C0F45
:100960000CEA135518BF95EA0C0F0CD050EA41065B
:1009700018BF52EA4306D1D181EA030101F00041D8
:100980004FF0000070BD50EA410606BF1046194600
:1009900052EA430619D094EA0C0F02D150EA01360C
:1009A00013D195EA0C0F05D152EA03361CBF10464D
:1009B00019460AD181EA030101F0004141F0FE41EC
:1009C00041F470014FF0000070BD41F0FE4141F470
:1009D000780170BD70B54FF0FF0C4CF4E06C1CEA70
:1009E00011541DBF1CEA135594EA0C0F95EA0C0F25
:1009F00000F0A7F8A4EB050481EA030E52EA0335E0
:100A00004FEA013100F088804FEA03334FF0805500
:100A100045EA131343EA12634FEA022245EA11152D
:100A200045EA10654FEA00260EF000419D4208BFDE
:100A3000964244F1FD0404F5407402D25B084FEA8B
:100A40003202B61A65EB03055B084FEA32024FF437
:100A500080104FF4002CB6EB020E75EB030E22BF94
:100A6000B61A754640EA0C005B084FEA3202B6EB54
:100A7000020E75EB030E22BFB61A754640EA5C0003
:100A80005B084FEA3202B6EB020E75EB030E22BF93
:100A9000B61A754640EA9C005B084FEA3202B6EB94
:100AA000020E75EB030E22BFB61A754640EADC0053
:100AB00055EA060E18D04FEA051545EA16754FEAB5
:100AC00006164FEAC30343EA52734FEAC2025FEAD3
:100AD0001C1CC0D111F4801F0BD141EA00014FF062
:100AE00000004FF0004CB6E711F4801F04BF014333
:100AF0000020B4F1FD0C88BFBCF5E06F3FF6AFAE4F
:100B0000B5EB030C04BFB6EB020C5FEA500C50F1DE
:100B1000000041EB045170BD0EF0004E4EEA113161
:100B200014EB5C04C2BFD4EB0C0541EA045170BD68
:100B300041F480114FF0000E013C90E645EA060EAC
:100B40008DE60CEA135594EA0C0F08BF95EA0C0FDA
:100B50003FF43BAF94EA0C0F0AD150EA01347FF422
:100B600034AF95EA0C0F7FF425AF104619462CE7F9
:100B700095EA0C0F06D152EA03353FF4FDAE10465C
:100B8000194622E750EA410618BF52EA43067FF4AD
:100B9000C5AE50EA41047FF40DAF52EA43057FF43D
:100BA000EBAE12E70348044B834202D0034B03B180
:100BB000184770478C0300208C03002000000000C1
:100BC0000548064B1B1AD90F01EBA301491002D0AF
:100BD000034B03B1184770478C0300208C0300209F
:100BE0000000000010B5064C237843B9FFF7DAFF88
:100BF000044B13B10448AFF300800123237010BDF0
:100C00009003002000000000981D060808B5054B61
:100C10001BB105490548AFF30080BDE80840FFF768
:100C2000CFBF00BF0000000094030020981D0608FD
:100C300010B5184A044682B0062102200DF06AFC65
:100C4000E06028B32078214604F002F91249A06838
:100C500022461DF077FEA28A2169A0681DF07AFE67
:100C6000E0684FF0FF33002269460DF0C5FC002814
:100C7000F6D19DF80020E08ABDF80230216900FB22
:100C800002331944BDF80420204604F089F8E7E750
:100C90000DF020FA486306089D0C040800B513699E
:100CA000B2F816E083B0A0EB030C0023ADF80410FB
:100CB000D068BCFBFEF11A460EFB11CC8DF800107B
:100CC00069468DF80130ADF802C00DF061FC03B04B
:100CD00000BD00BF806864231DF010BE10B50A4C33
:100CE0000A4B636001201DF0FDFDA060002006F0AE
:100CF00001FB074B074AC4E9040321460648BDE847
:100D000010400DF073B900BF00000020B81D0608A8
:100D10000005800224630608310C04080020704797
:100D200010B5184A044682B0062102200DF0F2FBED
:100D3000E06028B32078214604F08AF81249A068C0
:100D400022461DF0FFFDA28A2169A0681DF002FE67
:100D5000E0684FF0FF33002269460DF04DFC00289B
:100D6000F6D19DF80020E08ABDF80230216900FB31
:100D700002331944BDF80420204604F011F8E7E7D7
:100D80000DF0A8F9646306088D0D040800B5136919
:100D9000B2F816E083B0A0EB030C0023ADF804100A
:100DA000D068BCFBFEF11A460EFB11CC8DF800108A
:100DB00069468DF80130ADF802C00DF0E9FB03B0D3
:100DC00000BD00BF806864231DF098BD10B5114CB4
:100DD000114B8AB0002063601DF084FDA06006F016
:100DE000E7FA0E4B2022C4E90403002102A81FF0F9
:100DF0007EF8DFF830E00A48CDF804E04FF4806C6C
:100E0000182301AA2146CDE906C30DF0EFF80AB078
:100E100010BD00BF080400206063060800058002C2
:100E2000210D0408D81D0608944603460A469CE88E
:100E300003004FF0010C83E803009A6083F801C0BF
:100E400072B1526862B1517A41F008014FF4FA6010
:100E500051720321C2E9260142F2107CC2F894C00B
:100E60001946032003F0F4BF10B5044684B01E48B1
:100E70001E4A2146FFF7D8FF02A9204611F00AF8C2
:100E8000B8B90DF10602029803A912F0EFFCBDF803
:100E90000620012A1AD8029812F01AFD0028F0DA6A
:100EA000029812F09DFC02A9204610F0F3FF0028E2
:100EB000E7D00D4B002103205960597003F0C8FFA3
:100EC0000B4B18680DF0E8FA0DF004F90399064889
:100ED00003F066FF029812F0FBFC0028D1DA0298BA
:100EE00012F07EFCDFE700BF7C0400202C00002015
:100EF00090040020F0B52D4E326883B0002A4FD008
:100F00002B4D08E005301CD0204610F0ABFE4FF40E
:100F10007A700DF0E5F800221146102010F032FE34
:100F200004460028F3D090F820302A8A43F00203C8
:100F300080F8203001A9EB68019310F0E9FE002849
:100F4000E0D10DF04BF800F57A6701E00DF0C8F83C
:100F50000DF044F8C31B002B4FF4FA70D4DA637819
:100F6000032BF3D06368002BCED094F8203023F00D
:100F7000020384F82030306800210DF05BFA00286D
:100F8000F9D00C4A0C4821460DF030F820B13068F9
:100F90004FF0FF310DF04EFA204611F0DFF8B3E7C5
:100FA000114601200DF0E4F93060A9E7900400201B
:100FB00018000020A0630608690E040800B585B07B
:100FC0000023806800930123039211F04BF8039AE9
:100FD00000280CBF10464FF0FF3005B000BD00BF29
:100FE000014B1880704700BF34000020014B188867
:100FF000704700BF340000202DE9F047DFF808916A
:101000003E4CDFF808813E4F84B00022114610208C
:1010100010F0B8FD064648B1B9F80020394910F083
:1010200045FE054638B1304610F01CFE4FF4FA700C
:101030000DF056F8E9E7FF21304610F09BFE01A9BC
:101040003046019510F0BCFE002843D1019B002BD7
:1010500040D098E803004FF0010A84E803002146DD
:101060000220A36084F801A003F0F2FE0198C7F803
:1010700000A002A910F00EFFC0B90DF10202029803
:1010800003A912F0F3FBBDF80220012A204629D85B
:10109000029812F01DFC0028EFDA029812F0A0FB73
:1010A000019802A910F0F6FE0028E6D000210220E7
:1010B0003D606560657003F0CBFE019811F04EF85D
:1010C000019810F0CFFD01A93046019510F078FE8F
:1010D0000028BBD04FF4FA700DF002F8304610F043
:1010E000C1FD92E7039903F05BFE029812F0F0FB5A
:1010F0000028C2DA029812F073FBD1E798040020AE
:1011000094040020B0BF07083400002038000020FD
:1011100070B584B006460191144612F055FB019952
:10112000A0B12246054612F073FBD6F80E20738A52
:10113000B0680392294603AA10F066FF06462846C7
:1011400012F04EFB16B9204604B070BD4FF0FF30D0
:10115000FAE700BF30B5294B294C054693E8030058
:1011600085B0012284E8030042F21B73214604206B
:101170006270A560A38103F06BFE02A9284610F0FF
:1011800089FEB0B90DF10602029803A912F06EFBB8
:10119000BDF806200298CAB912F09AFB0028F1DACD
:1011A000029812F01DFB02A9284610F073FE0028D9
:1011B000E8D000210420C4E90111617003F048FE69
:1011C000104B18680DF068F90CF084FF037AA373D4
:1011D000437AE373837A2374C37A637483890399AC
:1011E0006382204603F0DCFD029812F071FB0028B8
:1011F000C8DA029812F0F4FAD5E700BF44000020E4
:10120000E0040020F404002030B5294B294C0546A9
:1012100093E80300284B85B01B88A56084E8030091
:101220000122214607206270A38103F011FE02A96A
:10123000284610F02FFEB0B90DF10602029803A95E
:1012400012F014FBBDF806200298CAB912F040FB58
:101250000028F1DA029812F0C3FA02A9284610F029
:1012600019FE0028E8D000210720C4E901116170AF
:1012700003F0EEFD114B18680DF00EF90CF02AFF8B
:10128000037AA373437AE373837A2374C37A637410
:10129000838903996382204603F082FD029812F04D
:1012A00017FB0028C8DA029812F09AFAD5E700BFB7
:1012B00074640608C804002042000020DC040020FA
:1012C00030B5294B294C054693E80300284B85B0DF
:1012D0001B88A56084E80300012221460820627073
:1012E000A38103F0B5FD02A9284610F0D3FDB0B9E3
:1012F0000DF10602029803A912F0B8FABDF8062013
:101300000298CAB912F0E4FA0028F1DA029812F051
:1013100067FA02A9284610F0BDFD0028E8D0002198
:101320000820C4E90111617003F092FD114B1868A7
:101330000DF0B2F80CF0CEFE037AA373437AE37398
:10134000837A2374C37A6374838903996382204602
:1013500003F026FD029812F0BBFA0028C8DA0298C2
:1013600012F03EFAD5E700BF20640608A80400206A
:1013700040000020BC04002020B9034B186808B1CD
:101380000DF08AB8704700BFF404002020B9034B69
:10139000186808B10DF080B8704700BFDC04002069
:1013A00020B9034B186808B10DF076B8704700BF3C
:1013B000BC04002070B584B006460191144612F0BA
:1013C00003FA0199A0B12246054612F021FAD6F897
:1013D0000E20738AB0680392294603AA10F014FE07
:1013E0000646284612F0FCF916B9204604B070BD36
:1013F0004FF0FF30FAE700BF70B584B006460191A8
:10140000144612F0E1F90199A0B12246054612F006
:10141000FFF9D6F80E20738AB0680392294603AA12
:1014200010F0F2FD0646284612F0DAF916B9204609
:1014300004B070BD4FF0FF30FAE700BF42F21B70FE
:10144000704700BF70B51E4E3268002A31D01D486B
:101450001CF024FF06E0204610F004FC4FF4FA6074
:101460000CF03EFE00221146202010F08BFB0446BB
:101470000028F3D0456814496B7A43F0200342F208
:101480001B726B7210F012FC0028E4D1306800214E
:101490000CF0D0FF0028F9D00C4A0D4821460CF082
:1014A000A5FD0028D7D030684FF0FF310CF0C2FF07
:1014B000D1E7114601200CF05BFF3060C7E700BFA9
:1014C000F404002079130408B0BF0708CC640608B0
:1014D00055110408014B1888704700BF42000020D6
:1014E000F0B5264E326887B0002A41D02448254DF9
:1014F0001CF0D4FE21E0059B4FF6FE71581E44F609
:101500008762884288BF13460022114620202B8024
:1015100010F038FB044660B147682A887B7A1A4984
:1015200043F020037B7210F0C1FB70B1204610F035
:1015300099FB4FF4FA600CF0D3FD01A800F018F904
:101540000028D8D044F68763DEE7306800210CF02D
:1015500071FF0028F9D00D4A0D4821460CF046FDD8
:101560000028E3D030684FF0FF310CF063FFDDE777
:10157000114601200CF0FCFE3060B7E7DC040020CF
:101580008D13040842000020B0BF070880640608DD
:1015900009120408014B1888704700BF4000002062
:1015A000054B1B78013BDBB2032B9ABF034A52F871
:1015B00023000348704700BFC6040020EC63060800
:1015C000281E06082DE9F04FDFF87C91D9F800209D
:1015D00089B0002A00F096804E484F4FDFF86CB17A
:1015E0004E4E4F4DDFF868A11CF058FE03A800F0E6
:1015F000BFF8044600283DD1069A4FF6FE73511EEF
:10160000994237D893B242F21B718B42BBF800C0AB
:101610003B8041D09C453FD002460146202010F03F
:10162000B1FA8046002846D041683A884B7A43F0A8
:1016300020034B723B4910F039FB3A8803460028DF
:1016400040D02988042091423070AAF8003004D09C
:1016500035492A8020461CF055F8404610F002FB20
:101660004FF4FA600CF03CFD03A800F081F804464A
:101670000028C1D0022333702B8842F238529342A3
:101680003A8004D029492A8000201CF03BF84FF40E
:10169000FA600CF025FDA9E72988032099423070F3
:1016A000F5D02B802249CDF800C042F21B730020F8
:1016B0001CF028F8EBE7042333704FF6FF73AAF809
:1016C0000030E4E71B492880012333700B680133A5
:1016D0000B60194B19491CF015F8D9F800000021CE
:1016E0000CF0A8FE0028F8D0154A164841460CF028
:1016F0007DFC0028B1D0D9F800004FF0FF310CF08C
:1017000099FEAAE7114601200CF032FEC9F800004C
:1017100062E700BFA113040840000020C6040020B7
:10172000A4040020B0BF0708041F0608401E0608D6
:10173000801E0608C0040020C01E0608C81E060839
:101740002C640608C1120408BC04002042000020DA
:10175000C4040020014B024A1A6070474C0000206C
:10176000DC6A0608014948221EF01BBC0040000844
:1017700010B592B048221249044668461EF011FC8A
:10178000104B009A9A4203D04FF0FF3012B010BDB8
:101790001BF0F6FF442269461BF0F6FF119B9842AE
:1017A000F2D10DF1300CBCE80F002060DCF8000035
:1017B000206100206160A260E36012B010BD00BF34
:1017C000004000082107000DF0B599B006460D460F
:1017D00014463749482206A81F461EF0E2FB0DF1C9
:1017E000480EBEE80F000DF1040CACE80F00DEF867
:1017F0000030304ACCF80030069B934208D11BF0F1
:10180000BFFF442206A91BF0BFFF179B984233D0AD
:101810009FED257B2822002108A88DED067B1EF078
:1018200066FB33682A68129323681597CDE9132362
:101830001E9B16934FF0FF3309931BF0A1FF1E4C24
:10184000442206A91BF0A0FF2368179033B3DB687E
:1018500023B3002211462046984700280ADB23685C
:10186000E3B19D68D5B1482306AA00212046A847C8
:1018700000EAE07019B0F0BD1E9B2A681693336829
:10188000129313922368159701A912A81422149396
:101890001EF004FB0028D0D119B0F0BD4FF0FF308E
:1018A000E8E700BFAFF300802107000D0000000053
:1018B000004000082107000D4C00002070B59AB0D0
:1018C00004465849482208A81EF06BFB002C00F083
:1018D00095802046FEF74CFF1F2888BF024600F285
:1018E0008F800DF1300EBEE80F00EC46ACE80F0023
:1018F0009EE80F004C4E089DB5428CE80F0008D1C1
:101900001BF03EFF442208A91BF03EFF199B9842A2
:1019100056D04422002109A81EF0E9FA424A434960
:1019200008924FF0FF33224600200B931BF0EAFE93
:10193000202200210CA81EF0DAFA2046FEF718FF3C
:10194000214602460CA81EF02CFB1BF019FF384D57
:10195000442208A91BF018FF2B68199033B3DB68E9
:1019600023B30022114628469847061E20DB2B6829
:10197000002B4CD09E68002E49D008AA4823284648
:101980000021B047021E08DA02EAE2762949002067
:101990001BF0B8FE30461AB070BD27492246002021
:1019A0001BF0B0FE002630461AB070BD4FF0FF3677
:1019B0002249324600201BF0A5FE30461AB070BD09
:1019C000099A42BB11460CA820221EF090FA20462C
:1019D000FEF7CEFE214602460CA81EF0E2FA2022B7
:1019E00069460CA81EF05AFA06460028ADD11449E3
:1019F00022461BF087FE30461AB070BD4FF0FF3212
:101A0000104900201BF07EFE6FF00106C2E74FF088
:101A1000FF363246BAE70C4900201BF073FE4FF048
:101A2000FF36B7E7004000082107000D2820060810
:101A30004C000020E42006080C210608BC20060803
:101A400094200608FC1F06086420060808B54FF419
:101A5000C061002003F050F930B10146084803F09E
:101A60000BF9084B186000B908BD042103F03AF9DE
:101A7000054A064800210CF0B9FA054B186008BD6C
:101A8000FD1A040830130020F0640608951A0408B3
:101A90002813002070B5134A134D40F21C41022058
:101AA0000CF038FD114B28601B68A3B9104C114E87
:101AB0004FF0FF33002221460CF09EFD48B9D4F8C8
:101AC0000E300D49DBB2072B03D856F823302068BF
:101AD00098472868ECE70146184603F0F3F82868B1
:101AE000E4E700BF146506082C1300203013002023
:101AF0000C0900202C650608120900202DE9F04190
:101B0000084686B00D460021174698460BF09EFF0A
:101B1000002843D000240123064600940DF10B0257
:101B2000214628460CF090F89DF80B305A2B35D101
:101B3000032E2FD90423009403AA21462846039498
:101B40000CF082F8039BB3F15A3F27D10F2E049477
:101B500020D90423009404AA0C2128460CF074F820
:101B6000049BB3F5807F19D80533B6EB830F19D2E8
:101B7000F71E01260423B1B2009405AA2846059455
:101B80000CF062F8059BB3F15A3F06F1010605D04F
:101B9000BE42EFD1012006B0BDE8F081022006B0C0
:101BA000BDE8F08128460E4D00949E00B3B22A464F
:101BB00021460CF049F81BF0E3FDEA68043292007C
:101BC00029461BF0E1FDEB68043355F823308342CE
:101BD000E4D13E60AB6888F800302046DFE700BF04
:101BE000F8040020004870475C000020704700BFE8
:101BF00038B50C4605461CF0FFFB4DF6AD620021E2
:101C00001CF0FEFB63680C4C4FF05A31C4E9001322
:101C10004BF206420023C4E902231BF0B1FD21462A
:101C200010221BF0B1FD03462146284623611422F1
:101C3000BDE8384003F092B8BC1B002038B50D4C0D
:101C40004B684FF05A31C4E900134BF205420023B0
:101C5000C4E9022305461BF093FD214610221BF028
:101C600093FD03462146284623611422BDE83840EF
:101C700003F074B8BC1B002038B50D4C4B684FF016
:101C80005A31C4E900134BF204420023C4E9022391
:101C900005461BF075FD214610221BF075FD03461D
:101CA0002146284623611422BDE8384003F056B887
:101CB000BC1B002038B5104C4B684FF05A31C4E9BA
:101CC00000134BF207420023C4E9022305461BF030
:101CD00057FD214610221BF057FD214603461422D2
:101CE0002846236103F03AF81CF0B0FA1CF0B2FA6F
:101CF000BDE838401CF068BCBC1B002030B5A1B06A
:101D000005460EA80191FFF72DFD9DF848309DF87E
:101D10004CE09DF849009DF84D409DF84B209DF802
:101D200051C01B064FEA0E6E4EEA044E43EA0043D2
:101D30009DF850409DF8550013434FEA0C4C9DF818
:101D40004A204CEA046C9DF8544043EA0223000404
:101D50009DF85920059340EA04609DF858409DF88D
:101D60005D30120442EA04629DF85C401B0443EAC1
:101D700004639DF84F404EEA040E9DF853404CEA30
:101D8000040C9DF8574020439DF85B4022439DF88A
:101D90005F4023439DF84E404EEA042406949DF88C
:101DA00052404CEA042407949DF8564040EA04202F
:101DB00008909DF85A002B4C42EA002209929DF8A7
:101DC0005E2043EA02230A93119A9DF8603010992D
:101DD0009DF86400CDE903129DF861200199120479
:101DE00042EA03629DF8633049681A439DF8623005
:101DF00042EA03229DF865300B921B049DF8672090
:101E000043EA006313439DF8662043EA02230F9AD6
:101E1000CDE90C324FF05A3323604BF20343C4E94F
:101E200001130DF10C0E0B23E360BEE80F0004F16B
:101E3000100CACE80F00BEE80F00ACE80F009EE805
:101E400007008CE807001BF09BFC21463C221BF09E
:101E50009BFC4022034621462846E36302F07EFFB6
:101E600021B030BDBC1B002030B593B0054668469C
:101E70000C46FFF777FCDDE90C0261680E9B124C03
:101E800000BA12BAC4E904021BBA4BF20142616003
:101E9000A3614FF05A310F9BA2600422E3612160DD
:101EA000E2601BF06DFC214620221BF06DFC4FF020
:101EB000FF3320622422C5F80E302146284602F066
:101EC0004DFF13B030BD00BFBC1B002030B50C4629
:101ED00091B04969A269E369054620690DF1080CD2
:101EE000ACE80F0000230A93DDE9032301BA12BA1C
:101EF0001BBA06910BA805990991CDE90723FFF7B5
:101F000037FC30BB0F9A099B009207A908AA06A8C4
:101F1000FFF75AFC6268104C4FF05A3323604BF2C3
:101F20000243C4E90123C00F0123C4E903301BF0BD
:101F300027FC214614221BF027FC4FF0FF33606181
:101F40001822C5F80E302146284602F007FF11B0CE
:101F500030BD44F68762D6E7BC1B0020F0B50846CA
:101F600087B00C46002117460BF070FD38B30026F1
:101F70000123054600960DF10E02314620460BF076
:101F800063FE9DF80E30542B19D1032D14D9042370
:101F9000009605AA314620460BF056FE9DF81530F6
:101FA000432B0CD19DF816304C2B08D19DF81730DF
:101FB000592B04D1092D05D8012007B0F0BD02200E
:101FC00007B0F0BD022304AA0821009620460BF0BA
:101FD0003BFEBDF8101040F2EE23A1F111029A422F
:101FE000EDD88D42E8D30D4601390096012389B220
:101FF00020460DF10F020BF027FE9DF80F00002880
:10200000DDD1B5F5807F3D6088BF0320D8E700BFF4
:1020100030B50C4C0C4D87B028684FF0FF330022D0
:1020200021460CF0E9FA0028F6D100F0AFF8684636
:10203000A288064900F022FE2068694600F0B8F840
:10204000EAE700BF00000010D025002006000010C5
:1020500070B54FF4407182B0012002F04DFE30B1F6
:1020600001463D4802F008FE3C4B186008B902B03A
:1020700070BD002102F036FE4FF44071022002F0E4
:102080003BFE014600283DD0334802F0F5FD344BBD
:102090001C461860002851D14FF4C061002002F0A6
:1020A0002BFE002836D0014601902B4802F0E4FDBB
:1020B0002C4B1E461860019B002847D11946264824
:1020C00002F0DAFD284B1D46186000283AD1274A55
:1020D0004FF4847103200CF01DFA204B0146186860
:1020E000234B196002F0EEFD206810BB3068A0B9E8
:1020F0002868C8B91F4A2048002102B0BDE87040D6
:102100000BF074BF4FF4C0610020154C02F0F4FDD9
:102110000028C8D1134E144DD9E7154B196802F0A9
:10212000D1FD28680028E5D0114B196802F0CAFDDE
:10213000E0E70F4B196802F0C5FDD7E7012102F077
:10214000D1FDA9E7082102F0CDFDC0E7042102F08E
:10215000C9FD019BB2E700BF5D1F0408E025002018
:10216000DC250020D8250020D42500207065060835
:10217000D02500204C65060811200408004870474F
:102180007C000020004870476C00002008B5064B1A
:102190001A783AB1054A106810B10BF08BFF024B68
:1021A00000221A7008BD00BFE4250020A4370020DB
:1021B000002900F07D822DE9F04F4D78ADB0002D63
:1021C00040F021820B78302B06460C4600F04A8204
:1021D00000F2F581102B00F05D82202B40F013827D
:1021E00005F0EEF98346002800F00D82228943892C
:1021F00011929A420F93C0F06282A94611956289AA
:10220000BBF80C3012929A42109380F094839B1A80
:102210009BB210939246636862881F46002A40F082
:102220008B82C64B1F9342F22E03ADF8803042F6EC
:102230002E63ADF8823020238DF884302E238DF864
:10224000853042F22E03ADF8863042F62E63ADF8AB
:10225000883020238DF88A302E238DF88B3042F27F
:102260002E03ADF88C3042F62E63ADF88E3020236D
:102270008DF890302E238DF8913042F22E03ADF878
:10228000923042F62E63ADF8943020238DF89630CC
:102290002E238DF8973042F22E03ADF8983042F697
:1022A0002E63ADF89A3020238DF89C302E238DF8C4
:1022B0009D3042F22E03ADF89E3042F62E63ADF80B
:1022C000A03020238DF8A2302E238DF8A33042F2C7
:1022D0002E03ADF8A43042F62E63ADF8A6302023CD
:1022E0008DF8A8302E238DF8A93000218DF8AA3062
:1022F0008DF8AB10A07CBBF80C308046504498425F
:1023000040F206821298984280F06183A3EB0A03A0
:102310001393BBF80A3008EB0901994240F2F581AA
:102320001199994280F05083A3EB09030E931FABE0
:1023300083490D9300201BF0E5F9CDE9049A109B29
:1023400007930F9B0693238A0393237D0293E37CD9
:102350000193A37C0093638922897A4900201BF0B2
:10236000D1F97B7B3A7BCDF8048094F812C0764992
:10237000CDF808C00020CDF800C01BF0C3F9734BA6
:10238000DBF820100E9FBBF80A20A07C002908BFB4
:102390001946B845BBF80C3000F0E582DFF8D0C133
:1023A000CDF80C80CDE9040C139802900E98CDE97D
:1023B0000010674900201BF0A5F9E368002B00F02E
:1023C000CD82228A002A00F0C982E17C012A0E46D1
:1023D000197800F07E8101F17F02D2B27D2A00F2ED
:1023E00078815878A0F14002D2B2BE2A00F2718101
:1023F0007F2800F06E8100228DF851205B788DF8E7
:10240000501015A88DF8513003F056FE002840F00A
:10241000E6820127A1464F4CA84614F8015B18AB91
:1024200000933A4614AB3146284603F093FE002849
:1024300000F04A819DF8763006939DF8753005933B
:102440009DF874300493BDF870300393BDF872307A
:1024500002931B9B01939DF8683000939DF87B309D
:102460000B939DF87A300A939DF8793009939DF883
:10247000783008939DF8773007933749189B2A46A0
:1024800000201BF03FF9354BA342C6D103F004FEF8
:10249000002814BF324B334B0E9314AB0CBF0120FA
:1024A00000203246009310213B464546B846374649
:1024B000064603F033FE14A98246009143463A468D
:1024C0001821304603F02AFE14A9009143463A46EB
:1024D00020214C468146304603F020FE0E9A2249C8
:1024E000CDE90090534600201BF00CF9BBF80A2000
:1024F000BBF80C3003FB02F252B1DBF81830013BA1
:10250000D018002213F8011F01B101329842F9D10D
:10251000164900201BF0F6F803F0B8FE0022BBF8C5
:102520000A300192BBF80C1000915846114605F094
:1025300089F8584605F04AF81CE000BF2E2E202EE0
:10254000342206085C220608C8220608AC210608C8
:102550000823060888650608B42306088B65060864
:102560000022060808220608182406086424060823
:10257000B0210608238A0022002B40F0FB81BBF823
:102580000A20BBF80C3003FB02F2002A00F02C8278
:10259000DBF81830013BD018002213F8011F19B1E5
:1025A000002A08BF0D4601329842F6D12B465A4800
:1025B0005A490068009000201BF0A4F865E0602BE9
:1025C00024D11FAB18460D93FFF7D2F8002840F036
:1025D000C081DDE92125DDE91F012B0A25928DF857
:1025E00099301F227023CDE921230023CDE9230157
:1025F00020938DF89A300D99494B8DF898503046BC
:102600001F9302F0ABFB2DB0BDE8F08F51D9802BAA
:10261000F9D10B7AFF2B00F09281002BF3D14B7A8A
:10262000FF2B00F0D681002BEDD18B7AFF2BEAD166
:1026300003253C4B186820B10BF02CFD3A4B0122CE
:102640001A7004F0BDFF04460028DCD0082104F015
:10265000F3FF03F01BFE63890195A089009000221F
:1026600011460CE004F0ACFF04460028CBD003F088
:102670000DFE63890195A289009229462A462046CB
:1026800004F0E0FF204604F0A1FF2DB0BDE8F04FBC
:1026900003F006BE2249ADF88C50CDE91F15132278
:1026A0001FA9CDE921238DF88E5002F057FBAAE730
:1026B0007047402B00F0A281502B82D0A3E79B1AD9
:1026C0009BB20F9391469AE5184BA3427FF4A5AEB7
:1026D000DCE6002315A88DF850108DF8513003F07A
:1026E000EBFC002800F06E81159A179B104900271B
:1026F000CDE900169DF8511003919DF850100291FC
:1027000000200C491AF0FEFF84E6CDF838800EE672
:10271000CDF84C80FDE500BFB8490020982406089C
:1027200054434C59A4370020E42500208B6506084B
:10273000F8210608742306081978AC4B0909012A08
:10274000595C8DF87C10397801F00F01595C8DF8D7
:102750007D104FF020018DF87E1000F0E881787830
:102760000009022A185C8DF87F0078788DF88110B6
:1027700000F00F00185C8DF880003FF458ADB87879
:102780000009032A185C8DF88200B8788DF884104F
:1027900000F00F00185C8DF883003FF44FADF8781F
:1027A0000009042A185C8DF88500F8788DF88710E8
:1027B00000F00F00185C8DF886003FF446AD3879C4
:1027C0000009052A185C8DF8880038798DF88A1080
:1027D00000F00F00185C8DF889003FF43DAD78796A
:1027E0000009062A185C8DF88B0078798DF88D1019
:1027F00000F00F00185C8DF88C003FF434ADB87910
:102800000009072A185C8DF88E00B8798DF89010B1
:1028100000F00F00185C8DF88F003FF42BADF879B5
:102820000009082A185C8DF89100F8798DF893104A
:1028300000F00F00185C8DF892003FF422AD387A5A
:102840000009092A185C8DF89400387A8DF89610E2
:1028500000F00F01595C8DF895103FF419AD797AAD
:1028600009090A2A595C8DF89710797A01F00F014D
:10287000595C8DF898104FF020018DF899103FF4B5
:102880000EADB87A00090B2A185C8DF89A00B87A58
:102890008DF89C1000F00F00185C8DF89B003FF441
:1028A00005ADF87A00090C2A185C8DF89D00F87ABD
:1028B0008DF89F1000F00F00185C8DF89E003FF41B
:1028C000FCAC387B00090D2A185C8DF8A000387B21
:1028D0008DF8A21000F00F00185C8DF8A1003FF4F5
:1028E000F3AC787B00090E2A185C8DF8A300787B86
:1028F0008DF8A51000F00F00185C8DF8A4003FF4CF
:10290000EAACB87B00090F2A185C8DF8A600B87BEA
:102910008DF8A81000F00F01595C8DF8A7103FF456
:10292000E1ACF97B0909595C8DF8A910F97B01F03C
:102930000F015B5CD9E400239A4612936BE44B7A57
:10294000002B7FF460AE8B7A002B7FF45CAE012508
:102950006FE600231A46194618463FE62449002030
:102960001AF0D0FEC2E5139EB0427FF417ADDFF837
:1029700088C015E51199ADF87C101299ADF87E105C
:102980000F99ADF88010ADF88C3010998DF8852036
:102990000123ADF86020ADF882108DF862308DF81B
:1029A0009430237D8DF88430E368628A0D982293F9
:1029B00018ABADF88E20249303F04EFC584604F07B
:1029C00005FEDCE5074625E500230E93AFE41391F1
:1029D0009FE48B7A002B7FF416AE022529E6159A28
:1029E000179B0449012783E61346E0E58C6506083A
:1029F0004C230608F4210608142C060818A8FEF734
:102A0000B7FE002840F088801C9D1FAB18460D9330
:102A1000FEF7AEFE002840F08680DDE92231484A0C
:102A20000091002047491AF06DFEA38A4649CDE97E
:102A30000A35E37C0993A37C0893637C0793237C8A
:102A40000693E37B0593A37B0493637B0393237B30
:102A50000293E37A0193A37A0093637A227A0020A7
:102A60001AF050FEA38A009504F1100204F10C0143
:102A700004F10800FEF7A8FE054680460D98FEF713
:102A800077FE324B32499DF87FC09DF87EE09DF87D
:102A90007D209DF87C70002D08BF0B4600283ED09D
:102AA00000212C480D46CDE903ECCDE90515CDE913
:102AB000017200904246284900201AF023FEA38AA2
:102AC00026491A4600201AF01DFEA3682393E368E6
:102AD000249323692593A38AADF898301F225023AD
:102AE000CDE9212300230D9920938DF89A303046AB
:102AF0001B4B1F9302F032F964200BF0F1FABFF385
:102B00004F8F1849184BCA6802F4E0621343CB6038
:102B1000BFF34F8F00BFFDE744F6876575E7DDE93A
:102B200022150748BFE700230A4A194678E72E23F3
:102B30008DF87F3042F22E03ADF88030FFF777BB7F
:102B4000C01E0608DC240608142506081C220608F8
:102B50008C3606081422060878250608C8250608BB
:102B600054434C5900ED00E00400FA05014801F01F
:102B7000E9BE00BF792B040830B58BB004F020FD0E
:102B800000286DD000254389019582890092044672
:102B90002A46294604F056FDA3892BB920460BB0DE
:102BA000BDE8304004F012BD039562892D480690BF
:102BB00002231021ADF81020ADF814302A4A8DF808
:102BC000243003A802ABADF81210ADF808508DF810
:102BD0000A500792089303F03FFBA0891028DDD923
:102BE0004FF4801003906089ADF810001F480690E4
:102BF0001F4807900223102102AA03A8ADF8121063
:102C0000ADF81430ADF808508DF80A5008928DF8E0
:102C1000243003F021FBA0892028BFD94FF40012F3
:102C2000039202ABB4F80AC008930223114AADF82C
:102C300014308DF82430104BADF810C003A81021CB
:102C4000CDE90623ADF81210ADF808508DF80A5002
:102C500003F002FB20460BB0BDE8304004F0B6BCE8
:102C60000BB030BDC065060809001003B06506084A
:102C70000E001003A06506080F0010030346002095
:102C8000C3E90000C3E90200C3E90400002900F021
:102C900087802DE9F04F1646113A92B2EF2A83B0A1
:102CA000174603D80A78542A0C4605D001225A70D8
:102CB000184603B0BDE8F08F4A78432AF6D18A78E7
:102CC0004C2AF3D1CA78592AF0D10A89B242EDD1FF
:102CD0008A1912F8012C9046002AE7D10A7B502A63
:102CE000914601F1100A65D066D8302A62D078D8B2
:102CF000102A5FD0202A65D1102F6AD90A7F114689
:102D00009346627F8A4264D1182A03D0202A01D0D8
:102D1000102A5ED122699A6004F118003E4901939D
:102D2000042205461DF0BAF8019B002872D03B49E9
:102D3000042228461DF0B2F8019B002868D03849CB
:102D4000042228461DF0AAF8019B00285ED0042228
:102D5000344928461DF0A2F8019B00280CBF03222D
:102D60000022DA74A27F83F812B0002A4CD1E27FED
:102D7000FF2A42D0002A47D194F82020FF2A0CBF16
:102D8000032201221A75A6F122021A82213483F845
:102D9000009083F801805F80C3F804A0DC6087E7BF
:102DA00001225A7018467047022F12D90A8A1A81D6
:102DB0008A7C9A720024EAE7702A0ED0802AF3D027
:102DC000602AF7D040F2FF221A805F80C3F804A087
:102DD0006EE700244FF00308D9E700244FF0020803
:102DE000D5E7402AEED10D2FF3D90A699A608A6996
:102DF0001A618A8B4C699A82C9E794F82020002ACC
:102E00000CBF02220122BDE70122BBE70222A8E794
:102E10000122A6E70246A4E78826060890260608AF
:102E200098260608A02606082DE9F041084684B039
:102E30000C46002190460AF009FE00284FD00026DB
:102E400001230546009603AA314620460AF0FCFEFF
:102E50009DF80C300A2B42D1012D3AD0012319469E
:102E600000960DF10D0220460AF0EEFE9DF80D30A1
:102E7000402B4FD031D8012B35D8022D29D001233A
:102E800000960DF10E02022120460AF0DDFE9DF8AB
:102E90000E30062B23D89DF80D30012B14BF0323D1
:102EA00006239D42194614D901230DF10F020F4646
:102EB000009689B220460AF0C7FE9DF80F307A1CB2
:102EC0000D2B114636D0954201D9952AECD1942D7F
:102ED00005D8012004B0BDE8F081502B06D00220B7
:102EE00004B0BDE8F081363B032BF8D8022DF0D0BA
:102EF000002300930DF10F020123022120460AF066
:102F0000A3FE9DF80F300D2BE9D10323C8F8003044
:102F10000020E5E7042DDCD9012300960DF10F0216
:102F2000042120460AF090FE9DF80F300D2BD6D1DB
:102F30000523EBE7C8F800200020D1E72DE9F04198
:102F4000104C114DDFF85080104F114E86B028689C
:102F50004FF0FF33002221460BF04EFB0028F6D144
:102F60000C49A28801A800F09FF99DF8053020685F
:102F700001A91BB9D8F800203A60337000F072F84C
:102F8000E5E700BFE8250020C028002090260020AB
:102F90008C260020EE2500209426002000B54FF45A
:102FA000407183B0012001F0A7FE30B101461E48F8
:102FB00001F062FE1D4B186008B903B000BD00218E
:102FC00001F090FE4FF44071022001F095FE0146A1
:102FD000F0B1154801F050FE154B1860F0B9154AD4
:102FE00001939D2103200BF095FA104B124A0146E4
:102FF0001868116001F066FE019B0F4A186848B915
:103000000E4A0F48002103B05DF804EB0AF0EEBF52
:10301000074BE4E7116801F055FEF1E70121019348
:1030200001F060FE019BDAE7292E0408C828002081
:10303000C4280020F0650608C0280020CC650608DA
:103040003D2F0408024B034A1B680A331360704784
:103050009426002088260020014B00221A60704729
:1030600088260020002900F0C2802DE9F0434B782B
:103070008DB006460C46DBB90B78052B15D8DFE87A
:1030800003F03D038F83892A834B012200201A70AD
:1030900004F08CFE0A240D23032205A93046ADF866
:1030A00014408DF8163001F059FE0DB0BDE8F083E4
:1030B000042B14BF022101210D238DF815100A24C1
:1030C000032205A98DF814408DF8163001F046FE54
:1030D0000DB0BDE8F0830C7A04F072FA03460028C4
:1030E000D8D06E4A106818B103930AF0D3FF039B3F
:1030F000611CC9B2184604F09FFACBE704F060FAED
:103100000746002865D0238A9846002B61D0E368E3
:1031100099461B78202B4AD0302B00F0AF80627A82
:103120000392002A64D104F04BFA58B1039A438900
:103130000192818900910546114604F083FA2846E0
:1031400004F044FA544A002305931278D7F80A1081
:103150008DF81C20E0680691218A089005AC1020AB
:1031600001228DF81D30ADF82600ADF810300DEBC2
:1031700000032046ADF824108DF812200A938DF834
:103180002C2003F069F825E0012004F015FEFFF77C
:1031900059FF7FE7002004F00FFEFFF75DFF79E79E
:1031A0003D4B022201201A7004F000FE72E7647A9F
:1031B000002C54D104F004FA58B143890194828957
:1031C000009205462246214604F03CFA284604F0C7
:1031D000FDF905AC4FF00A0C0D23032221463046C1
:1031E000ADF814C08DF8163001F0B8FD5DE77047FA
:1031F00004F0E6F9039A0028EBD0541EE4B2054629
:103200002401002110224389CDE90021224604F047
:1032100019FA6B89ADF8183004AB0A9301238DF8C5
:103220002C301D4BADF8164005AC00214FF01002BC
:103230001B78CDF820902046ADF81410ADF81A2078
:103240008DF81D10ADF82480ADF82620ADF81010D3
:103250008DF812108DF81C3002F0FEFFBAE7621EE6
:10326000002110241201438992B2CDE9004104F0FB
:10327000E9F9384604F0AAF905ACABE7BFF34F8F84
:103280000749084BCA6802F4E0621343CB60BFF3FE
:103290004F8F00BFFDE700BF8C000020A437002047
:1032A00000ED00E00400FA050023C0E90033C0E9A6
:1032B0000233036131B1022A04D991F800C0BCF194
:1032C0000A0F02D001234370704701EB020C1CF877
:1032D00001CCBCF10D0FF5D170B591F801C0BCF176
:1032E000010F4FD9ACF1360C5FFA8CF31A2B12D8C0
:1032F000BCF11A0F0FD8DFE80CF041393D350E0E46
:103300000E0E0E0E120E0E0E0E0E0E0E0E0E0E0ED9
:103310000E0E0E0E290040F20723038070BD052A11
:1033200001F102064BD04FF0000ED51E0523714669
:103330007446F4460122037042704580466080F86E
:1033400008C04472C160A0F810E070BD8E1CD51E8C
:1033500006234FF0000E033A18BF0122714674464F
:10336000F446E8E78E1CD51E0423F2E78E1CD51E1A
:103370000223EEE78E1CD51E0323EAE78E1CD51E22
:103380000123E6E7032A01F10206A2F1030529D091
:10339000BCF1010F8C782BD0062C1ED8A2F1040EA4
:1033A000002C01F103011FFA8EFE14BF1822912296
:1033B00072452CBF0022012292000023BBE791F846
:1033C00002C04FF0000EBCF1070F13464FF002058C
:1033D0007146744604D87246ADE79E4619469C462F
:1033E0000322A8E71D469E4619461C469C46A2E7B6
:1033F00044B9062A0AD9A2F1070E06311FFA8EFE39
:103400008E22D5E79E461946032294E7214623469D
:10341000A64603228FE700BF2DE9F041084684B09D
:103420000C46002117460AF011FB002842D000216B
:103430000091012305460DF10A0220460AF004FC22
:103440009DF80A300A2B4FF0000137D07B2B31D189
:10345000012D2BD0012300910DF10B0219462046BE
:103460000AF0F2FB9DF80B30A3F13102082A02D9D1
:10347000403B052B1ED8022D18D04A2D2B4628BFC5
:103480004A23984602210023009303AA01230E46F3
:10349000204689B20AF0D8FB9DF80C30721C7D2BB7
:1034A000114622D09045EED8492D03D8012004B012
:1034B000BDE8F081022004B0BDE8F081022DF5D90D
:1034C0000091022303AA012120460AF0BDFB9DF8CA
:1034D0000C30462BEED19DF80D300A2B01D00D2B70
:1034E000E8D103233B600020E5E700203A6004B008
:1034F000BDE8F08130B50B4C0B4D87B028684FF01C
:10350000FF33002221460BF077F80028F6D101A8FE
:10351000A288064900F0FEFA206801A900F0A4F88C
:10352000ECE700BFCC280020682A0020D228002029
:1035300000B54FF4407183B0012001F0DDFB30B1E4
:1035400001461E4801F098FB1D4B186008B903B0F6
:1035500000BD002101F0C6FB4FF44071022001F0D4
:10356000CBFB0146F0B1154801F086FB154B186006
:10357000F0B9154A0193522103200AF0CBFF104BFA
:10358000124A01461868116001F09CFB019B0F4A2A
:10359000186848B90E4A0F48002103B05DF804EBE3
:1035A0000AF024BD074BE4E7116801F08BFBF1E75B
:1035B0000121019301F096FB019BDAE7193404081D
:1035C000702A00206C2A00202C660608682A002039
:1035D00008660608F53404082DE9F0418AB004466F
:1035E0008846174603F0ECFF002833D01B4E438972
:1035F000327800920546002104FB02F2019104F0AA
:1036000021F86A893378ADF81020154AADF81230E8
:1036100014FB03F48DF81E30124B10781B78ADF8B4
:103620000E40002102AC01228DF81F0003A8CDF846
:103630001880ADF80C108DF81510ADF81C70ADF8B1
:1036400008108DF80A1008948DF824208DF8143095
:1036500002F002FE0AB0BDE8F08100BF8D0000203C
:10366000742A00208E000020002958D04B78002BAF
:1036700055D130B50B78ADB00D46112B4DD8DFE8E4
:1036800013F01200A100990062004F0035011401EF
:10369000FC00F600F000E300DD00D7004C00C9009C
:1036A000C600BF004F0003F08BFF002800F015821A
:1036B000002382491493824AD0F80AC009788148CD
:1036C00012788DF858101790122140F2011014ACA6
:1036D0008DF85930ADF860108DF862308DF86320A8
:1036E00012AB01210222ADF8480020461993029343
:1036F000CDF854C08DF84A108DF8682002F0ACFD6A
:10370000029B704820211291224612210AF02EFBC2
:10371000BDF84810204603F0F5FD2DB030BD7047D0
:1037200003F04EFF04460028F7D00022438901929F
:1037300081890091114603F085FF20462DB0BDE838
:10374000304003F043BF03F03BFF04460028E4D0C1
:1037500000224389019281890091114603F072FF92
:10376000AB890022002BE8D0544914920978D4F890
:103770000AC08DF858105449CDF854C0DFF840C144
:10378000A86809789CF800C01790ADF860308DF8F3
:103790006210012312A914A88DF859208DF863C076
:1037A000ADF848208DF84A3019918DF8683002F054
:1037B00053FDB2E70A8A287AC9682DB0BDE83040C7
:1037C000FFF70ABF03F0FCFE044658B10322438909
:1037D0000192818900910022114603F033FF2046B7
:1037E00003F0F4FE20211291384812AB14AA1821DC
:1037F0000AF0BCFABDF8481014A803F083FD8CE76A
:10380000334903222DB0BDE8304001F0A7BA314959
:103810000F22F7E70C7A03F0D3FE00283FF47DAFC8
:103820002D4A4389125D019281890446002280E776
:103830002A7A2A49224B8A5C1A706EE72A7A28492A
:10384000214B8A5C1A7068E74B89B3F5165F14BF89
:103850004FF4E1304FF416502DB0BDE8304002F087
:10386000AFBD2A7A1F49154B8A5C1A7055E7087A52
:103870002DB0BDE8304003F06DBD0C7A03F0A0FE22
:10388000034600283FF449AF174A1068002C00F0A7
:10389000278118B102930AF0FDFB029B21461846CE
:1038A0002DB0BDE8304003F0C7BE087A082800F00C
:1038B0000D812DB0BDE8304000F0A0BA8E00002090
:1038C000742A0020686606088D0000204C660608F1
:1038D0007C66060888660608446606088066060850
:1038E0008466060848660608A43700200624804837
:1038F000079407AB08AA09210AF038FA7D48079413
:1039000007AB0AAA09210AF031FA7B48079407ABF2
:103910000CAA09210AF02AFA7848079407AB0EAAE4
:1039200009210AF023FA7648079407AB10AA092167
:103930000AF01CFA02247348079407AB05AA032176
:103940000AF014FA07AB06AA03216F4807940AF09D
:103950000DFA2B7AD5F80CC0298A0022CDE9122263
:10396000002B44D10A297FF6D8AEDDE90801624672
:103970001490ADF85410DDE90A0112F801EB8DF84E
:1039800056E01A90ADF86C10DCF80110CDF86E100E
:10399000DDE90C0192F804E0BDF8142020908DF8C8
:1039A00072E0ADF87320ADF88410DCF80610CDF8A5
:1039B00086109CF80AC055488DF88AC00D21ADF8D4
:1039C0004C10ADF88B20129012AC14A92046039134
:1039D00030F8022B02930446D8B2FFF7FDFD029B9C
:1039E00003990133032B01F11801EFD195E6132957
:1039F0007FF693AEDDE90E011490ADF854109CF8FB
:103A000002104FF02E0E1346BCF80020ADF85620E1
:103A10008DF858108DF859E0DDE90A01BCF8032053
:103A2000ADF85A20BDF818201A90ADF86C10ADF81A
:103A30005C20DCF80510CDF86E10DDE90C019CF877
:103A40000940ADF88410BDF814108DF87240ADF83F
:103A500073102090DCF80A00CDF886009CF80E0068
:103A6000ADF88B102A498DF88A001291DDE910011A
:103A7000ADF89C100D212690ADF84C10BCF80F103D
:103A80009CF811008DF8A000ADF89E108DF8A1E013
:103A9000BCF81210ADF8A210ADF8A42012AC14A915
:103AA0002046039130F8022B02930446D8B2FFF768
:103AB00093FD029B03990133032B01F11801EFD110
:103AC0000E2226A91846FFF787FD26E6098AE86830
:103AD0002DB0BDE8304003F015BC12AB14AC10E6BD
:103AE00000283FF41AAE2DB0BDE830400AF0E2BA2B
:103AF0001827060824270608302706083C2706084A
:103B000048270608542706085827060807000D000E
:103B10000E000D000023C0E90033C0E90233036149
:103B200089B3022A2FD991F800C0BCF10A0F2DD019
:103B3000BCF17B0F27D18B1813F8013C7D2B22D1D0
:103B400091F801C0ACF13103DBB2142B00F2DD803F
:103B500030B5DFF8A4E21EF80330122B28D0A2F112
:103B6000030EBCF1410F1FFA8EF501F1020E00F0B9
:103B7000BF80A3F10A0CBCF1050F4FD8DFE80CF0B1
:103B8000444E303A261C012343707047032AFAD171
:103B90004A78462A04D002231222027043707047EA
:103BA0008A780A2A00F0AF800D2AF4D11122F4E7B6
:103BB00040F21223038030BD032A00F0B38040F2AC
:103BC0000F1303804580C0F804E030BD042A00F0E4
:103BD000CE804FF4877303804580C0F804E030BD89
:103BE000042A00F0A4804FF4867303804580C0F857
:103BF00004E030BD042A00F0BE8040F20D130380C3
:103C00004580C0F804E030BD062A00F09F804FF4E4
:103C1000857303804580C0F804E030BD082B00F2B6
:103C2000E880DFE803F00505533E05422E2312002D
:103C3000012D94BF002101218900002203704170F1
:103C40004580C0F804E0028230BD032A3BD091F8E1
:103C500002C0ACF131010429ACF1300C94BF002159
:103C60000121002280F808C08900E7E7032A2AD052
:103C70008A78082A03D9303AD2B2082A23D80272A5
:103C80000CE0032A1FD08C78A4F1300C5FFA8CFC76
:103C9000BCF1070F00F28B8080F808C000221146AB
:103CA000CCE7C0F808E08581F8E7032A0BD091F84B
:103CB00002C0ACF1300C5FFA8CFCBCF1010F80F853
:103CC00008C040F2838000220421B7E7032AFAD01B
:103CD00091F802C0ACF1310C5FFA8CFCBCF1050F1D
:103CE000F1D80331C16080F808C0043A0021A5E78B
:103CF000042A0ED0052A42D001220370427045806A
:103D0000C0F804E030BD102247E740F212230380E0
:103D100070478B780372022B94BF002301239A0013
:103D20000B23EAE70F230370C0F804E030BD8A7864
:103D30000C21032A94BF002301239B00027201225D
:103D4000017043704280C0F804E030BD8A78B1F859
:103D50000330027259BA012A41811DD904230A2174
:103D60000322017043704280C0F804E030BD8A78BD
:103D70000E21022ADEE78A780D21022ADAE78B7803
:103D8000A3F13102022AA3F1300194BF00220122E3
:103D9000017292000923B0E748F22502934204D051
:103DA000C23B18BF01239B00D9E70023D7E7382C7B
:103DB00089D1043A033192B2C160B2FA82F1490961
:103DC0004FF0080C890080F808C037E70331043A47
:103DD000C16092B2BCF1000F05D0132A8CBF002144
:103DE000012189002AE70A2A8CBF002101218900CC
:103DF00024E70022022121E798660608072800D957
:103E0000704710B50B4A52F820208CB0282310467A
:103E100014460193FCF7ACFC01AB014602AA204614
:103E200009F0A4FFBDF8041002A803F06BFA0CB06F
:103E300010BD00BFB0660608F0B5084685B00D4657
:103E40000021174609F002FE88B30024012306462C
:103E500000940DF10D022146284609F0F5FE9DF86B
:103E60000D30FF2B23D1012E24D0012319460094BD
:103E70000DF10E02284609F0E7FE9DF80E10062906
:103E800015D9FE2913D0B14214D801390123009469
:103E900089B228460DF10F0209F0D6FE9DF80F30C9
:103EA000FF2B04D19DF80E303B60204600E002203D
:103EB00005B0F0BD012005B0F0BD00BF30B50B4C22
:103EC0000B4D87B028684FF0FF33002221460AF0DF
:103ED00093FB0028F6D101A8A288064900F0DAF980
:103EE000206801A900F05EF8ECE700BF782A002006
:103EF000E82E00207E2A002000B54FF4407183B0E8
:103F0000012000F0F9FE30B101461F4800F0B4FE78
:103F10001E4B186008B903B000BD002100F0E2FE9E
:103F20004FF44071022000F0E7FE0146F8B1164858
:103F300000F0A2FE164B1860F8B9164A019340F241
:103F4000071103200AF0E6FA104B134A01461868DD
:103F5000116000F0B7FE019B0F4A186848B90F4A7C
:103F60000F48002103B05DF804EB0AF03FB8084B9E
:103F7000E3E7116800F0A6FEF1E70121019300F0EC
:103F8000B1FE019BD9E700BF393E0408F02E0020A6
:103F9000EC2E0020F4660608E82E0020D066060805
:103FA000BD3E040889B34B787BBB2DE9F0410B780B
:103FB000C6B080460C46102B24D8DFE813F08700EB
:103FC00027002700270027002700270027002700B9
:103FD000EE00D100C100B60017010B011101110064
:103FE000A24BA34A1B7883F0400106928DF81C3047
:103FF0008DF81D10FF234046072206A98DF81E30BC
:1040000000F0ACFE46B0BDE8F0817047097A994EE9
:10401000228A01EB4101002006EBC10346F8310082
:10402000C3E90100C3E90400D8600546207AE168CD
:10403000182A134600EB400028BF18231A4606EB47
:10404000C0001F461BF0ADFF8B4A237A0397D7545D
:1040500003F0B6FA07460028D4D043890195227AA6
:10406000102512010021009503F0ECFA384603F008
:10407000ADFA7A89ADF81C2005AA237A03990B9230
:104080000122ADF828108DF830204FF010017B4A46
:10409000ADF81E104FF00000ADF82A1003EB4301FD
:1040A00004461278ADF814008DF816008DF8210042
:1040B0001B0106EBC10106A8ADF81A308DF82020CF
:1040C0000991ADF8184002F0C7F89BE703F078FAC1
:1040D0000546002896D000224389019281890091EB
:1040E000114603F0AFFAA189002200296CD0069294
:1040F000D5F80A300793614BA0681B788DF8203003
:10410000102405AB0990ADF8281006A801218DF800
:104110002120ADF82A40ADF814208DF816100B932D
:104120008DF8301002F098F86CE70B7A4F4A181EA1
:1041300018BF0120137046B0BDE8F04103F03CBE4B
:104140000B7A4F4C4D4A2370002B0DBF01210221E9
:1041500001200020117046B0BDE8F04103F026BEFA
:10416000484B0C7A1C7003F02BFA034600283FF4EE
:1041700049AF454A1068002C70D018B1039309F07C
:1041800089FF039B611C4909012938BF0121184699
:1041900046B0BDE8F04103F04FBAC02200213548D7
:1041A0001BF0A5FE344B0024C3E9004403F008FAD9
:1041B000054600283FF426AF438901948289009286
:1041C0002146224603F03EFA284646B0BDE8F041BB
:1041D00003F0FCB92B4B2D4A1B7883F04E0104E70A
:1041E000274B2B4A1B7883F04101FEE6214AA1218F
:1041F00041F2FF63ADF818304FF0FF338DF82D30EA
:10420000204B8DF81A101B788DF81B300D46164682
:104210000FCA07AF87E80F00DDE906737B40089FF0
:104220007B40099F7B400A9F7B40C3F3072CC3F36D
:10423000074E83EA0C0C8CEA0E0C8CEA13631622F0
:1042400006A940468DF82C3000F088FD6B1CDBB2CF
:10425000A92B194606F11802CAD1D3E600283FF46B
:10426000D1AE46B0BDE8F04109F024BFF42E0020E5
:10427000FF07B800002F0020F82E00208F0000203C
:10428000F52E002090000020A4370020FF07B60084
:10429000FF07B9000023C0E90033C0E9023303611E
:1042A00000296FD0A2F1070CBCF1F80F6AD891F881
:1042B00000C0BCF1FF0F65D101EB020C1CF801CC72
:1042C000BCF1FF0F5ED191F801C094455AD1072A85
:1042D000F0B5A2F1020600F0958026F0030427460F
:1042E0008C460C195CF804EB64458EEA0303F9D1A3
:1042F000C3F3072C83EA0C0CC3F3074E8CEA0E0CB5
:104300008CEA136CBE425FFA8CFC3B4634D0B40896
:1043100011F824E08CEA0E0C07F1010E1FFA8EFE54
:104320000EF10204A24227D911F80EE08CEA0E0C1D
:1043300007F1020E1FFA8EFE0EF10204A2421BD9F3
:1043400011F80EE08CEA0E0C07F1030E1FFA8EFE38
:104350000EF10204A2420FD911F80EE004339BB211
:104360008CEA0E0C03F1020E724588BFCB5C5FFA3B
:104370008CFC88BF8CEA030C8B5D634505D003235E
:104380004370F0BD0123437070478B7883F0800346
:10439000392B33D8DFF8A4C01CF803E0BEF1110FAD
:1043A0002CD0931F0EF1FF3C0D1D9BB2BCF10F0FE3
:1043B00041D8DFE80CF00808080808080808181EAB
:1043C0001E1E18181818182B94BF0022012280F8FE
:1043D00008C0C5609200194680F800E04270438032
:1043E00045600182F0BD073A18BF0122920000210A
:1043F000F2E7072A0FD000210422EDE740F2112353
:104400000380F0BD91F802E08CEA0E0C6FEA0C0C10
:104410004FF0030EA0E70A790272AEF10B010129F9
:1044200002D900210A46D7E7012A94BF00220122BF
:1044300092000021D0E785608381F2E70C670608CF
:1044400038B50024254608E084F00104224619F01E
:10445000C3FE4FF4FA7009F043FE19F0F7FE19F0AD
:10446000F9FE3C2D4FF009014FF0030005F1010565
:10447000EAD119F0C1FF84F001040022012119F0F2
:10448000BFFF09212246032019F0A6FE4FF4FA705F
:1044900009F026FE19F0DAFE19F0DCFEE9E700BFAC
:1044A0002DE9F043BDB003F095FE09F09BFA19F039
:1044B000CDFE19F0CFFEB748B74DFDF7FFF901F07B
:1044C00063F803F07DF8B5490446002019F01AF9A5
:1044D000B348B449B44BAF4ACDE90010B34900200A
:1044E00019F010F9CDE90055B1492B462A460020B4
:1044F00019F008F9002C00F0DF81206AA67B6289A0
:10450000A3890296002808BF2846657AA949CDE903
:104510000005002019F0F6F8A58A63792279049540
:10452000658A0395257A0295E5790195A479A249D2
:104530000094002019F0E6F8A04BA14AA149003BE5
:1045400018BF0123003A18BF0122002019F0DAF841
:1045500014A801F0B1FDF8B10520DDF850909DF8E8
:1045600054509DF855609DF856709DF85780169CE4
:1045700003F0F4FC034620B103681B680BB19847B5
:104580000346CDE90343CDE901788F4900962B46D8
:104590004A46002019F0B6F81CAF3846FDF7E8F897
:1045A000002840F06181209A9DF876300B921F9A86
:1045B00004930A929DF875309DF87B20039309922D
:1045C0009DF874309DF87A20029308929DF873301C
:1045D0009DF879209DF87710019307929DF872302D
:1045E0009DF878200591009306929DF871309DF812
:1045F0007020764919F086F824AEFCF71FFF0446B8
:10460000FCF7F4FC0546FCF765FF8046FCF7C2FFAB
:104610002B462246CDE900806D49002019F072F842
:1046200002F0CEFF05465B4B6A4A202114A81BF01E
:104630002DFB2B6A684A2021384600241BF026FBFC
:10464000664A009714AB602130461BF01FFB6B8954
:104650000194AA89009221462246284602F0F2FFE0
:10466000D5F80A3085F825404FF002083046CDE9EC
:104670000D43ADF83C801096FCF77AF8584BADF836
:1046800044001B68ADF830301B0C0DA88DF832309B
:104690000CAB12938DF84C80ADF8464001F0DCFD78
:1046A00041F2883009F01CFD6B890194AA890092BF
:1046B00028462246214602F0C5FF202285F82540E3
:1046C000214625A81BF013FC464924914FF40073A2
:1046D000324629932146082343482A9309F086FC51
:1046E000424A4348214609F081FC424A4248214659
:1046F00009F07CFC414A4248214609F077FC414AD6
:104700004148214609F072FC404A4148214609F0DF
:104710006DFCFCF75BFBFCF7E1FAFCF7FFFA40F6F7
:10472000C41009F0DDFC3846FDF722F8394905468A
:10473000204618F0E7FF042000F094FB002800F06A
:10474000B2804378012B00F0AC80334EFCF776FE4C
:104750000446072000F086FB002800F0A68043787E
:10476000012B00F09C802C4FFCF7B4FE2B490190EC
:10477000009723463246002018F0C4FF082000F0BE
:1047800071FB002800F093804378012B00F08580B6
:10479000214F45E058280608AC2106086428060881
:1047A000D4280608E4280608A4280608B028060825
:1047B000F02806082829060864290608817B0408D1
:1047C00000000000F82906083C2A06088C2A060882
:1047D000302B0608B82B0608C02B0608C82B060885
:1047E000B01D0608D02B060841440408C46306081F
:1047F000F90F04087C630608F50E0408A464060893
:104800004514040850640608E1140408FC63060813
:10481000C5150408E02B060850280608182C0608C1
:10482000FCF7B8FE0446FCF7BBFE0646022000F08B
:1048300019FB00283DD04378012B2BD0DFF8A08056
:10484000FCF7D4FB1F490096CDE9018023463A4688
:10485000002018F057FFB5B11B49002018F052FF97
:1048600000F078F809F036FC24AE3046FCF77AFF09
:10487000DDE933321549CDE900320020DDE924239A
:1048800018F040FFB9E6DDE91F231149284618F06A
:1048900039FFE1E7DFF83C80D2E70E4FC0E70D4F6C
:1048A00062E70C4E52E70C4E50E70B4F5CE70A4FA5
:1048B000B6E7DFF82480C3E70849204618F022FF56
:1048C0003AE600BF502C0608CC2C0608E42A06085D
:1048D0008C2C06084C28060848280608B02906082B
:1048E0005028060800B58BB02022002102A81BF03A
:1048F000FEFA2823084901914FF40062CDE906230E
:1049000009F00AFB002101AA044809F06FFB09F035
:1049100015FB0BB000BD00BF4C2D0608A1440408D8
:1049200082B00190019BFEE74FF0500383F31188A2
:10493000BFF36F8FBFF34F8FFEE700BF18F058BF74
:1049400018F06ABF024B1A6802B1704718607047CE
:10495000C02F0020154B1B6803B1184700B58BB062
:104960000393019302F02CFE4289ADF8102002F06F
:1049700027FE0F4AB0F80CC00E48019BADF812C0DC
:1049800003214FF0010CADF81410069202A9022287
:10499000079003A8ADF809308DF808C008918DF88C
:1049A000242001F059FC0BB000BD00BFC02F002037
:1049B000582D06081900000300B50F4A8BB00421DA
:1049C000202009F0A7FD0D4B2022C3F89001002103
:1049D00002A81BF08CFA0A4901914FF4806C18234D
:1049E00001AA00210748CDE906C309F0FFFA064BEA
:1049F00018600BB000BD00BF60670608D02F002014
:104A0000742D06080D4A0408CC2F00202DE9F04F24
:104A100089B00023DFF85CB207938DF81730DBF81C
:104A200090014FF0FF33002206A909F0E5FD0028B0
:104A3000F5D1069B002BF2D01A78082AEFD802F1A4
:104A40006E015BF821108B42E9D1DBF80040002CAD
:104A5000E5D00BEB8202D2F894A1204608F0A8FF23
:104A6000631E01211C4001FA00F313EA0A0F5FD014
:104A70000BEB8003D3F80480B8F1000F58D068B175
:104A8000002301FA03F212EA0A0F04D0734A52F823
:104A9000232042454CD001339842F2D1404608F0E1
:104AA000C7FF0021404608F0D1FF00287CD0074610
:104AB0004FF040090394DBF80040002C34D0002371
:104AC000CDE901330126009702E0631E1C4024D08B
:104AD000204608F06DFF06FA00F313EA0A0F0546B8
:104AE0000BEB8002F1D053684345EED1D2F884300D
:104AF0001A4617460DF11703002AE6D0069807AAB2
:104B00004146B8470328E0D8DFE800F01C150255FD
:104B100001230293631E1C40DAD1DDE90073002BF0
:104B200067D1029B002B58D14046039C08F088FFB8
:104B3000002C92D173E7631E1C4000F08A80012391
:104B40000193C5E7079A009F40F214439A4242D866
:104B5000BA424ED80023424992B2404609F00EF8BC
:104B600000210446404608F071FF079B9C4207461F
:104B700059D021460022404609F0CAF8002140469B
:104B800008F064FF0746374B4FF000021A70002F01
:104B9000CAD009F1FF3313F0FF098CD14A46012135
:104BA0004046039C09F0B4F8404608F049FF002C49
:104BB0007FF453AF33E70799009F40F214439942C3
:104BC00009D8B94215D889B20022404609F0A0F8A8
:104BD000381A87B2D7E7019B5BB9224B4FF000022E
:104BE0001A7001210022404609F092F8381A87B263
:104BF000CDE7039CB94609F0F1F91A4B1B78FBB1DC
:104C0000194B1B884B451BD3184B1B68C01AB0F5BA
:104C1000FA7FC9D900220121404609F079F8114AEA
:104C200000231370C0E71249069A0A600BEB850552
:104C30000023D5F804018C801A4609F0A9FCA2E7EC
:104C40000A4B084A1860084BA3F800900123137020
:104C5000AAE7DDF80090039CCDE700BFD42F002029
:104C6000B2310020CA2F0020C82F0020C42F0020FE
:104C7000AC310020D02F0020F1B1114A1368DB4382
:104C800001D11846704710B582B00446184601910C
:104C900008F08EFE0A4A01231168834041EA030CA2
:104CA000C2F800C0019902EB800C1846CCF8041041
:104CB000CCF8844002B010BD0B461846704700BFC8
:104CC000D02F002058B110B50C4608F071FE1F28F7
:104CD00004D8034B03EB8003C3F8044110BD7047B5
:104CE000D02F0020034B643103EB81035A68024349
:104CF0005A607047D02F0020022826D8144A00F1AD
:104D0000600302EB830253680BB118467047114BE6
:104D100053F82030CBB130B583B00C460092054635
:104D2000984770B18188A1420BD30B49019051F88B
:104D3000251008F06DFEDDE900231846536003B02E
:104D400030BD0023184603B030BD0023DDE700BFAF
:104D5000D02F00205467060848670608D0B110B568
:104D6000D0F804E0BEF1000F11D090F800C0BCF103
:104D7000080F0CD8094C0CF16E0C54F82CC060458F
:104D800005D1DEF8003013B1BDE8104018474FF0F0
:104D9000FF3010BD4FF0FF30704700BFD02F002014
:104DA0002DE9F04F294FA5B0D7F890310390002B93
:104DB0003BD003780DF1100B07EB8303CDE9011213
:104DC000584680220021D3F894811BF090F83D686A
:104DD00015B300264FF00109284608F0E9FD09FA4D
:104DE00000F36A1E13EA080F05EA020512D007EB6A
:104DF0008000446874B1B246D6B15B464FEA860A79
:104E00000BEB860101E0994212D01A68A24203F12D
:104E10000403F8D1002DDFD100F05CFBD7F890013E
:104E20002B462A4603A909F0B3FB25B0BDE8F08F55
:104E3000EA44DDE90112E3682046013608F032FE5B
:104E4000F6B2CAF81040002DC6D1E5E7D02F0020F9
:104E5000082803D8024B6E3043F82010704700BF7B
:104E6000D02F002008289DBF6E30024B53F8200041
:104E700000207047D02F002000B58BB020220021E9
:104E800002A81BF034F8084901914FF4806C2823E4
:104E900001AA00210548CDE906C309F0A7F8044B93
:104EA00018600BB000BD00BFC82D0608B54E040841
:104EB0009C3700202DE9F04FB5B002F081FBB04CDB
:104EC000B04DB14F06460DF190080DF1380A0023A0
:104ED00023702B70032003F041F86421002800F0B8
:104EE000808203685B68002B00F07B829847002873
:104EF00000F0778201232B70002E00F0A482336A29
:104F0000002B08BF3B464FF00009A04A0093402108
:104F10009F4B40461AF0BAFE7389CDF80490B189D0
:104F200000914A464946304602F08CFBCDF83C9051
:104F3000D6F80A3010934FF0020B4046CDF8488067
:104F4000ADF844B0FBF714FC40F20113ADF84C008F
:104F50000FA88DF854B0ADF84E908DF83A90CDF87A
:104F600050A0ADF8383001F077F9032002F0F6FFD9
:104F70006421002800F03A8203685B68002B00F08F
:104F800035829847002800F031820122738901920E
:104F9000B289009200223046114602F053FB30469F
:104FA00002F014FB032002F0D9FF6421002800F076
:104FB000228203685B68002B00F01D82984700285E
:104FC00000F01982022273890192B28900920022B4
:104FD0003046114602F036FB304602F0F7FA032065
:104FE00002F0BCFF6421002800F00A8203685B68BD
:104FF000002B00F005829847002800F00182032270
:1050000073890192B289009200223046114602F063
:1050100019FB304602F0DAFA032002F09FFF642108
:10502000002800F0F28103685B68002B00F0ED813E
:105030009847002800F0E981072273890192B2891C
:10504000009200223046114602F0FCFA304602F08F
:10505000BDFA032002F082FF6421002800F0DA810B
:1050600003685B68002B00F0D5819847002800F0AA
:10507000D181042273890192B289009200223046C4
:10508000114602F0DFFA304602F0A0FA032002F0E7
:1050900065FF6421002800F0C28103685B68002B73
:1050A00000F0BD819847002800F0B981052273897E
:1050B0000192B289009200223046114602F0C2FAF3
:1050C000304602F083FA032002F048FF64210028F2
:1050D00000F0AA8103685B68002B00F0A581984767
:1050E000002800F0A181062273890192B289009202
:1050F00000223046114602F0A5FA304602F066FA68
:10510000032002F02BFF6421002800F09281036845
:105110005B68002B00F08D819847002800F08981A2
:105120004FF000097389CDF80490B2890092494686
:105130004A46304602F086FAD6F80A301793154BE5
:1051400019930CAB1B930223ADF860308DF87030CF
:105150001F231A9316A840F20113ADF83030CDF892
:1051600058908DF8329001F077F8484602F01EFE14
:10517000012002F021FE304602F028FA0CE000BFC8
:105180009937002098370020D82D0608182E0608D9
:1051900058280608442E0608032002F0DFFE64218A
:1051A000002800F04B8103685B68002B00F046810B
:1051B0009847002800F042814FF000097389CDF82C
:1051C0000490B289009249464A46304602F03AFAC3
:1051D000D6F80A301E93A24B20930DAB22930223E4
:1051E000ADF87C308DF88C301F2321931DA840F240
:1051F0000113ADF83430CDF874908DF8369001F08D
:105200002BF8012002F0D2FD484602F0D5FD3046D1
:1052100002F0DCF9032002F0A1FE6421002800F076
:10522000148103685B68002B00F00F819847002809
:1052300000F00B818B4B03901868DFF84CB208F03C
:1052400029FF00250821304602F0F6F973890195FF
:10525000B18900912A462946304602F0F3F93046DA
:1052600002F0B4F97389B289D44637461021384622
:105270008B42A9467C4F4FF6FF7A054601D38A42FE
:1052800009D27A498F4200F0E58017F8011F8B425E
:10529000F7D38A42F5D3764BCDF8249013F8093032
:1052A0000893744B04930691E9230A97CDF814C030
:1052B0000B95DF2B8DF83C3000F203814FF000039B
:1052C00001268DF83D30374600238DF83E304FF0F3
:1052D00000038DF83F3002F073F9B0F80A90858929
:1052E0000095002211464B460192029002F0AAF965
:1052F000069AB5FBF2F5EDB2012DB9FBF2F2D2B28E
:1053000038BF0125012A029B38BF012205FB02F2AA
:105310004FF0000183F8251002F1FF3900250792B4
:1053200009F1FF390BEB05003A460FA91FFA89F97D
:105330001AF037FE7319D1459DB2F1D100232493A1
:105340004D4B0599079A1B68029D16FB02F6D5F88E
:105350000A200B801B0C8DF83A30069B8DF8A2308A
:10536000089B8DF8A3300723ADF898300EAB05935A
:1053700029934046022325928DF8A830ADF8A0600D
:10538000CDF89CB000F068FF284602F01FF90398A2
:1053900002F00CFD40F6B836642E4FF0030035469F
:1053A00028BF642502F0DAFD00286FD003685B682F
:1053B0002946002B6AD09847002867D0294B1868E7
:1053C00008F078FE00F0C2FFBFF34F8F2B492C4B43
:1053D000CA6802F4E0621343CB60BFF34F8F00BF93
:1053E000FDE72378002B3FF475AD70E52378002BA3
:1053F0003FF4BBAD6BE52378002B3FF4D3AD66E5FE
:105400002378002B3FF4EBAD61E52378002B3FF4CC
:1054100003AE5CE52378002B3FF41BAE57E5237801
:10542000002B3FF433AE52E52378002B3FF44BAE14
:105430004DE52378002B3FF463AE48E52378002B3D
:105440003FF4AAAE43E50F4B5DE52378002B3FF414
:10545000E1AE3CE509F101012F4601F0030505E746
:10546000242E0608A43700207C6706087E670608FD
:1054700078670608E02D0608B41D060800ED00E078
:105480000400FA05D82D06089836002023780BB9B9
:10549000761B81D12378002B90D1049A039B3A4448
:1054A00083F00103DBB2039313780492002B7FF4A3
:1054B00000AF0B9DDDF814C06B89AA89DDE909975F
:1054C000DFE6049A53788DF83D300326937837460B
:1054D000FBE600BF014B01221A707047993700208C
:1054E00008B5042002F03AFD034620B103681B68AA
:1054F0000BB198470346074A0520137002F02EFDB2
:10550000034620B103681B680BB198470346024A63
:10551000137008BDA1370020A037002008B504484B
:1055200002F046FD4FF47A7008F0DAFDF7E700BFAD
:10553000A837002000B58BB002F042F801460E48B3
:1055400002F016FD0C480822042102F01FFD202263
:10555000002102A81AF0CBFC084901914FF4007C0D
:10556000082301AA00210648CDE906C308F03EFD44
:10557000044B18600BB000BDA8370020882E060829
:105580001D550408A437002000B589B003A8FCF716
:10559000EFF8E0B99DF80D209DF80C309DF80E1045
:1055A00013439DF80F200B43134310D0069B4FF677
:1055B000FE72013B93420AD805AA04A903A818F079
:1055C000EFFEBDF81800FBF70BFD09B000BD44F677
:1055D00087630093084A0949094842F23853FCF7A7
:1055E000F3F8054A0549064818F0DAFE42F2385049
:1055F000FBF7F6FC09B000BD806706088467060863
:105600008867060830B51C46037A15464268B3B170
:1056100003EB830C02EB4C03944603E00CF10A0C01
:105620009C450CD09CF800E08E45F7D19CF801E039
:10563000AE45F3D19CF802E0A645EFD16246039B4C
:1056400093F800C035B35C78807CCB1DDB1001FB88
:1056500003F358B3BE21ACF1810001FB00F0210639
:105660004CBF413C403C204492F90640918892F95D
:1056700007C000FB03F32144C3F30320B2F9084041
:10568000604401EB133200EB021054FA83F303EB96
:10569000002030BD4B08447C0733DB1001FB03F3D3
:1056A0006046002CE0D1ACF12000DDE7ACF1A100B8
:1056B0005E21A13C01FB0040D6E700BF00B50C4ACB
:1056C0008388014683B0106823B1B1F806C0BCF1ED
:1056D000000F02D14389B0F80CC00A7A01924A88BF
:1056E0000988CDF800C001F0ADFF03B000BD00BFD8
:1056F000BC3A00208388B3B1B0F806C0BCF1000FFB
:1057000011D0C2687AB100B585B001460192064851
:105710000A7A006802924A880988CDF800C001F030
:10572000C7FF05B000BD7047BC3A002008B501F0C6
:1057300047FF144B186003F059F9134A1060F0B199
:10574000026803469AB112698AB19047A0F50053E6
:105750000E4A0520136002F001FC60B103681B686B
:105760004BB1984738B10A4B0A4A1A6008BD5B68CA
:10577000A3F50053ECE7064B074A1A6008BD074B38
:10578000E6E700BFBC3A0020B83A0020B43A002057
:105790009400002098670608AC67060800E0FFFF49
:1057A000C368002B00F09C81018A002900F09881D9
:1057B0008288002A00F09481C288002A00F090813B
:1057C0002DE9F04F027E04464088022AA1B08246AD
:1057D00000F08781B1F5807F0A463F4828BF4FF42B
:1057E0008072194604921AF0DCFB6069A57C049A69
:1057F000002800F09F8390F802E0002D00F08881DF
:10580000354EAB46BEF1000F00F0368200238146D4
:105810009E4619466F08A846304610F803C0BCF1F2
:105820000A0F00F0EA81ACF120065F2E00F2F2814F
:1058300001339BB2BC46A5880EEB0C06AE4240F38A
:1058400003821F2900F2D6810DEB41060131A6F833
:1058500040E0C9B2E6469342DFD345461F29484699
:1058600000F2C8810DEB41032688A3F840E04B1CF1
:10587000DBB20A93B646D0B113FB0BF39BB246786A
:10588000012E00F0AD83022E0AD1B4F806C00CEB55
:105890000A06F61A5746B6B29C4588BF3746BA463E
:1058A0000378012B00F0AB83022B00F09282002AD8
:1058B00000F0A0816B0807930733DB10064E13FB43
:1058C0000BF30D930023CDE90B51CDE9042606938C
:1058D0001D46764671E000BFB4390020079AB4F83F
:1058E00004C0B218624508922BDD6269002A00F0FC
:1058F00018839078002800F01483069812780130FD
:105900000AEB0B06C0B2012A1FFA86FA0690268817
:1059100000F03783022A0DD10CEB06020A9F0C9E81
:10592000B84234BF014631460DEB4101B1F8401099
:10593000521A96B2E288524540F25C81079AB21838
:1059400008928DF83C30A34B1F68A7B13B6893B118
:105950005B6809937BB1A04B0B9918680FAB009360
:10596000E37C0022FFF74EFE9C4ABDF8343001462E
:105970003846099FB8470023DDF81C900193984BE7
:10598000CDF800B0186831464B46524601F05AFE39
:1059900093490868CDF800B0237A02938F4B0193A6
:1059A00031464B46524601F083FE0135BDF820607A
:1059B000ADB2049B9D4280F01D81059B5B5D0A2B6F
:1059C00000F0BE82A3F120025F2A87D904996A1CE5
:1059D0008A4280F2928203F17F01C9B27D2900F2EE
:1059E0008C82059911F802E0AEF14001C9B2BE29DE
:1059F00000F28382BEF17F0F00F07F820B99B4F832
:105A00000480711841452DDD6169002900F0118382
:105A100091F802C0BCF1000F00F00B83069E0978DC
:105A20000AEB0B0C0136F6B21FFA8CF70129069629
:105A3000BA46268800F0088302290FD10C980A9FE5
:105A400008EB0602069EBE4234BF3146014620A83E
:105A500000EB410131F8401C521A96B2E2885245DF
:105A600040F2C8808DF83C305A4B8DF83DE01F68FD
:105A7000D7B13B68C3B15B680893ABB1564BDDF857
:105A80002C8018680FAB0093E37C01224146FFF79E
:105A9000B9FD08F10703DB1013FB0BF301464F4A76
:105AA00038469BB2089FB8474D4FCDF800B0002351
:105AB0000193314638685B46524601F0C3FD3868B1
:105AC000CDF800B0237A0293444B019331465B46F4
:105AD00052465E44023501F0EBFDB6B2ADB268E766
:105AE00070474FF480721846109210AB3D4A08F090
:105AF0003DF96069BDF84020A57C002874D090F87D
:105B000002E02DB1AB46002A00F08482354E79E6E2
:105B1000314B1B68197C002900F08582A588DB6861
:105B2000002DAB4608BF4FF0FF351FFA85F8E5881A
:105B30000695BEF1000F00F0F88059180591002A73
:105B400000F0318208909C467046099496469CF875
:105B50000040002C00F0A481224907910125E14674
:105B600000238446002624FA05F7049400201D4AE9
:105B7000915D0A2900F03581A1F12002741C5F2A91
:105B8000A4B200F23A813A469918414540F3958112
:105B90000135ADB2402D00F25B819045C0F05881D7
:105BA000834238BF034698B2264613467645DED375
:105BB0000246934238BF13469BB29B456046049C05
:105BC000CC4680F08B81059B0CF1010C6345BED166
:105BD00045E100BFB83A002094000020B43700200F
:105BE000BC3A0020B4390020002D00F08C80002A3F
:105BF00040F0A38121B0BDE8F08F1F29FAD80DEB4A
:105C0000410601330131A6F840E09BB2C9B24FF022
:105C1000000E20E65E1C964214DA0CF17F0C5FFA4F
:105C20008CFCBCF17D0F0DD8855DA5F1400C5FFAB1
:105C30008CFCBCF1BE0F05D87F2D03D002339BB284
:105C4000C446F8E5B3B206E61FFA86FE03E6013164
:105C500089B2402940F20F812B46654603F1010CC1
:105C600065456AD122460798089C002A00F0A28068
:105C7000AD4E4FF0100B102500236F0816F803C02F
:105C8000BCF10A0F9E461946B846814614D0ACF1C5
:105C900020005F281DD801339BB2C446A088F4447D
:105CA000604501DB1FFA8CFE9342BFF4D7AD16F8B6
:105CB00003C0BCF10A0FEAD11F299BD80DEB410CA0
:105CC00001330131ACF840E09BB2C9B24FF0000E95
:105CD000EAE7581C824214DD0CF17F0C5FFA8CFC61
:105CE000BCF17D0F0DD8375CA7F1400C5FFA8CFC3E
:105CF000BCF1BE0F05D87F2F03D002339BB2AC4658
:105D0000CCE783B2D0E7894B1B68197C002900F0EF
:105D10009381A088DB680028834608BF4FF0FF30DE
:105D20001FFA80F8E088069000209C461944002A5B
:105D30003AD0CDE907040D4614469CF80020002A0D
:105D400000F0A28001210020774E049222FA01F98E
:105D500062468646AC46034605961546724AD65CB0
:105D60000A2E3FF474AFA6F120075A1C5F2F92B29F
:105D700057D813464E4676441FFA86FEF045FFF488
:105D80006BAFA342EAD3864538BF86462B46F34520
:105D90006546049A9C4680F093800CF1010C6545A1
:105DA000CBD15FE7614505D00CF101038B420CF1CB
:105DB000020CF7D10022ADF8402000283FF41AAFC2
:105DC00023889E46102301210A919B4600211D46EF
:105DD00055E5A388BDF8400073441B1A1FFA83FEE3
:105DE00065E50135ADB2402D32D8834238BF034658
:105DF000013698B2B6B20023D8E67445BFF4D8AEE7
:105E00007F31C9B27D291FD8494A915DA1F1400275
:105E1000D2B2BE2A18D87F2916D0B41C049AA4B2D4
:105E2000B2E6A242AFD27F36F6B27D2E0ED8404EF9
:105E3000F75CA7F14006F6B2BE2E07D87F2F05D03B
:105E40000233049E9BB296E7264690E6134685E70A
:105E5000059B604609F1010C63457FF478AE7246FC
:105E60008646DDE90804002A00F002812E4E4FF03C
:105E7000100B1025C6E4704503F1010338BF7046CE
:105E80009BB24FF0000E7CE70CF10103AB4200F037
:105E90009E809CF80120002A00F0EF809C4651E78C
:105EA000059A0CF10103934200F095809CF80140A3
:105EB000002C00F0E8809C464EE68BB2264675E644
:105EC000069812FB01F189B281423FF666AF154692
:105ED00093460798059E2246089CCDE6069A14FB39
:105EE00005F5ADB295423FF66EAE2546A346724625
:105EF000099C8646DDE9076084E495B259E5069A77
:105F00000C990A98824234BF13460B460DEB4303AB
:105F1000B3F84020A3889B1A03EBD37306EB63030B
:105F20009EB20135ADB244E5B439002094000020A2
:105F3000B5390020002D3FF4E6AE564EAB469BE649
:105F4000069B26880133DBB2069363690AEB0B02DA
:105F50001FFA82FA002BE4D01B78012BCFD0022B42
:105F6000DFD1069A0C990A98824234BF13460B4639
:105F70000DEB4303B3F84020A38833449B1A9EB231
:105F8000CFE70C9F0A99884234BF02463A460DEB90
:105F90004202B2F84020ACEB020202EBD27206EBF6
:105FA000620296B2C6E40D4601E09D4260D0591CE3
:105FB000A94203F10203F8D10021ADF84010258871
:105FC0001023AE4601250A959B461D4657E42246FE
:105FD0000798089C4CE672468646DDE9080445E7CA
:105FE000B4F806C0ACEB030606EBD6760AEB660601
:105FF0005746B6B29C4588BF3746BA4650E4A38898
:10600000BDF840001B1A03EBD3730EEB63031FFABA
:1060100083FE4CE42388ADF8402001219E460A917E
:106020002B4611462BE4002A7FF420AFADF8402028
:10603000C5E70235ADB2BCE4002A3FF4DBAD102564
:10604000144EAB46084617E60C9A069F0A988742FC
:1060500034BF3946114620AA02EB410131F8401CF9
:10606000A8EB010202EBD27206EB620296B2F5E4F3
:106070002388ADF840209E46A4E60CF1020C65454D
:106080007FF45BAEEEE5059B0CF1020C63457FF4FB
:106090005EADE4E6B4390020054B06481B6800F10C
:1060A0001402181A18BF0120934218BF002070472D
:1060B000940000209867060840B3154ADFF858C0DE
:1060C0001268002101604160816011680346002967
:1060D00008BF61461960117A19710E48117C597117
:1060E0000068B2F81120DA8068B1026852B1126912
:1060F00042B100B583B001939047019B98600120A5
:1061000003B000BD4068986001207047704700BF31
:1061100094000020B83A0020AC21060810B540EAEF
:10612000030EBEF1010F9C46029B0ED86BB161B10C
:106130000293404213466246DFF814C000F0140098
:10614000BDE810406044FFF75DBA002010BD00BFFD
:106150009867060870B5A2B0269C1CB113B108B1AF
:10616000012A02D9002022B070BD4FF0000CC4F803
:1061700000C0C4F804C0C4F808C0C4F80CC0C4F817
:1061800010C0C4F814C0C4F818C0002A53D14FEA94
:10619000500E0EF1070E4FEAEE0E00931EFB00FEAE
:1061A0000B4601462A48A4F810E000681FFA8EF654
:1061B000FFF728FA274B014618682160002840D0D5
:1061C0000368002B39D01B69002B36D09847216813
:1061D0000346002211EB060C63604FF000035B41A5
:1061E00060459A412CBF01230023802E2372B9D829
:1061F000184B186840B3036833B35D6825B3334662
:1062000002AAA8470028E06013DB4EB102AB99193F
:1062100013F8012B12B1628A013262828B42F7D1EC
:10622000082E324602A928BF082204F1140019F0F2
:10623000B8FE012097E78646ABE743680022184680
:10624000C8E702460346C5E74FF0FF33E360F0E7D7
:1062500094000020B83A002098B10A490A6882B137
:1062600008B5437A022B07D8DFF81CC05CF823304E
:1062700013B1984703490A68BDE80840104601F089
:10628000A5B97047BC3A00208C670608034B186814
:1062900018B14FF0FF3108F025B87047C03A002020
:1062A000024B186808B108F041B87047C03A0020A6
:1062B0002DE9F0418289438982B0D4180092023CD2
:1062C000524215B224B2002201920F46641B1146BD
:1062D000064601F0B7F9C4F34F124FF6FF739A4226
:1062E00026D0184BB2892F44234003EB0708FAB19C
:1062F0003C46002505E00135ABB29A4204F1FF347B
:1063000011D9002CF7DB7389A342F4DDAAB207236D
:10631000A1B2304601F07CF90135B289ABB29A42A4
:1063200004F1FF34EDD8474502D02037002ADFD1F1
:10633000054A136830460133136002B0BDE8F041EE
:1063400001F044B9E0FF1F00C43A002038B501F065
:1063500037F960B10546002421B22846FFF7A8FFAF
:106360000134182007F0BCFE202CF5D1F3E738BD2E
:1063700070B5042001F0F2FD38B103681B6823B149
:10638000984710B14FF4E13401E04FF41654002067
:1063900018F0A8FA0546012018F0A4FA064665B1DF
:1063A00058B12146284618F0FFFA30B92146304648
:1063B00018F0FAFA08B9014B1C6070BD9800002073
:1063C000B0F5165F02D0B0F5E13F1BD170B50446C1
:1063D000002018F087FA0546012018F083FA0646D7
:1063E0006DB160B12146284618F0DEFA38B9214671
:1063F000304618F0D9FA10B9044B1C6070BD4FF04C
:10640000FF3070BD4FF0FF30704700BF9800002094
:10641000FEE700BF08B5164A164B934208D2013A70
:10642000D21A22F0030214490432184619F0B9FDB9
:10643000124A134B934208D2013AD21A22F00302B5
:1064400004320021184619F052FD0E4A0E4B9342B9
:1064500008D2013AD21A22F003020432002118466F
:1064600019F045FD00F070FC00F03AFAFEE700BFBD
:106470008C03002000000020A0C7070894B1012071
:1064800090030020108000100000001000000000A9
:1064900000B51B481B49012285B00023016002762C
:1064A0004FF48031C2614261174A0361CDE9003384
:1064B000CDE90233C0E9011380F82030C36080F8D1
:1064C00030300023C0E90A2302F0DEFA60B99FED04
:1064D0000A7B00230A48029369468DED007B02F097
:1064E00063FD20B905B000BD00F012FAEFE700F03F
:1064F0000FFA05B000BD00BF05000000010000005C
:10650000C83A0020002001400100000F00000000F8
:1065100000B501681C4B89B000229942CDE90222E6
:10652000CDE90422069201D009B000BD03F58C33F9
:106530000092586C40F480705864586C00F480707D
:10654000009000980192186B40F0010018631B6BDB
:106550000E489FED0B7B03F0010302A901938DED23
:10656000027B019B04F0E4F900220921122002F0D1
:10657000DBFD122002F00AFE09B000BDAFF300807F
:106580002000000003000000002001400000024045
:10659000054808B5054B036002F018FE00B908BDB8
:1065A000BDE8084000F0B4B9103B002000300240C4
:1065B0000A4B02689A4200D0704782B000220192D2
:1065C000D3F8302842F48052C3F83028D3F830385A
:1065D00003F480530193019B02B0704700300240E6
:1065E00010B582B00024204B0094196B41F4800157
:1065F0001963186B00F48000009000980194186BE8
:1066000040F4001018631B6B03F4001322460721AB
:1066100001930C20019B02F087FD0C2002F0B6FDD7
:1066200022460621382002F07FFD382002F0AEFD20
:1066300022460721392002F077FD392002F0A6FD1D
:10664000224607213A2002F06FFD3A2002F09EFD1B
:10665000224607213B2002F067FD3B2002B0BDE847
:10666000104002F093BD00BF0038024030B5002456
:106670008FB0CDE90844CDE90A44864B00940C94D0
:106680001A6B854842F010021A631A6B02F010026E
:106690000092009A01941A6B42F004021A631A6B7A
:1066A00002F004020192019A02941A6B42F0200255
:1066B0001A631A6B02F020020292029A03941A6B78
:1066C00042F080021A631A6B02F080020392039A6E
:1066D00004941A6B42F001021A631A6B02F0010271
:1066E0000492049A05941A6B42F002021A631A6B20
:1066F00002F002020592059A06941A6B42F0080213
:106700001A631A6B02F008020692069A07941A6B33
:1067100042F040021A631B6B03F0400307932246CA
:106720007F21079B04F0E8FB22465C484EF2010102
:1067300004F0E2FB22465A4840F2FF7104F0DCFB11
:106740002246584840F2C23104F0D6FB2246564851
:106750004CF2FB2104F0D0FB224654484FF48071E8
:1067600004F0CAFB224652484FF41641012504F0BA
:10677000C3FB7F2308A9484808930A9409950B9501
:1067800004F0D6F84FF4604308A944480893CDE9D3
:1067900009540B9404F0CCF840F2FF7308A9404868
:1067A0000893CDE909540B9504F0C2F808A93B48B9
:1067B000CDE90855CDE90A4504F0BAF8022308A945
:1067C00038480893CDE909540B9404F0B1F808A9AE
:1067D0004FF4C072002330480A95CDE9082304F035
:1067E000A7F808A94FF4E0524FF404132A480A9579
:1067F000CDE9082304F09CF84FF4807208A94FF407
:10680000041329480A95CDE9082304F091F84FF4C0
:10681000424308A924480893CDE909540B9404F095
:1068200087F84FF4807308A920480893CDE90954EC
:106830000B9404F07DF8FB2308A91B480893CDE9CD
:1068400009540B9504F074F84FF4164308A918483E
:106850000893CDE909540B9504F06AF84FF470736E
:1068600008A91048CDE90835CDE90A4504F060F8DB
:1068700022460821172002F057FC172002F086FC60
:1068800022460821282002F04FFC282002F07EFC3E
:106890000FB030BD00380240001002400008024036
:1068A0000014024000040240000C024000000240BC
:1068B000001802400848094910B5062240F6FF7347
:1068C000C0E90012836004F027FB00B910BDBDE8E9
:1068D000104000F01DB800BF183B00200030004001
:1068E00008B5074B074A9A6062B602F083F817F0C2
:1068F0000FFE0549054807F063F8FDF7F3FFFEE7D3
:1069000000ED00E00000040818C7070878C6070873
:1069100072B6FEE700B51B481B4987B07F220023F3
:106920008260FF22CDE90133CDE90333C0E90013D2
:10693000C0E90323C0E905330593009304F0B8FED2
:10694000A8B900220F48ADF8042001A9CDE904221E
:106950008DF8062004F026FF80B90C4B09480093FF
:106960000022694604F0D2FF20B907B000BDFFF74E
:10697000CFFFE6E7FFF7CCFF07B000BDFFF7C8FF8A
:10698000EBE700BF243B002000280040010101008C
:1069900000B50E4A016885B000239142CDE901336C
:1069A00001D005B000BD02224FF40073684600928A
:1069B000039304F0E1FD28B9054B0122C3F83C2EF6
:1069C00005B000BDFFF7A4FFF6E700BF00280040B8
:1069D0000000474210B50F490F4C4FF48272C4E9D2
:1069E00000124FF4007018210023C4E906010A22A6
:1069F0002046C4E90233C4E90433C4E90833C4E9D6
:106A00000A3205F079F900B910BDBDE81040FFF772
:106A10007FBF00BF00300140083C002000000000A4
:106A200010B501683E4A88B000239142CDE9023397
:106A3000CDE90433069301D008B010BD02F58432CD
:106A400000930446506C40F480505064506C00F445
:106A50008050009000980193106B40F0020010638A
:106A6000126B9FED2D7B02F00202019203200522A2
:106A7000CDE9050202A92B48DDF804C08DED027BAB
:106A800003F056FF284A29484FF0C0610023C2E9AD
:106A9000000140204FF48061C2E9033190604FF45F
:106AA00080311046C2E90533C2E90731536202F072
:106AB000BDFB1D4A28BB1E4B1E48A26494634FF0C9
:106AC000C0620021C3E900024FF48060C3E9040101
:106AD0004FF480321846C3E90211C3E906111A6265
:106AE000596202F0A3FB124B78B9E364002205213E
:106AF00023209C6302F018FB232002F047FB08B020
:106B000010BDFFF705FF084AD5E7FFF701FF084B67
:106B1000EBE700BFAFF30080380000000200000088
:106B20000030014000040240A43B002058640240B1
:106B3000443B00201064024082B00E4B00220092C1
:106B4000596C41F480415964586C00F480400090C5
:106B500000980192186C40F0805018641B6C03F090
:106B600080530193019B0F216FF0010002B002F0EE
:106B7000DBBA00BF0038024030B58BB0244B002296
:106B800004921A6C42F020021A641B6C03F020037A
:106B90000493054603A905A8049B04F0CDFC089BBB
:106BA000D3B904F0A9FC03461A4A1B481B49A2FBAF
:106BB00003239B0C013B0022C0E9001340F2E733A2
:106BC0000261826082610446C36005F013FF0246E1
:106BD00030B110460BB030BD04F08EFC4300E3E74B
:106BE000204605F0BFFF02460028F2D10190372071
:106BF00002F0CCFA0F2D019A01D90122E9E72946CA
:106C0000372002F091FA064B019A1D60E1E700BFC0
:106C10000038024083DE1B43603C0020001400402B
:106C200094010020D0E901210F4B10B404681C60CE
:106C30005A60C2689960DA60D0E9051204691C6183
:106C40005961C1699A61D961084A0949094BD0F86B
:106C500018C00068C2F800C00860074A996A11604D
:106C6000064A9B6B1360FEE7B83C0020B43C002052
:106C7000A83C002000ED00E0B03C0020AC3C00202F
:106C80001EF0040F0CBFEFF30880EFF30980FFF74D
:106C9000C9BF00BFFEE700BFFEE700BFFEE700BFC1
:106CA000FEE700BF704700BF0120704708B519F02C
:106CB0006FF9162303604FF0FF3008BD08B519F0D7
:106CC00067F916230360FEE770B5161E07DD0C4654
:106CD0008D19AFF3008004F8010BA542F9D13046BD
:106CE00070BD00BF4FF0FF30704700BF4FF400533E
:106CF0004B600020704700BF0120704700207047A4
:106D00000D490E4ADFF83CC008B50B68A2EB0C0237
:106D10002BB11844904207D80860184608BD084BAC
:106D20000B6018449042F7D919F032F90C23036034
:106D30004FF0FF33184608BDD83C00200000022069
:106D400098B1012000080000034AD2F8883043F4CB
:106D50007003C2F88830704700ED00E000B51B49B1
:106D60004FF0804287B00A6042F2CF0200234A60AF
:106D700041F28732C1E9023208468022CDE902336E
:106D8000CDE90433CDE900330B618A6105F032FEB1
:106D900090B94FF480530D48029302A905F01CFFEF
:106DA00088B90022002309486946CDE9002306F08E
:106DB0006DF820B907B000BDFFF7AAFDE9E7FFF7BE
:106DC000A7FD07B000BDFFF7A3FDEAE76C3D00207B
:106DD00000B51A491A4A87B00A60532200234A6054
:106DE00040F2F312C1E9023208468022CDE90233B3
:106DF000CDE90433CDE900330B618A6105F0FAFD7A
:106E000090B94FF480530D48029302A905F0E4FEB7
:106E100088B90022002309486946CDE9002306F01D
:106E200035F820B907B000BDFFF772FDE9E7FFF7BD
:106E30006FFD07B000BDFFF76BFDEAE7243D0020C2
:106E40000004004000B51A491A4A87B00A6053226C
:106E500000234A601322C1E9023208468022CDE9AC
:106E60000233CDE90433CDE900330B618A6105F0CB
:106E7000C1FD90B94FF480530D48029302A905F06B
:106E8000ABFE88B90022002309486946CDE90023FA
:106E900005F0FCFF20B907B000BDFFF739FDE9E7B9
:106EA000FFF736FD07B000BDFFF732FDEAE700BF90
:106EB000DC3C00200008004000B50368B3F1804FBF
:106EC00085B007D0254A93421BD0254A93422ED045
:106ED00005B000BD03F50E3300220192196C41F09C
:106EE000010119641B6C03F00103019305211C20AF
:106EF000019B02F019F91C2005B05DF804EB02F0CB
:106F000045B9184B00220292196C41F00201196434
:106F10001B6C03F00203029305211D20029B02F06B
:106F200003F91D2005B05DF804EB02F02FB90D4BFD
:106F300000220392196C41F0040119641B6C03F0E8
:106F40000403039305211E20039B02F0EDF81E208D
:106F500005B05DF804EB02F019B900BF0004004071
:106F6000000800400038024010B50B480B4C4FF4AD
:106F700016510023C4E900010C222046C4E9023363
:106F8000C4E90432C4E9063305F0C6FF00B910BDF8
:106F9000BDE81040FFF7BCBC00100140683F002076
:106FA00010B50B480B4C4FF416510023C4E90001F7
:106FB0000C222046C4E90233C4E90432C4E9063392
:106FC00005F0AAFF00B910BDBDE81040FFF7A0BC56
:106FD00000480040203F002010B50B480B4C4FF4F8
:106FE00016510023C4E900010C222046C4E90233F3
:106FF000C4E90432C4E9063305F08EFF00B910BDC0
:10700000BDE81040FFF784BC00140140D83E0020CA
:1070100030B5026878498DB000238A42CDE9063345
:10702000CDE9083304460A9308D074498A4249D00E
:1070300073498A4200F089800DB030BD714A0093D7
:10704000506C40F010005064506C00F01000009044
:1070500000980193106B40F001001063126B9FEDDC
:10706000607B02F00102019203200722CDE90902B0
:1070700006A96548019D654D8DED067B03F058FC22
:1070800063494FF000620023C5E9001228464FF41F
:107090008062C5E90233C5E90423C5E90633C5E9C1
:1070A000083302F0C3F8002840F091800022072145
:1070B000E5632520AC6302F037F8252002F066F87E
:1070C0000DB030BD4F4A0293106C40F48020106424
:1070D000106C00F48020029002980393106B40F033
:1070E00002001063126B9FED407B02F002020392DC
:1070F00003200722CDE9090206A94648039D464D13
:107100008DED067B03F014FC44494FF00062002330
:10711000C5E9001228464FF48062C5E90233C5E98B
:107120000423C5E90633C5E9083302F07FF80028D7
:1071300050D100220721E5632720AC6301F0F4FF62
:10714000272002F023F80DB030BD2E4A0493506C76
:1071500040F020005064506C00F02000049004982F
:107160000593106B40F004001063126B9FED207BC1
:1071700002F00402059203200822CDE9090206A9C3
:107180002748059D274D8DED067B03F0D1FB264951
:107190004FF020620023C5E9001228464FF48062B8
:1071A000C5E90233C5E90423C5E90633C5E9083357
:1071B00002F03CF888B900220721E5634720AC6360
:1071C00001F0B2FF472001F0E1FF0DB030BDFFF745
:1071D0009FFB6BE7FFF79CFBABE7FFF799FBEAE749
:1071E0000006000002000000000C00000200000089
:1071F000C0000000020000000010014000480040F4
:10720000001401400038024000000240743E00209B
:107210004064024000040240143E00202860024006
:1072200000080240B43D00202864024000B52A490D
:1072300003688B4283B007D028498B421CD0284971
:107240008B4231D003B000BDDFF8A4C00190DCF860
:107250004430244823F010034FF4C061CCF844308C
:1072600003F040FD019AD06B02F074F8252003B0C2
:107270005DF804EB01F098BFDFF874C00190DCF812
:107280004030194823F480234FF44061CCF840305B
:1072900003F028FD019AD06B02F05CF8272003B0C0
:1072A0005DF804EB01F080BFDFF844C00190DCF82A
:1072B00044300E4823F02003C021CCF8443003F0C2
:1072C00011FD019AD06B02F045F8472003B05DF83C
:1072D00004EB01F069BF00BF00100140004800400E
:1072E0000014014000000240000402400008024077
:1072F0000038024008B9024870470020704700BFBC
:10730000B03F002020B34B1EC72B21D800B50A4642
:10731000B7B00146901C01234FF0FD0C8DF80A0018
:107320000DF10D00ADF808C001928DF80B308DF80D
:107330000C3018F036FE022017F0D4FA30B1019A62
:107340000532642392B202A917F0D8FA37B000BD13
:10735000704700BF00B5022383B002460849009180
:1073600018468DF804308DF8052017F0BBFA20B1CF
:1073700064230622694617F0C1FA03B000BD00BFBE
:10738000FD00030102460821002016F025BF00BFC2
:1073900008B5002017F0A6FA044917F0D7FA002222
:1073A000BDE808400821104616F016BF8573040892
:1073B00000487047B0440020094B0A491B68087810
:1073C00093F82420DFF820C0824200F101038CBF33
:1073D0000022012203F00703CCF880220B707047D3
:1073E000CC490020B14900200080414208B501206D
:1073F00017F020F917F04CF9022017F01BF917F0DD
:1074000047F916F00DFF0549012017F00BF9BDE80B
:1074100008400349022017F005B900BF257404088D
:10742000B9730408024B0121186806F079BE00BF49
:10743000D049002010B500208AB006F05FFE0E4A49
:107440000E4B14681860012284F8252000212022A8
:1074500002A818F04CFDDFF82CE00948CDF804E054
:107460004FF4806C302301AA2146CDE906C306F013
:10747000BDFD0AB010BD00BFCC490020D04900209E
:1074800089740408E82E06082DE9F04F044683B0FD
:10749000012017F0CFF817F0D7F8022017F0CAF83C
:1074A00017F0D2F8DFF804B1DFF804A1374D384FF8
:1074B00000264FF001092AE006F074FD23685A689F
:1074C000DAF8003029780133CAF8003020469047B6
:1074D00006F052FD1E2017F0BBF82368C7F8809213
:1074E0009B680BB128789847C7F88C9200BF00BF03
:1074F0001E20C7F88C6217F0BDF806F053FD2B78FC
:10750000627A0133B3FBF2F102FB11332B70214B92
:107510000022186801214FF0FF3306F049FE06F003
:107520002BFD9BF800304FF00008002BC4D01A4B05
:107530008BF800601A781E70184B0192B3F800C0E7
:10754000174BB3F800E0174B1888174B19884346C0
:107550006EF30F0361F31F436CF30F0860F31F48D2
:10756000009306F01FFD009BC4F82A302368019A9F
:1075700084F82E201A68C4F82680204684F82560F6
:107580000AB19047236884F82E6098E7B04900203C
:1075900000804142D0490020BC490020C44900205D
:1075A000C0490020C2490020BE490020C649002031
:1075B000B4490020014B1860704700BFCC4900203F
:1075C000014B1868704700BFCC490020B8B100B526
:1075D00083B0019006F0D0FC094A0A49019B0120C2
:1075E00010700A689B69084801320A60074A1360F4
:1075F0000023037003B05DF804EB06F0D3BC7047C2
:10760000C6490020B8490020BC490020C8490020D4
:10761000B0F80AC08C450DD910B5B0F80CE096450D
:1076200007D984690CFB02424FF0010C535480F8D7
:1076300025C010BD704700BF082928BF082180F869
:10764000241070472DE9F84305469DF82490B5F8BD
:107650000AC0BDF820008C4525D9B5F80CE0964548
:1076600021D91446ACEB0107BFB2CA1800EB0408DD
:10767000624598BF1F46F0450E4616D9AEEB040E84
:1076800014FA8EF801E0B5F80AC0A8690CFB046C86
:107690003A4649466044013418F029FCA045F2D12D
:1076A000012385F82530BDE8F8830028EDD1F7E700
:1076B0002DE9F04FB0F80AE083B08E45BDF8308078
:1076C0009DF8385012D90F468189914204460DD950
:1076D000D8197045164608EB020C0AD9AEEB070024
:1076E0008C4580B20AD8B8F1000F0AD103B0BDE8CA
:1076F000F08F8C4533D9002BF8D01846891A1FFA21
:1077000081F8F346C2F1010C4FF00009802103F12A
:10771000070EA369019606FB0B7B9B440D9B002281
:1077200003EB090A00921346DE0803F007031AF878
:10773000066041FA03F31E4218BF0BF802500132F3
:1077400093B29842F0D8019E0CEB06039BB2984589
:107750000CD9B4F80AB009EBEE090136D9E7002BD1
:10776000C4D01846B8F1000FC0D0CAE7012384F88E
:10777000253003B0BDE8F08F2DE9F04F314BC269E1
:107780001B78C1EBC1018DB002EB8118002B69D0D1
:107790002D4BDFF8C8A01A6901921A6AD3F800B01D
:1077A000029208F5A7501A6BDFF8B4901B6C274CB7
:1077B000039208F5275E08F1FF321F300EF13F0EED
:1077C000049308F2BF1892F80117537810F8016F6C
:1077D0001F4D1EF8017F43EAC103013255F823C053
:1077E00090F8003792F8005E9B0143EAC60341EA35
:1077F000C5012B4390F8005E5AF825609EF80057AB
:10780000CBF818C047EAC505124F57F82110019F61
:10781000B961114951F8233002998B61039B049996
:107820009E6159F825308B610123C4F8843200BF72
:1078300000BF00234245C4F88432C4D10DB0BDE876
:10784000F08F00BFD4490020D000002000804142CA
:10785000107F0010107E001010760010F0750010E0
:10786000F0740010AE49AF4AAF4BB1F804E0B2F883
:1078700004C09C888F8906974FEA0E4008904FEA13
:107880000C40079409902004069C0F680A9008F5A4
:10789000275608F1FF3908F5A75520043F360B900D
:1078A0001F3508F2BF18059701964846176810F86B
:1078B000014F03971F680297E70700F14981059E72
:1078C000089FB761A60700F13F81039F099EBE6133
:1078D00014F0040F029C0CBF0A9E079EA6618F68DD
:1078E00090F800470497976803979F680297049E53
:1078F000B2F80CA0B3F80C90E70754BF0B9F069F9B
:10790000B761A607039E58BF4FEA0A4A6407C6F844
:1079100018A000F11581029E4FEA0944B4610F6975
:1079200090F8004E049717690397B1F814B01F69D7
:10793000049E0297E707B2F814A0B3F8149058BF5A
:107940004FEA0B4BC6F818B0A607039E58BF4FEA84
:107950000A4A6407C6F818A000F1EE80029E4FEABA
:107960000944B4618F6915F8014F0297976903972D
:10797000B1F81CB09F69029E0497E707B2F81CA0FB
:10798000B3F81C9058BF4FEA0B4BC6F818B0A607C7
:10799000039E58BF4FEA0A4A6407C6F818A000F1D0
:1079A000C780049E4FEA0944B4610F6A95F8004706
:1079B0000297176A0397B1F824B01F6A029E0497D2
:1079C000E707B2F824A0B3F8249058BF4FEA0B4B56
:1079D000C6F818B0A607039E58BF4FEA0A4A6407C4
:1079E000C6F818A000F19780049E4FEA0944B461DC
:1079F0008F6A95F8004E0297976A0397B1F82CB0FA
:107A00009F6A029E0497E707B2F82CA0B3F82C9067
:107A100058BF4FEA0B4BC6F818B0A607039E58BFD5
:107A20004FEA0A4A6407C6F818A070D4049E4FEAC9
:107A30000944B461019E0F6B16F8014F0297176B52
:107A40000397B1F834B01F6B04970196E707029EC5
:107A5000B2F834A0B3F8349058BF4FEA0B4BC6F8D5
:107A600018B0A607039E58BF4FEA0A4A6707C6F830
:107A700018A048D4049E4FEA0944B461019C8F6B5E
:107A800094F800470397976B0497E6079F6BB2F84B
:107A90003CA0B3F83C90B1F83CB0029701D44FEA57
:107AA0000B4B039FA607C7F818B0049F58BF4FEAB7
:107AB0000A4A14F00404C7F818A012D1029F4FEA32
:107AC0000949C7F81890DFF864904FF0010AC9F827
:107AD00084A200BF00BF8045C9F884427FF4E6AEAF
:107AE000ACE6029CC4F81890104C4FF00109C4F8A1
:107AF000849200BF00BF4FF000098045C4F8849213
:107B00007FF4D4AE9AE6049CC4F81890B6E7049CBF
:107B1000C4F818908EE7049CC4F8189068E700BF7A
:107B20005CC207080CC20708BCC1070800804142BC
:107B3000049CC4F8189038E7029CC4F8189011E728
:107B4000029CC4F81890EAE6039EC6F818C0BFE687
:107B5000059EC6F818E0B5E6084B00F0010CC0F32E
:107B60004001C0F38002C0F3C000C3F890C2C3F864
:107B70009412C3F89822C3F89C02704700804142D7
:107B80002DE9F04F5B485C4B83B00360FFF712FDBB
:107B90005A48002202F00303C2F3CC01C3EBC30333
:107BA000C1EBC1019B01C2F3800403EB012301324D
:107BB00003EBC403402A20F8023FEBD15049514E59
:107BC000514D524C01F1500B0122D1F8049099F81B
:107BD000013099F800A0002B00F08580012B00F007
:107BE000858005EBCA030F7AD3F800E0C1F800E006
:107BF000012F24D9A7F1020C5FFA8CFC0CEB4C0C82
:107C000009F103004B4684440DE0B8F1010F13D095
:107C100005EBC00000680333704514BF002202F07A
:107C200001029C450BD093F80480D878B8F1000F7E
:107C3000EBD106EBC000EDE704EBC000EAE7CB6850
:107C4000487A4FF00408A3F1040E08FA00F8F04453
:107C500047B3013F5FFA87FCCDE900920CEB4C0C77
:107C6000CC4400270846009A5346002112E0B9F19F
:107C7000010F29D02B4492F802909B8827FA09F92A
:107C800019F0010F08BF1B04944541EA03011DD000
:107C900012F8033F92F80190DB00B9F1000FE6D132
:107CA0003344E8E70EF104034345CEF8047003D0F3
:107CB0004EF8087FC645F5D110318B4585D1144B60
:107CC0001A7003B0BDE8F08F2344D4E74EF8041FC8
:107CD000F04507F10107C6D1014610318B45019AE5
:107CE0007FF473AFEBE706EBCA037CE704EBCA0350
:107CF00079E700BFA0000020646A06086E04001047
:107D0000D00000205CC20708BCC107080CC20708ED
:107D1000D449002090F82E2083892DE9F04352B1F8
:107D2000828D8AB3B0F828E073452DD9724493420E
:107D300004D393B200E096469E4525D25A1E478949
:107D4000124BC669D0F81880A2EB0E021EFA82F21E
:107D500007FB0EF403EB4E0E023303EB420506F570
:107D6000E0793EF802CB08EB04020CEB0603CC44AE
:107D7000116850685860196010339C4502F1080280
:107D8000F6D1AE453C44ECD1BDE8F0837004001060
:107D900008B500220E21032016F01EFABDE80840A7
:107DA00000220F21032016F017BA00BF02460E2151
:107DB000032016F011BA00BF02460F21032016F06F
:107DC0000BBA00BF10B5194BDFF880E0DFF880C0B8
:107DD000174C184A184819491861C3E9004EC3E9FD
:107DE00002C25961164BCEF80030CCF80030236047
:107DF0001360144B03600B60002213494FF4805052
:107E000016F092F8104900224FF4006016F08CF83A
:107E10000D4900224FF4806016F086F8BDE810404E
:107E2000094900224FF4807016F07EB8D84900202E
:107E30005C010020380100202C01002020010020DE
:107E4000C86A0608C06A0608557E0408500100206A
:107E500044010020274B196891F806C0012202FA5C
:107E60000CF292B290422BD0596891F806C00122D0
:107E700002FA0CF292B2904228D0996891F806C0AA
:107E8000012202FA0CF292B2904223D0D96891F802
:107E900006C0012202FA0CF292B290421ED0196979
:107EA00091F806C0012202FA0CF292B2904219D067
:107EB0005A69917901238B409BB2834216D0704757
:107EC0008A68002AD0D0104606F0E6BA8A68002AEE
:107ED000D3D0F8E78A68002AD8D0F4E78A68002A65
:107EE000DDD0F0E78A68002AE2D0ECE79268002A49
:107EF000E9D17047D849002008B58179407916F05A
:107F00007DF980F00100C0B208BD00BF806830B1CB
:107F100008B506F08FFAB0FA80F0400908BD704746
:107F200070B5084C04F1180654F8045B2B685B68C4
:107F300000221146012013B106F01AFAA860A642E9
:107F4000F2D170BDD849002008B58179407916F08A
:107F500055F980F00100C0B208BD00BF05289ABFE6
:107F6000024B53F820000020704700BFD849002082
:107F700010B582B00446019115F0D6FB019920603E
:107F800040F601036160238102B010BD082A28BFBA
:107F90000822082928BF0821012A38BF0122012907
:107FA00038BF0121914228BF1146017242727047C9
:107FB00070B5064682B0082400253068642201A905
:107FC00015F0B6FB08B9019B1D44013CF5D1ED0845
:107FD000B5F57A6F0F4B707A0F4A28BF4FF47A6568
:107FE000A3FB05356D09082D337A11781ABFC5F149
:107FF0000805EDB20125AB4238BF2B46834228BFAE
:108000000346994218BF7168137018BF81F8243075
:1080100002B070BDD34D6210F049002098B1CB681A
:108020008BB18A687AB1D1F810C0BCF1000F0AD0C8
:1080300000B5D1E900E1C0E90423C0E902E1C0F8DC
:1080400018C0002000BD4FF0FF30704770B5446885
:1080500082B0002301932CBB8368054603B1984787
:1080600020232B60002607E0019B03F01F03A3429F
:1080700015D00134202C0BD06B6901AA19212046A0
:1080800098470028F0DA0134202C6FF00406F3D171
:108090002B681F2B09D81EB16FF0040003E02C6081
:1080A00001236B60002002B070BD6FF00200FAE7A0
:1080B00030B583B0002543690195044601AA0068E4
:1080C00001219847A8423BDB6369206801AA01218E
:1080D0009847002834DB019B5B072AD56369206839
:1080E00001AA2946984700282ADB019BD80413D50A
:1080F0006369206801AA10219847002820DB019BB2
:10810000DA0619D503F00603042B17D04BB1062B62
:108110000CD1042003B030BD990403F4807203D560
:1081200062B9032003B030BD002AF2D1052003B0AC
:1081300030BD012003B030BD0620F8E70220F6E78D
:108140006FF00400F3E700BF10B582B015F034FC07
:10815000C82403E015F066FB013C0ED001AB0222FF
:108160001148012102F08CF8019B4FF6FF729342F7
:108170004FF03200EED0002BECD00C490C48FFF74A
:108180004DFF0B48FFF762FF28B90A4802B0BDE86F
:10819000104015F00BBCFEF7BBFB064802B0BDE873
:1081A000104015F003BC00BFC86201206801002028
:1081B000F4490020B981040808B50548FFF778FFA5
:1081C000831E032B9ABFC0F10600C0B2002008BD79
:1081D000F4490020024A0349034816F083B800BF5F
:1081E000D06A0608D46A0608D86A060800207047D4
:1081F0004068704700B583B0019015F0BBFF15F0E3
:10820000BDFF01980221007B15F0BEFF019015F023
:10821000B3FF019803B000BD00B5844683B0DCF81D
:1082200008C00193104661441A4617F0BAFE01983F
:1082300003B000BD2DE9F047DD1CAC0825F00305B7
:108240009846EB1D23F0070300AFADEB030D8668E6
:1082500091468A462A46FF21684617F048FE424664
:108260004946684617F09DFE15F084FF15F086FF1D
:1082700074B15644043D04366B46ADF104046D44BC
:10828000F61A301954F8041F15F098FFAC42F8D1D3
:1082900015F072FF4046BD46BDE8F0874068704764
:1082A00008B5002005F0BAFF014B186008BD00BFFB
:1082B000145B0020034A044B10680121197005F07B
:1082C0002FBF00BF1C5B0020185B002070B51C4D49
:1082D0001C4C034628684FF0000C82B084F800C0A4
:1082E000C8B10E4601210093019205F041FF009BA9
:1082F000019A9868314616F0D9F8E8B90122286841
:108300000A23114605F054FF451E18BF4FF0FF35F4
:10831000284602B070BD986816F0C8F8054658B9EE
:108320002378002BF4D1012005F0DAFE2378002B0E
:10833000F9D0284602B070BD4FF0FF35E8E700BF26
:108340001C5B0020185B002030B585B0044616F099
:1083500061F8A060002854D0012149F66613084650
:108360000022ADF8043015F037FF022201A9A06801
:1083700016F072F801221146104615F02DFF0A2062
:1083800015F050FA002501216FF0600308462A46D7
:10839000CDE9023515F020FF042303AA02A9A06845
:1083A00016F042F801221146104615F015FFBDF8EF
:1083B0000E305BBAD9B2A1F1150292B2032AA381A1
:1083C00006D8114B53F822306360002005B030BD51
:1083D0004FF0007318296360F7D90121B7232A46AB
:1083E00008468DF8033015F0F7FE0DF10301A06883
:1083F000012216F031F801221146104615F0ECFE6C
:10840000E3E74FF0FF30E1E7F06A060808B50448FB
:10841000FFF79AFF10B9024A024B136008BD00BF74
:108420007C010020006B06082DE9F043DFF80C8189
:108430000746D8F8000083B00C4691461E4618B196
:108440004FF0FF3105F04EFFB9F1000F6CD0002E58
:108450006AD0374B1D68002D5AD03B7B182B44D86F
:108460000122042502230DEB020103208DF80000F8
:108470006A44200C08706B44210A5170012108469F
:1084800000225C7015F0A8FEB8682A46694615F00F
:10849000E3FF002839D109F17043B3F5803F2DD2B5
:1084A0000546741BB4F5807F94BFA4B24FF480746A
:1084B000204922463846FFF709FF30BB09EB05008B
:1084C0001C492246254417F06CFDAE42E9D8012232
:1084D0001146104615F080FED8F8000008B105F0EE
:1084E00025FF304603B0BDE8F083230E02228DF84D
:1084F0000130052503230DEB0201B6E7B2B2494670
:108500003846FFF7E3FE0028E1D04FF0FF36DEE704
:10851000284605F0F3FD064B186028B10649B868F7
:108520002A4615F095FF98E74FF0FF36D4E700BFD5
:108530001C5B0020145A0020B5820408145B002044
:108540002DE9F04F8DB00391002A00F0CD81002B72
:1085500000F0CA810593CB4B07928346186818B187
:108560004FF0FF3105F0BEFE00230493C64BC74F0A
:108570001C68002C00F07881039A9BF80C306FF394
:108580000B02182B019240F29F81130E8DF82930B7
:108590000524032302210DF12A0003258DF828501C
:1085A000019D69446B444FEA15482D0A80F800800C
:1085B000002281F829500121084683F8292015F06E
:1085C0000BFEDBF8080022460AA915F045FF00283B
:1085D00040F07481AE4BB3F5803F80F06581044676
:1085E000AC494FF480725846FFF770FE0346A94924
:1085F0004FF480723819002B40F0608104F58074CC
:1086000017F0CFFCB4F5805FEAD101221146104685
:1086100015F0E2FD039BC3F30B0ADDE90413CAF571
:1086200080525B1A9A4228BF1A4602EB0A00824522
:10863000144673D207EB0A03524601E082426DD220
:108640001978FF2902F1010203F10103F6D001219B
:108650000623084600228DF8283015F0BDFD0122C2
:108660000AA9DBF8080015F0F7FE012211461046B2
:1086700015F0B2FD9BF80C30182B00F22B8104266C
:10868000022101230DF129006B4469444FF0200CB5
:1086900000228DF828C080F8008083F8295081F8E6
:1086A00029200121084615F097FD32460AA9DBF87A
:1086B000080015F0D1FE01221146104615F08CFD80
:1086C00040F6B8354FF0050901210846002215F0A3
:1086D00083FDDBF808008DF8269001220DF12601BC
:1086E00015F0BAFE01220DF12701DBF8080015F0A4
:1086F000CDFE01221046114615F06EFD9DF8273083
:10870000DA074FF0010003D505F0EAFC013DDBD1AB
:108710005E484FF48052FF2117F0E9FB079B049954
:108720002246591807EB0A0017F03BFC019B069400
:1087300003F5805202929946012106230846002241
:108740008DF8283015F048FD01220AA9DBF8080051
:1087500015F082FE01221146104615F03DFD9BF8F2
:108760000C30182B40F29A804FEA19638DF82930AB
:108770000524032302220DF12A004FF002018DF897
:1087800028106A444FEA194101706B444FEA1921DD
:1087900082F8291001214FF00002084683F82920B1
:1087A000002215F019FDDBF8080022460AA915F091
:1087B00053FE002840F08280019BDBF80800F91A84
:1087C00049444FF4807215F047FE0122824611465B
:1087D000104615F001FDBAF1000F25D164240525DE
:1087E00001210846002215F0F7FCDBF808008DF89F
:1087F000265001220DF1260115F02EFE01220DF169
:108800002701DBF8080015F041FE01221046114651
:1088100015F0E2FC9DF82730DB074FF001000ED584
:1088200005F05EFC013CDBD14FF0FF3A154B1868B8
:1088300008B105F07BFD50460DB0BDE8F08F029BFE
:1088400009F580794B457FF477AF069C039A049B2A
:1088500022440392059A23449A420493E6D90A4B90
:108860001C68002C7FF488AE204605F047FC064BC0
:1088700018600028D8D0DBF808000749224615F018
:10888000E7FD79E6145B00201C5B0020144A002001
:10889000144A0010145A0020B5820408042402234C
:1088A00001220DF1290068E703F180514FF4805255
:1088B0005846FFF70BFD00283FF4A7AE01221146F2
:1088C000104615F089FCAFE70424022301210DF1C5
:1088D000290062E6019B1B0E8DF829300526032135
:1088E00002230DF12A00CFE64FF0FF3AA3E700BFC5
:1088F0002DE9F041DFF8F0800546D8F8000084B09B
:108900000C4618B14FF0FF3105F0ECFC01210623B5
:10891000084600228DF8083015F05EFC012202A9FD
:10892000A86815F099FD01221146104615F054FC77
:108930002B7B182B52D9230E8DF8093002220323EA
:108940000DF10A00052620218DF808106A44210C3B
:1089500001706B44210A5172012108465C720022A9
:1089600015F03AFC324602A9A86815F075FD0122FF
:1089700007461146104615F02FFC27BB40F6B834C9
:10898000052601210846002215F026FC01220DF1E2
:108990000601A8688DF8066015F05EFD01220DF154
:1089A0000701A86815F072FD01221046114615F066
:1089B00013FC9DF80730DB074FF0010005D505F0EB
:1089C0008FFB013CDDD14FF0FF37D8F8000008B134
:1089D00005F0ACFC384604B0BDE8F081022301226A
:1089E0000DF109000426AEE7145B00200048704733
:1089F0007C01002008B50B4B1A6842F400721A6023
:108A00001A6842F480621A601A6842F480721A602E
:108A1000032000F077FB0F20FEF7AEF8FEF78CF88E
:108A2000002008BD003C0240034A044B11681B783B
:108A30000B441360704700BF205B002090010020B2
:108A4000014B1868704700BF205B002038B5044612
:108A5000FFF7F6FF631C054602D0044B1B781C444D
:108A6000FFF7EEFF401BA042FAD338BD9001002073
:108A7000014BD3F8100A70470070FF1F014BD3F869
:108A8000140A70470070FF1F002800F0A98010B57D
:108A9000026C82B0034642B11A6CD2060FD5012097
:108AA000002283F83C2002B010BDCDE90020FDF784
:108AB0002FFDDDE900235A641A6CD206EFD41A6C3C
:108AC0004B4922F4885222F0020242F002021A6458
:108AD00048681A6820F44030486048685C68204361
:108AE00048605168D3F810C0986821F480715160D3
:108AF000516841EA0C2151605168D3F80CC021F053
:108B0000407151605168014351609168986A21F445
:108B100000619160916841EA0C0191603549884299
:108B2000916855D021F07061D3F82CC091609168A4
:108B300008439060916821F040519160916841EA4A
:108B40000C019160916821F0020191609168187E9A
:108B500041EA4001916093F82010002942D0516809
:108B6000586A41F400615160516821F460415160DC
:108B70005168013841EA40315160D16AD869D3F86F
:108B800014C021F47001D162D16A013841EA005168
:108B9000D162916821F400719160916893F830007E
:108BA00041EA40219160916821F48061916091686F
:108BB000002041EA8C21916058641A6C22F0030273
:108BC00042F001021A64002283F83C2002B010BD7A
:108BD00021F070619160916821F040519160B1E79E
:108BE00001207047516821F400615160C5E700BF62
:108BF000002301400100000F90F83C3082B00022B9
:108C0000012B019268D00123026880F83C30936800
:108C1000D90715D4344BDFF8E0C01B689168ACFB72
:108C200003C39B0C03EB430341F0010191600193EB
:108C3000019B2BB1019B013B0193019B002BF9D1BF
:108C4000936813F0010F036C38D023F4E06323F032
:108C5000010343F48073036453685B0505D5036C1B
:108C600023F4405343F480530364036C13F48053A0
:108C70001CBF436C23F0060343646FF022011B4BBF
:108C80004FF0000C80F83CC011605968C8061FD135
:108C900017498A4209D001F580718A421FD01549CF
:108CA0008A4212D15B68DB060FD4936813F0405FF1
:108CB0000BD1936843F08043936006E043F01003C8
:108CC0000364436C43F001034364002002B0704727
:108CD000074B9A42F9D1E8E7022002B070475B687F
:108CE000D906E2D0F1E700BF9C000020002301403C
:108CF000002001400022014083DE1B4390F83C30FD
:108D0000012B14D003689A6822F001029A609B68D4
:108D1000DB0707D4036C23F4885323F0010343F0EB
:108D200001030364002380F83C301846704702209A
:108D3000704700BF10B503689A68520582B00446B8
:108D400002D59B68DB053CD40091FFF779FE0099C2
:108D500022680346481C10D000293FD113689907A8
:108D60000ED413689807F9D4236C002243F004034F
:108D7000236484F83C2003202BE013689B07FCD578
:108D80006FF012031360236C43F400732364936841
:108D900013F0405F13D1237E8BB9D36A13F4700FA5
:108DA00002D093685A050AD4236C23F48073236499
:108DB000236CDB0403D4236C43F001032364002001
:108DC00007E0036C002243F02003036480F83C209A
:108DD000012002B010BD10688007C5D5106880075B
:108DE000CED4CDE90031FFF72BFE009B0199C21ACA
:108DF00091422268EFD3F1E70368D86C704700BF57
:108E0000704700BF704700BF704700BF036800B5E0
:108E10001A68596812F0020F85B002D011F0200FC5
:108E200071D112F0040F02D011F0800F23D112F093
:108E3000010F02D011F0400F06D1920602D54A016F
:108E400000F19A8005B000BDD3F800C01CF0010FFE
:108E5000F3D0036C019043F480330364CDE9022125
:108E6000FFF7D0FF019803686FF0010CDDE90221E4
:108E7000C3F800C0E1E7D0F840C01CF0100F05D1E6
:108E8000D0F840C04CF4005CC0F840C0D3F808C033
:108E90001CF4401F29D1D3F838C01CF4401F04D063
:108EA000D3F808C01CF4806F1FD1D3F804C01CF4A1
:108EB000806F1AD1D3F808C01CF0405F15D190F82C
:108EC00018C0BCF1000F10D1D3F804C02CF0800CF6
:108ED000C3F804C0036C23F480530364036CDB0504
:108EE00003D4036C43F001030364CDE90221019034
:108EF00000F006F9019803686FF00C0CDDE902211F
:108F0000C3F800C093E7D0F840C01CF0100F05D1A3
:108F1000D0F840C04CF4007CC0F840C0D3F808C082
:108F20001CF0405F1AD190F818C0BCF1000F15D1A9
:108F3000D3F82CC01CF4700F2FD1D3F804C02CF040
:108F4000200CC3F804C0036C23F480730364036C27
:108F5000DB0403D4036C43F001030364CDE9022175
:108F60000190FFF74DFF019803686FF0120CDDE9E7
:108F70000221C3F800C054E7426C01906FF0200159
:108F800042F0020242641960FFF73EFF0198036855
:108F90006FF02001196005B000BDD3F808C01CF4C3
:108FA000806FDBD1C9E700BF70B590F83C3082B06C
:108FB0000022012B019200F09980D1F800E00368B3
:108FC0008A68BEF1090F1FFA8EFC28D81D690EEBC6
:108FD0004E040726A24006FA04F425EA04041C61A4
:108FE0001C6922431A614A68062A2AD8013A596B39
:108FF00002EB82021F240CFA02FC04FA02F221EABC
:1090000002025A635A6B4CEA02025A63394A93428B
:109010002CD0002380F83C30184602B070BDACF173
:109020000A04DD6804EB44040726A24006FA04F4AF
:1090300025EA0404DC60DC682243DA604A68062A18
:10904000D4D90C2A3AD8073A196B02EB82021F24B2
:109050000CFA02FC04FA02F221EA02021A631A6B09
:109060004CEA02021A63234A9342D2D1BEF1120F94
:1090700035D0AEF11003012BCBD81F4A5368BEF197
:10908000100F43F400035360C3D11C4B02F146722E
:109090001B6802F52E3202F28332A2FB03239B0CE3
:1090A00003EB83035B000193019B002BB1D0019B79
:1090B000013B0193019B002BF9D1AAE70D3AD96A34
:1090C00002EB82021F240CFA02FC04FA02F221EAEB
:1090D0000202DA62DA6A4CEA0202DA6296E7D2F84F
:1090E000043343F48003C2F8043392E7022002B051
:1090F00070BD00BF00200140002301409C00002003
:10910000704700BF0749CA6803024FF6FF0003F427
:10911000E0630240134343F0BF6343F40033CB608A
:10912000704700BF00ED00E0164BDB68C3F302237D
:10913000A3F1030CBCF1040F00B519D84FF0FF3EAA
:10914000C3F107030EFA03F30EFA0CFE22EA0E0235
:10915000DB43194001FA0CF1114300284FEA0111D9
:109160000ADB00F1604000F5614080F8001300BDAB
:1091700000220F239446ECE7034B00F00F00C318C6
:10918000197600BD00ED00E0FCEC00E0002807DBF4
:10919000044A4109012300F01F00834042F82130B6
:1091A000704700BF00E100E000280CDB43090649DE
:1091B00000F01F0020330122824041F82320BFF33A
:1091C0004F8FBFF36F8F704700E100E098B1427995
:1091D00002F0FF011AB1012242710020704700B570
:1091E00083B001710190FDF7E3F9019B012200209A
:1091F0005A7103B000BD0120704700BF84460223AE
:1092000000688CF80530836843F0010383603AB14D
:10921000043901EB820251F8043F03609142FAD114
:10922000012300688CF80530704700BF38B504464C
:10923000FFF706FC002C6DD023680022022184F881
:10924000351084F834201A6822F0010205461A60AD
:1092500005E0FFF7F5FB401B052837D823681A689F
:10926000D107F6D4D4E90120E16802430A43D4E9E6
:109270000451A0692A430A43E1691D6802430A4375
:1092800031492940256A2A430A43616A042924D0C6
:109290001A605A6922F007021143D8B22B4A596169
:1092A0001038A2FB0052120929496FF30903895CA7
:1092B000E1655F2888BF04333F228A40A365002010
:1092C0009A600123606584F8353038BD032320227D
:1092D000626584F83530184638BDD4E90B5129430E
:1092E000114319605969A26A21F00701114341F045
:1092F0000401002DD1D078B1B0F5005F16D0022A5C
:1093000003D9032AC9D1EA01C7D5402201236265E6
:1093100084F83530012038BD012A03D032F0020232
:10932000BBD1F0E7B5F1C07FB7D1EEE7032AB4D8DF
:1093300001A050F822F000BF0B9304080793040823
:109340000B930408259304083F8010F0ABAAAAAA47
:10935000146B060800283CD090F83520022A0346FA
:10936000D0B238D01A681C49D0B21038A1FB00C165
:1093700000B5D2F800C0DFF864E009095F281EF8E4
:1093800001E02CF0010111604FF00001116051600B
:109390009160D16011614FF0210151616FF30902B9
:1093A00088BF04324FF03F0C00210CFA0EFCC3E9D9
:1093B0000F11C3E91111C3E91311C3F85CE09A65F9
:1093C000C2F808C0596583F8341083F83510084690
:1093D00000BD012070477047ABAAAAAA146B06080B
:1093E00090F834C0BCF1010F3FD010B58E46114645
:1093F000826D144690F835204FF0010C624580F8DC
:1094000034C004D0002380F83430022010BD4FF067
:10941000020C80F835C002684FF0000CC0F854C050
:10942000D2F800C02CF4802CC2F800C053608368CE
:10943000402B0EBF9160C2F808E0D160C16D08BF3B
:10944000C2F80CE03F238B40A3601368016C43F02B
:109450001603136019B1136843F00803136013680F
:1094600043F001030020136010BD0220704700BFCD
:1094700070B5836D04461E46FFF7E2FA94F8353066
:10948000022B06D080236365002384F8343001204A
:1094900070BD23681A6822F016021A605A6922F019
:1094A00080025A61226C054642B31A6822F0080213
:1094B0001A601A6822F001021A6005E0FFF7C0FA8C
:1094C000401B052810D823681B6813F00103F5D151
:1094D000E16D3F228A40184601210023B26084F8E2
:1094E000351084F8343070BD03232022626518469D
:1094F00084F83530002384F8343070BDA26C002A23
:10950000D3D1D6E790F83530022B03D080234365C2
:10951000012070470268052380F83530136823F076
:10952000010300201360704770B584B07249846DE8
:109530000E6800230393C36D2268082199401142ED
:1095400007D0D0F800C0DCF800E01EF0040F40F0B7
:109550008A8001219940114205D00568D5F814C0D0
:109560001CF0800F79D104219940114205D0056883
:10957000D5F800C01CF0020F69D1102199401142AA
:1095800006D0D0F800C0DCF800E01EF0080F44D18F
:1095900020219940114218D00268D2F800C01CF076
:1095A000100F12D0A16090F8351005296DD0136806
:1095B00013F4802F136800F08780190340F1928024
:1095C000C36B13B1009098470098436D1BB3436D74
:1095D000DA071AD50168494A052380F835300B6847
:1095E000A2FB064223F00103920A0B6002E00B6823
:1095F000DB0704D5039B013393420393F7D9012280
:10960000002380F8352080F83430C36C1BB104B0DF
:10961000BDE87040184704B070BDA160DCF80010D0
:1096200011F4802FDCF8001029D1CD0505D4DCF829
:10963000001021F00801CCF80010016C0029A7D01F
:10964000CDE9000288470098019AC36DA0E7A160A8
:10965000416D41F0040141658FE7A160416D41F02A
:10966000020141657FE7DCF800E02EF0040ECCF843
:1096700000E0A160416D41F00101416569E7090326
:10968000DBD5816C0029DBD182E7116821F016015E
:109690001160516921F080015161016C39B3116889
:1096A00021F0080111603F2202FA03F3016DA3606B
:1096B0000122002380F8352080F834300029AAD018
:1096C00004B0BDE87040084713F480737FF478AFAE
:1096D000116821F010011160012280F8352080F816
:1096E00034306DE7436C002B7FF46CAF6DE7816C19
:1096F0000029D4D1D7E700BF9C000020B5814E1BC4
:10970000F0B5856A00EB85070646BB691868002836
:10971000C0F28280F86A00287ED1D1F808C0D1F862
:1097200000E0DCF8000098605868DCF804406FF353
:109730000C0020431EF0010F586005D01C684869DA
:1097400024F44004204318601EF0200F05D008695F
:10975000196821F04061014319601EF0040F03D025
:10976000196841F0800119601868DCF8081040F0B1
:1097700080501860002900F0AD80594CAC46002A9A
:1097800067D101221CE0C06A002831D11868D1F8E5
:1097900000E020F080501860C3F808E0586800EA44
:1097A000040E48684EEA00005860BFF35F8F1868E7
:1097B000896840F000401860002900F0858001327F
:1097C000186820F00050186018680CF1010EBEF106
:1097D000030FACF1030C20F0804098BFF4461860F2
:1097E00006EB8C008369D3F800E0BEF1000FCADA03
:1097F00092B1B8690021BFF35F8F03686C1C032C22
:1098000023F000438CBF033D25460360013106EB86
:10981000850391429869EED10220F0BDC06A00280C
:10982000E6D11868D1F800E020F080501860C3F845
:1098300008E0586800EA040E48684EEA00005860E4
:10984000BFF35F8F1868896840F000401860C9B1A5
:109850000132186820F00050186018680CF1010EF1
:10986000BEF1030FACF1030C40F0804098BFF4460A
:10987000186006EB8C008369D3F800E0BEF1000F9E
:10988000CCDAB5E7B869196841F080411960196808
:1098900041F000511960BFF35F8F0368F16B43F033
:1098A0000043036006EB8C03D962C6F828C0EFF3CF
:1098B0001081012383F31088336C01331344336424
:1098C00081F310880020F0BDB869196821F080414B
:1098D0001960DCE7AC461846002AF6D00A46D2E703
:1098E00000E0FFFF002800F03B8170B5D0F8843025
:1098F00084B00446002B00F02D819A4AA068002312
:109900000393516C984B41F480415164526C02F4C2
:1099100080420392039A5A6822F400025A605968FE
:109920002268014302F5805259605B68136843F076
:1099300001031360FFF784F8054606E0FFF780F89F
:10994000401BB0F5FA7F00F2FC80226802F58053DC
:109950001B6813F00103F1D11068844901930140A1
:1099600041F0007141F49C41116001201568FFF73E
:109970006DF821680D608A694FF64170024042F02F
:1099800080028A6101208D69FFF760F8226802F584
:10999000805195618869764A024042F0087242F02F
:1099A00004028A6101208D69FFF750F8226871492D
:1099B00002F580520120956111601568FFF746F8A5
:1099C0002168E268019B01F5805C1046CCF80050EC
:1099D000136053609360D3601568A26145F48015ED
:1099E00040F8285BD060156845F440051560936227
:1099F000D36213635363E061906A02F1500540F44F
:109A0000801090625563906A40F440009062136544
:109A100053659365D365106D256240F4801002F1A3
:109A200078051065D565106D40F4400010659367AA
:109A3000D367C2F88030C2F88430906F656240F41A
:109A400080109067C2F88420906F40F440009067C7
:109A5000A362CCF81020D4E904204FF0004540F474
:109A60008040136053609360D36015605060D2F8FB
:109A700004E002F128062EF0004EC2F804E0C2E92C
:109A80000833A264D660C2E912339362D3621363CF
:109A900053639562D062D2F82CE02EF0004EC2F8EB
:109AA0002CE0E66402F15006566313655365936536
:109AB000D36515655065D2F854E02EF0004EC2F81B
:109AC00054E002F1780EC2E91C332665C2F85CE06E
:109AD0009367D367C2F88030C2F884309567D06747
:109AE000D06F20F00040D067C2E92633C4F854E0BC
:109AF000C2F884202366C4E91A33C4E916336068C7
:109B0000CCF80C201C4A8588156400685064CA6B28
:109B100042F40272CA63D1F80C2142F4003242F0DE
:109B20006002C1F80C21D1F81021102542F4031273
:109B30001846C1F81021C4F88830C4F8845004B025
:109B400070BD0422E0230120C4F88820C4F88430CA
:109B500004B070BD2023C0F8843014F065F8CCE662
:109B60000120704700380240003801400F8120FD7D
:109B7000233FDEF88020C10200800240D0F884201C
:109B8000102A01D001207047826E30B5144603467A
:109B900004F1120C1546202287B0C3F8842053F834
:109BA0002C20146A012004214FF0000C9865D9661E
:109BB000CDF814C0002C5AD0D3F814C04CF4804116
:109BC0005160116841F000411160691C032988BF90
:109BD000E91E01F1120253F82220146A002C61D010
:109BE000002800F000814CF4804EC2F804E0D2F866
:109BF00000E04EF0004EC2F800E04A1C032A154671
:109C000088BFCD1E05F1120153F821100A6A002AFF
:109C100000F0C380002800F0F0804CF4804EC1F8C2
:109C200004E06A1C032AD1F800E0144688BFEC1E49
:109C300004F112024EF0004EC1F800E053F8221079
:109C40000A6A002A00F0BD80002840F0DF804CF056
:109C5000004242F480424A600868621C40F00040C2
:109C6000032A1546086088BFE51E002032E005A8DB
:109C7000CDE9013214F0DAF8DDF814C0019BBCF133
:109C8000000F26D0986D029AC2F820C0C2F808C012
:109C9000D3F814C0002891D14CF0004141F4804128
:109CA00051608EE705A8CDE90232019114F0BEF8AB
:109CB000DDF814C0DDE90113BCF1000F00F09A805B
:109CC000039A986DC2F820C0C2F808C0D3F814C037
:109CD00086E70420D96E814200F08280BFF35F8F57
:109CE000D3F800C01C69E91C01F0030101EB8101FC
:109CF0000CF5805E04EBC101CEF80810C3E91A50E0
:109D00000120DCF800400193FEF7A0FE019B1968DA
:109D10000C6001F580510022D1F818C04CF4005CB1
:109D2000C1F818C0D1F818C04CF0020CC1F818C026
:109D30000592D1F818C04CF4801CC1F818C089698C
:109D400005910120FEF782FE019BDDF814C0196821
:109D500001F58050C0F818C0D1F800C04CF0080CD4
:109D6000C1F800C001200C68FEF770FE019B196865
:109D70000C600A6801F5805C42F004020A60DCF8BD
:109D80001C2042F4D0320020402142F0C102CCF825
:109D90001C20C3F8841007B030BD05A8CDE90131FF
:109DA00014F044F8DDF814C0019BBCF1000F2BD077
:109DB0000299986DC1F820C0C1F808C0D3F814C04A
:109DC00028E705A8CDE9011314F030F8059ADDE97C
:109DD0000113FAB1986DD3F814C00A628A6033E7B0
:109DE000D3F800C08CE74CF0004E4EF4804EC2F821
:109DF00004E0FCE60D4603206CE74CF0004E4EF408
:109E0000804EC1F804E00CE7022063E74CF4804286
:109E10004A6021E7254601205CE700BFD0F8842096
:109E2000402A01D00120704710B5D0F800C0202191
:109E30000CF5805284B0C0F88410D169019021F4EF
:109E4000D03121F0C101D161916921F400519161BA
:109E5000916921F002019161DCF8002022F00402F6
:109E6000CCF800200120DCF80040FEF7EFFD019B5C
:109E70001868002100F5805204600391D2F818C0E0
:109E80004CF4801CC2F818C0926903920120FEF7BE
:109E9000DDFD019BDDF80CC01A6802F58050C0F8AA
:109EA00018C0D2F800C02CF0080CC2F800C0012085
:109EB0001468FEF7CBFD019B1A68D3F848C0146004
:109EC000DCF80420D86C42F00042CCF80420426850
:109ED000D3F850C042F000424260DCF80420586DD4
:109EE00042F00042CCF804204268002142F00042D7
:109EF00042604FF0100C08469965C3F884C004B066
:109F000010BD00BF71B3D0F884C0BCF1400F01D0C8
:109F10000120704700B54A6B83B0C26301220190F3
:109F2000FFF7EEFB019BA0B9BFF34F8F9A6A511C5C
:109F3000032988BFD11E1A68996202F580535A69B5
:109F4000520703D50421002259615A60002003B052
:109F500000BDD3F88820012042F00202C3F8882017
:109F600003B000BDD0F8882042F00102C0F888207C
:109F7000012070472DE9F04F054687B0002966D0D3
:109F8000D0F88430402B5ED1C66DC76E06F1120347
:109F90008A4650F823402368002B5FDB00F18003E2
:109FA0004FF00009019300F17C03C7F1040B029309
:109FB0004F46C84603913AE0B9F1000F40F08A805D
:109FC0002368D80503D5E369AB67A3696B6723688A
:109FD000990501D4EB6FEBB123689A0548BFC5E939
:109FE000188823682268C3F30D4AD30503D5226875
:109FF0002A674FF00109A2682262DDE90110534689
:10A0000013F038FF2A6E01322A666A6E52446A667D
:10A01000C4F82080731C032B8CBF033E1E4606F140
:10A020001203013755F823402368002B61DBBB4541
:10A03000C2D1DDF80CA0EF6E5F44EF6697B9EE6514
:10A04000B9F1000F4ED1012007B0BDE8F08FD0F874
:10A05000883043F00103C0F88830F4E7002FF2D0D5
:10A060004FF00009D5F868800023059308F112032A
:10A0700055F82340236A002B3FD0AA6D6B69002A54
:10A0800044D043F480436360236808F10102032A4B
:10A0900043F000438CBFA8F103089046236008F109
:10A0A0001203013F55F82340E4D1EB6EBB42C6D00A
:10A0B000BFF35F8F2B682A6903F5805008F1030313
:10A0C00003F0030303EB830302EBC3028260C5E9E1
:10A0D0001A87B4E7EB6EDDF80CA01F44EF66002F83
:10A0E000C0D1EE65EA6FCAF8002000231846EB677E
:10A0F000AAE7DDF80CA0BB469DE705A813F096FE85
:10A10000059B002BD1D02362A360B6E743F0004348
:10A1100043F480436360B7E72DE9F041056C7DB1FE
:10A12000446C06464FF0000806EB840704EB8403FA
:10A13000F86A013D38B1F26852F83330002B0BDA7F
:10A140000020BDE8F081631C032B13D9033C002DD4
:10A15000EAD10020BDE8F08113F0AAFE631C032BB6
:10A160008CBF033C1C46C7F82C80C6E91054002D58
:10A17000DAD1EEE71C46002DD6D1EAE7704700BFE2
:10A18000704700BF026870B502F58051966B4A694E
:10A19000384DCC696D6912F0400F82B0034602D091
:10A1A00014F0400F4ED1D10701D5E0073CD4110483
:10A1B00001D5200405D431071DD42A032BD402B0C5
:10A1C00070BDD3F8881041F00801C3F888101968F1
:10A1D00001F5805112F4005F4A693ED148F2806077
:10A1E0000240C3F88C2048611846009313F0D0FB5E
:10A1F0003107009BE1D51A680093D26A02F0600231
:10A20000C3F894201846FFF7B9FF009B0022C3F85B
:10A2100094202A03D3D5174A4FF4002151611846E0
:10A22000FFF7AEFF02B070BD1968019201F58051D1
:10A230004FF0011048611846009313F0A3FBDDE9CD
:10A240000032B4E7DFF834C0C1F814C0CDE9002013
:10A2500013F092FBDDE90023A5E707480240C3F8AD
:10A260008C20CA6922F4C032CA61E022C3F884207B
:10A27000BAE700BF003C014000207E004000010022
:10A2800070B5044600681E460369920103F01C0382
:10A2900002F4F862C9021A4389B2114341F0010184
:10A2A0000161FEF7CDFB0546FEF7CAFB401BB0F58A
:10A2B000803F08D22368186910F00100F4D15B696F
:10A2C0009BB2336070BD012070BD00BF38B504463D
:10A2D00000689DB203694561920103F01C0302F41A
:10A2E000F862C9021A4389B2114341F003010161C6
:10A2F000FEF7A6FB0546FEF7A3FB401BB0F5803F2B
:10A3000005D22368186910F00100F4D138BD01208E
:10A3100038BD00BF002969D003681A68C2F3001273
:10A3200000B581F82820D3F800C01A68C2F3402293
:10A3300082F0010281F820201A68C2F30042CA7735
:10A340001A68C2F3403282F001028A771A68C2F3B7
:10A3500000320A770CF0600CC1F824C0D3F800C0BA
:10A360001A680CF4006C02F48042C1E9052C1A68EA
:10A37000C2F3805282F001024A741A68C2F3C052DA
:10A3800082F001020A741A68C2F3C012CA731A6812
:10A39000D3F800E002F4602CCEF380220A711A6830
:10A3A000C1F808C0C2F340628A739A69C2F34002DE
:10A3B00081F854209A69C2F3C01282F0010281F838
:10A3C0004C20D3F818C09A69120C8A649A69C2F3B7
:10A3D000800281F856209B690CF0300CC3F3C00357
:10A3E0000020C1F850C081F8553000BD01207047F1
:10A3F00019B1D0F88430102B01D00120704700B57E
:10A40000D0F800C0424B85B00290DCF80000039108
:10A410000340886803434869034388690343486AE3
:10A420000343887B43EA4063C87F43EA0043087FD5
:10A4300043EA0033087943EA8023C87B43EAC01328
:10A4400091F8280043EA0013087CB0FA80F0400934
:10A4500043EAC053487CB0FA80F0400943EA805395
:10A46000887FB0FA80F0400943EA403391F8200039
:10A47000B0FA80F0400943EA4023CCF80030DCF821
:10A48000003001930120FEF7E1FA029A019BD2F815
:10A4900000C00399CCF80030DCF818304FF641705A
:10A4A0000340086D0343886C43EA004391F84C0075
:10A4B000B0FA80F0400943EAC01391F85500A0F1CA
:10A4C0000100B0FA80F0400943EAC00391F8560059
:10A4D00091F85410A0F10100B0FA80F0A1F101014F
:10A4E0004009B1FA81F143EA8003490943EA410393
:10A4F000CCF81830DCF8181001910120FEF7A6FA0C
:10A50000029A019913680020996105B000BD00BF4F
:10A510000F8120FD38B5036805461C6900F0E6FF91
:10A520000F4B984224F01C0404D844F008042B6814
:10A530001C6138BD0B4B984204D22B6844F00C04CC
:10A540001C6138BD084B9842F1D9084B98422B68E2
:10A5500094BF44F0040444F010041C6138BD00BFF3
:10A56000BF0E160200879303FFE0F5057FD1F008C8
:10A57000D0F88800704700BFD0F88C00704700BF4B
:10A580001B4BDA68D10605D51A49CA691020024367
:10A59000CA61D860164BDA68920606D51549CA69B1
:10A5A000202042F00802CA61D860114BDA685006D8
:10A5B00006D51049CA69402042F00402CA61D86039
:10A5C0000B4BDA68110606D50A49CA69802042F0A9
:10A5D0000202CA61D860064BDA68920706D50549BF
:10A5E000CA69022042F02002CA61D860704700BFE9
:10A5F000003C0240980100202DE9F84F4B4F9B464C
:10A600003B7E012B60D001233B7600238946924696
:10A610008046FB61FEF714FA454C06464CF2503575
:10A6200004E0FEF70DFA801BA84248D8E368D8037F
:10A63000F7D4E368D90744BF0123E3603C4BDA68F1
:10A6400012F0F20F52D1B8F1000F40D0B8F1010F63
:10A650001A694FD022F440721A61B8F1020F1A69D8
:10A660005AD042F440721A611A6942F001021A612A
:10A67000C9F800A0BFF36F8FC9F804B00023FB61D5
:10A68000FEF7DEF92A4C06464CF2503504E0FEF7A0
:10A69000D7F9801BA84227D8E368DA03F7D4E36828
:10A6A000DB0744BF0123E360214BD86810F0F200C0
:10A6B0002ED11F4A136923F00103136100E0032028
:10A6C00000233B76BDE8F88F0220BDE8F88F1A69B9
:10A6D00022F440721A611A691A611A6942F0010281
:10A6E0001A6189F800A0C9E70320E2E7FFF748FFF5
:10A6F0000120E5E722F440721A611A6942F480727F
:10A700001A611A6942F001021A61A9F800A0B5E7BE
:10A71000FFF736FF0120CCE742F400721A611A6994
:10A7200042F001021A61C9F800A0A7E798010020D1
:10A73000003C0240064B1A69002A01DB00207047EA
:10A740000449054A59605A601869C00F704700BF34
:10A75000003C024023016745AB89EFCD034A1369F2
:10A7600043F0004300201361704700BF003C0240EB
:10A7700010B51A4B002282B00446DA61FEF760F988
:10A78000621C0FD024B3164A0146D368DB030DD5F3
:10A790000191FEF755F90199114A401A8442F4D209
:10A7A00003200EE00E4AD368D803FCD40C4BDA68C1
:10A7B000D20744BF0122DA60094BD86810F0F200DA
:10A7C00001D102B010BDFFF7DBFE012002B010BDC9
:10A7D000034BDB68D903E3D4E8E700BF980100200E
:10A7E000003C0240144B1A6891050FD51A6822F4F8
:10A7F00000721A601A6842F400621A601A6822F441
:10A8000000621A601A6842F400721A600A4B1A68F1
:10A8100052050FD51A6822F480621A601A6842F451
:10A8200080521A601A6822F480521A601A6842F440
:10A8300080621A60704700BF003C02402DE9F84377
:10A84000394F3B7E012B4FD0012380464CF25030D4
:10A850000C4689463B76FFF78BFF064600283ED123
:10A860004FF0FF332360D8F80030012B40D0D8E9F7
:10A8700002532B449D4230D22C4C05E0D8E90223F0
:10A8800001351344AB4228D998F81030022B4FF40D
:10A89000407298BF1A02236923F44073236123692D
:10A8A00013432361236923F078032361236943EA77
:10A8B000C50343F002032361236943F4803323611A
:10A8C0004CF25030FFF754FF236923F07A032361E1
:10A8D0000028D3D0C9F800500646FFF783FF0023B5
:10A8E0003B763046BDE8F88302263046BDE8F88363
:10A8F0000E4CD8F81030226922F44072226122698D
:10A9000042F00402226122691B029BB2134343F40A
:10A91000803323614CF25030FFF72AFF236923F084
:10A92000040306462361D8E798010020003C02405A
:10A930002DE9F04FA94A0B68904285B04FF0000214
:10A9400000F0D980DFF8A4C24FF0010B8A4603E083
:10A950000132102A00F0A4800BFA02F101EA03058B
:10A960009943F5D1DAF8044004F00306771E51004C
:10A970004FF0030E012F0EFA01FE58D9032E08D016
:10A98000C76827EA0E08DAF808708F4047EA080718
:10A99000C76006FA01F1066826EA0E06314314F490
:10A9A000403F0160D4D08E4E00210391716C41F480
:10A9B00080417164716C01F480410391039922F02C
:10A9C000030101F1804101F59C3102F003078E681B
:10A9D000BF004FF00F0E0EFA07FE26EA0E08814E5A
:10A9E000B04260D0804EB04200F05981DFF800E202
:10A9F000704500F05B81DFF8FCE1704500F0648198
:10AA0000DFF8F4E1704500F06681DFF8F0E17045B1
:10AA100000F05381DFF8E8E170450CBF4FF0070EFE
:10AA20004FF0080E0EFA07F748EA070641E087687C
:10AA300027EA0E08DAF80C708F4047EA08078760AB
:10AA4000476827EA0508C4F30017974047EA080754
:10AA50004760C76827EA0E08DAF808708F4047EAAF
:10AA60000807022EC76094D14FEAD20900EB89098A
:10AA700002F00708D9F820700097DAF810704FEA52
:10AA8000880807FA08F701970F2707FA08F8009FC8
:10AA900027EA0808019F47EA0807C9F8207078E705
:10AAA00005B0BDE8F08F4FF0010E0EFA07F748EA47
:10AAB00007068E60DCF80810E60254BFA94329435C
:10AAC000CCF80810DCF80C10A70254BFA9432943A6
:10AAD000CCF80C10DCF80410A60354BFA94329439A
:10AAE000CCF80410DCF80010E40354BFA943294358
:10AAF000CCF800102CE7DFF8E8B04FF0010902E0D5
:10AB00000132102ACCD009FA02F403EA04079C436C
:10AB1000F6D14E6806F0030808F1FF3C5400032507
:10AB2000BCF1010F05FA04FA6CD9B8F1030F0AD091
:10AB3000D0F80CE08D682EEA0A0E05FA04FC4CEA07
:10AB40000E0CC0F80CC0D0F800C008FA04F42CEACF
:10AB50000A0C44EA0C0416F4403F0460D0D00024F0
:10AB60000394DBF8444044F48044CBF84440DBF8E1
:10AB7000444004F480440394039C22F0030404F151
:10AB8000804404F59C3402F0030CD4F808E00F254F
:10AB90004FEA8C0C05FA0CFC2EEA0C0CC4F808C029
:10ABA000124CF502A46878D424EA07040F4DAC6077
:10ABB000EC68B5026FD424EA07040C4DEC606C68B5
:10ABC000B50366D424EA0704084D6C602C68F503CD
:10ABD0005DD424EA0704054D2C6091E70000024093
:10ABE000003802400004024000080240003C0140DE
:10ABF000000C024000100240001402400018024005
:10AC0000001C0240D0F808E0CD682EEA0A0E05FAD2
:10AC100004FC4CEA0E0CC0F808C0D0F804E0C6F3FF
:10AC2000001C2EEA070E0CFA02FC4CEA0E0CC0F8CF
:10AC300004C0D0F80CE08D682EEA0A0E05FA04FC78
:10AC40004CEA0E0CB8F1020FC0F80CC07FF47BAFD9
:10AC50004FEAD20C4FEA8C0C0CF1804C0CF5003C06
:10AC600002F0070EDCF8205000950D694FEA8E0EB9
:10AC700005FA0EF501950F2505FA0EFE009D25EA51
:10AC80000E0E019D45EA0E0ECCF820E05BE73C433A
:10AC9000A1E73C4398E73C438FE73C4386E74FF00E
:10ACA000020E0EFA07F748EA070602E74FF0030E16
:10ACB0000EFA07F748EA0706FBE64FF0060E0EFA13
:10ACC00007F748EA0706F4E64FF0040E0EFA07F716
:10ACD00048EA0706EDE64FF0050E0EFA07F748EAD8
:10ACE0000706E6E67B4B98422DE9F04F4FF0000354
:10ACF0004FF0010600F08180DFF8F8A14FF00F0956
:10AD00004FF0030B02E00133102B31D006FA03F2AF
:10AD100032EA010402EA010CF5D123F0030404F144
:10AD2000804404F59C3403F00305AD00D4F808E03A
:10AD300009FA05F850452F4608EA0E0E1AD0664D5E
:10AD4000A84254D0654DA84254D0654DA84200F0A9
:10AD5000B780644DA84200F0B680634DA84200F071
:10AD6000B580624DA8420CBF07250825BD4003E011
:10AD7000BDE8F08F06FA05F5AE4515D15C4D5C4F88
:10AD80002D6825EA0C053D607D6825EA0C057D608F
:10AD9000FD6825EA0C05FD60BD6825EA0C05BD606F
:10ADA000A56825EA0805A56005685C000BFA04F4AF
:10ADB0004FEAD30C25EA040500EB8C0C056003F088
:10ADC0000705DCF820E0AD0009FA05F52EEA0505D7
:10ADD000CCF82050C56825EA0405C560456825EA19
:10ADE00002024260826822EA040282608BE7022546
:10ADF000BD40C1E70325BD40BEE73D4F4FF00F0CFE
:10AE00004FF0030E02E00133102BB1D006FA03F22B
:10AE100001EA02058A43F6D123F0030202F18042DF
:10AE200002F59C3203F00304D2F80890A4000CFA57
:10AE300004F414EA090F6FEA05081DD1D7F8008061
:10AE400028EA0508C7F80080D7F8048028EA050832
:10AE5000C7F80480D7F80C8028EA0508C7F80C80EA
:10AE6000D7F8088028EA0508C7F808806FEA0508BF
:10AE7000956825EA0404946002685C000EFA04F404
:10AE800022EA04020260DA08920002F1804202F52E
:10AE9000003203F00705D2F82090AD000CFA05F55A
:10AEA00029EA05051562C26822EA0402C260426806
:10AEB00008EA02024260826822EA04028260A2E793
:10AEC0000425BD4058E70525BD4055E70625BD4092
:10AED00052E700BF0000024000080240000C0240A0
:10AEE000001002400014024000180240001C024002
:10AEF000003C01400004024002B90904816170472E
:10AF0000044A5169014200D1704708B5506113F0FD
:10AF100081F808BD003C014030B3D0E9003170B584
:10AF2000826804464CF6CC40186045F255501860D3
:10AF300059609A60FDF784FD2368DA68054690073A
:10AF40000DD041F60106FDF77BFD401BB0422368A2
:10AF500002D9DA68910709D1DA689207F3D14AF683
:10AF6000AA221A60002070BD01207047032070BD26
:10AF700003684AF6AA2200201A607047002800F0F1
:10AF80006B8170B50368DD0782B0044630D59F49F8
:10AF90008A6802F00C02042A00F0F1808A6802F04C
:10AFA0000C02082A00F0E7806368B3F5803F00F0E8
:10AFB000F080B3F5A02F00F07C8194490A6822F458
:10AFC00080320A600A6822F480220A60002B40F076
:10AFD000E580FDF735FD054605E0FDF731FD401B39
:10AFE000642800F20781894B1B689E03F5D423680F
:10AFF0009D0729D5854A916811F00C0F00F09480C7
:10B00000916801F00C01082900F08A80E368002BA8
:10B0100000F011817E4B01221A60FDF711FD0546FB
:10B0200005E0FDF70DFD401B022800F2E380774BA1
:10B030001B689E07F5D5754922690B6823F0F80354
:10B0400043EAC2030B6023681A0754D45D0731D565
:10B050006E4A136C13F0805300F0818000266D4B14
:10B060001B68D80540F1B480A368012B00F0C580AF
:10B07000052B00F02E8165490A6F22F001020A6754
:10B080000A6F22F004020A67002B40F0BB80FDF734
:10B09000D7FC054607E0FDF7D3FC41F28833401B9F
:10B0A000984200F2A780594B1B6F9B07F3D4002EE8
:10B0B00040F00981A369DBB1544A926802F00C02A6
:10B0C000082A00F0CB80022B514B4FF000021A6689
:10B0D00000F00981FDF7B4FC044605E0FDF7B0FC83
:10B0E000001B022800F28680484B1B689B01F5D4A8
:10B0F000002002B070BD636903B3454B0122C3F861
:10B10000802EFDF79DFC054604E0FDF799FC401BF1
:10B1100002286FD83D4B5B6F9B07F6D5236895E7F8
:10B12000526851023FF572AF384A1268920743D510
:10B13000E268012A40D0012002B070BD344AC2F852
:10B14000803EFDF77DFC054604E0FDF779FC401BE1
:10B1500002284FD82D4B5B6F9E07F6D4DEE7019394
:10B16000136C43F080531364136C03F0805301930A
:10B17000019B012673E74A6851027FF515AF234A08
:10B18000126892037FF534AF6268002A7FF430AF13
:10B19000D1E71E4A136843F480331360FDF750FC77
:10B1A000054604E0FDF74CFC401B642822D8174BF1
:10B1B0001B689B03F6D51AE7144920690A6822F038
:10B1C000F80242EAC0020A601A077FF53FAF92E731
:10B1D000104A136843F480731360FDF731FC054691
:10B1E0000C4B1B68D9053FF53FAFFDF729FC401B11
:10B1F0000228F5D9032002B070BD044A136F43F052
:10B2000001031367FDF71CFC05460CE00038024003
:10B210000000474200700040FDF712FC41F2883305
:10B22000401B9842E6D8484B1B6F9A07F4D5002E76
:10B230003FF440AF47E0454A1360FDF701FC054687
:10B2400004E0FDF7FDFB401B0228D3D83E4B1B68F2
:10B250009907F6D42368F7E601207047012B3FF4E5
:10B260006AAF394BE2695B6803F4800191427FF475
:10B2700062AF226A03F03F0191427FF45CAF616AE2
:10B2800047F6C0721A40B2EB811F7FF454AFA26A36
:10B29000520803F44031013AB1EB024F7FF44BAF57
:10B2A000E26A03F07063B3EB026F14BF0120002069
:10B2B0001FE7254B1A6842F480221A601A6842F48C
:10B2C00080321A606AE7204A136C23F080531364BB
:10B2D000F0E61D4B1A6F42F004021A671A6F42F033
:10B2E00001021A678EE7FDF7ABFB054605E0FDF7A7
:10B2F000A7FB401B02283FF67DAF134B1B6899014B
:10B30000F5D4D4E90731626A0B4343EA8213D4E9E6
:10B310000A2052080D490C4C43EA0063013A0A48DE
:10B3200043EA0243012243600A66FDF789FB0546B2
:10B3300005E0FDF785FB401B02283FF65BAF236865
:10B340009A01F6D5D4E600BF00380240000047421B
:10B35000164908B58B6803F00C03042B1BD0082B8F
:10B3600001D0134808BD4A684B68496813F480034C
:10B3700002F03F0211D10E48C1F38811A1FB000178
:10B38000F5F788F9094B5B68C3F3014301335B00B0
:10B39000B0FBF3F008BD074808BD0648C1F38811AB
:10B3A0000023A1FB0001F5F775F9EBE70038024037
:10B3B0000024F40000127A0058B1474A136803F0E1
:10B3C00007038B4207D21170136803F007038B4207
:10B3D00001D00120704703689A072DE9F04114D588
:10B3E0005F0704D53D4CA26842F4E052A2601E07FC
:10B3F00004D53A4CA26842F46042A260374C85689A
:10B40000A26822F0F0022A43A260DD0788460746C0
:10B4100021D54268012A58D0931E012B2F4B1B685F
:10B4200050D9990724D52D4CA36823F00303134367
:10B43000A360FDF705FB41F28835064604E0FDF701
:10B44000FFFA801BA84245D8A3687A6803F00C0372
:10B45000B3EB820FF3D1204A136803F0070343458F
:10B4600009D982F80080126802F00702424502D032
:10B470000120BDE8F0813B685A0706D51749F868F6
:10B480008A6822F4E05202438A601B0707D5134AF8
:10B490003969936823F4604343EAC1039360FFF77B
:10B4A00057FF0E4A0E4C92680E49C2F30312034630
:10B4B000A25C0D48D34000680B60FBF75DFB0020E9
:10B4C000BDE8F0819801AED4D2E7044B1B689C0321
:10B4D000A9D4CDE70320CCE7003C0240003802406D
:10B4E000546A06089C00002094010020014B186853
:10B4F000704700BF9C000020044B05499B68054A2B
:10B500000868C3F38223D35CD840704700380240F8
:10B510009C0000204C6A0608044B05499B68054ABC
:10B520000868C3F34233D35CD84070470038024008
:10B530009C0000204C6A06080D4BDFF838C00F2233
:10B5400002609A6802F0030242609A6802F0F00218
:10B5500082609A6802F4E052C2609B68DB0803F4E0
:10B56000E0530361DCF8003003F007030B60704721
:10B5700000380240003C0240F0B5036813F0050FAC
:10B5800083B0064627D0474B474C00229A66FDF70A
:10B5900057FA054604E0FDF753FA401B02282BD862
:10B5A00023681B01F7D4D6E901131B0743EA811373
:10B5B0003C4AC4F8843001239366FDF741FA3A4CC3
:10B5C000054604E0FDF73CFA401B022814D8236826
:10B5D0001F01F7D53368980711D400200DE0FDF75F
:10B5E0002FFA41F288350746236F9B073CD4FDF7BD
:10B5F00027FAC31BAB42F7D9032003B0F0BD2A4B97
:10B600002A4C002201921A6C42F080521A641B6C80
:10B6100003F080530193019B236843F480732360FC
:10B62000FDF70EFA054604E0FDF70AFA401B022872
:10B63000E2D82368D905F7D51B4CF368226F12F4C2
:10B64000407203F4407112D08A4210D0236F154A21
:10B650000121C2F8401E23F440730021C2F8401EAD
:10B660002367236FDA07BAD4F36803F44071B1F5A6
:10B67000407F0BD00C498A6822F4F8128A600A4A8B
:10B68000116FC3F30B030B431367A6E706488268E9
:10B6900023F0704121F4407122F4F8120A438260D1
:10B6A000EDE700BF00004742003802400070004054
:10B6B00000285ED038B5437F044603F0FF024BB14B
:10B6C000022223686277DA68D20607D501236377FE
:10B6D000002038BD0277FBF75BF9F1E75322CA215E
:10B6E00059625A62DA68550628D599686268D4F8B2
:10B6F00010C021F4E00121F040019960616998686F
:10B7000042EA0C020A430243E1689A6019611A692D
:10B71000A16842EA01421A61DA6822F08002DA6026
:10B720009A68910627D51A6CA06922F480221A64BF
:10B730001A6CFF2102431A645962C7E7DA6842F0C3
:10B740008002DA60FDF77CF9054605E0FDF778F93F
:10B75000401BB0F57A7F04D82368DA685006C4D459
:10B76000F4E7236804226277FF22D9685A62012035
:10B7700038BD012070470A4ADA60FDF761F90546D5
:10B780002368DA689206CED4FDF75AF9401BB0F56B
:10B790007A7FF5D923680421FF2261775A62E6E7B0
:10B7A0005F7F0100F8B5037F012B00F0A5801546EF
:10B7B000022301220277044602684377002D3BD121
:10B7C00093685E060B7858BFCD70092B09D900200D
:10B7D0000A3BDBB2092B00F10100F9D843EA001360
:10B7E000DBB291F801C0BCF1090F4FEA03430DD958
:10B7F0000020ACF10A0C5FFA8CFCBCF1090F00F1DF
:10B800000100F6D84CEA001C5FFA8CFC8878092805
:10B810004FEA0C2C08D90A38C0B2092805F10105F5
:10B82000F9D840EA0510C0B2CD7843EA855343EA1F
:10B830000C0343EA000711E090684B780D7810F094
:10B8400040004FEA032314BFC878C87043EA054399
:10B850008D7818BF80052B4343EA0007CA23536243
:10B8600053235362D3685D060E461DD507F07F3320
:10B8700023F0FE4313609168F36821F48021916006
:10B8800031690B4391680B439360D36823F08003C5
:10B89000D360936899061ED5012363770020FF21AA
:10B8A000002351622377F8BDD36843F08003D3604F
:10B8B000FDF7C6F805462268D3685806D6D4FDF7CA
:10B8C000BFF8401BB0F57A7FF5D90423226863776F
:10B8D000D3680120E3E70C4BD360FDF7B1F80546D0
:10B8E00005E0FDF7ADF8401BB0F57A7F06D8226879
:10B8F000D3689B06F5D5CFE70220F8BD0423226864
:10B9000063770120CBE700BF5F7F0100037F012B3E
:10B9100000F09C8070B504460223012020776377F5
:10B92000C8784B781AB38D780A781B0243EA004333
:10B930002B4343EA423623685322CA2159625A6292
:10B94000DA68550653D526F07F4222F0C0025A60CD
:10B95000DA6822F08002DA609A68910665D50122E1
:10B9600062770020FF2100225962227770BDDE0637
:10B9700058D523F010030A33DBB209284B7098BF67
:10B9800000040ED94FF0000C0A38C0B209280CF19F
:10B99000010CF9D840EA0C10C0B2092B4FEA004064
:10B9A0000AD94FF0000C0A3BDBB2092B0CF1010C59
:10B9B000F9D843EA0C13DBB291F802C0BCF1090FCD
:10B9C0004FEA03230CD9ACF10A0C5FFA8CFCBCF1F2
:10B9D000090F02F10102F6D84CEA021C5FFA8CFC56
:10B9E0000A7840EA4230184340EA0C06A3E7DA68D6
:10B9F00042F08002DA60FDF723F805462368DA6832
:10BA00005006A0D4FDF71CF8401BB0F57A7FF5D99D
:10BA1000236804226277DA68FF21002259622277C4
:10BA2000012070BD0928ADD8B7E70C4ADA60FDF7F0
:10BA300007F8054605E0FDF703F8401BB0F57A7FEF
:10BA400006D82368DA689206F5D588E702207047A1
:10BA5000042223686277012084E700BF5F7F010032
:10BA60000368503343F82120704700BF2DE9F041AF
:10BA700084B0984614460A9E0D460746FCF7E0FF40
:10BA80004644361AFCF7DCFF2C4B1B68C3F3CB3360
:10BA900006FB03F3B8F1FF3F0246039313D03B6864
:10BAA0009B6835EA03030CBF01230023A34213D094
:10BAB0000192FCF7C5FF019A801AB04210D2039B95
:10BAC0005BBB1E46EBE73A68936835EA03030CBF9D
:10BAD00001230023A342F7D1002004B0BDE8F08188
:10BAE000D7E900315A68B1F5827F22F0E0025A604E
:10BAF00017D0BA6AB2F5005F07D11A6822F4005273
:10BB00001A601A6842F400521A600122002387F872
:10BB1000512087F850300320DFE7039B013B03935C
:10BB2000BDE7BA68B2F5004F02D0B2F5806FE0D140
:10BB30001A6822F040021A60DBE700BF9C00002078
:10BB400070B586B00B460E461546009202210122C2
:10BB50000446FFF78BFF38BB174B18491B68A1FB46
:10BB600003135B0D4FF47A7101FB03F305936368D4
:10BB7000B3F5827F024607D10CE0059B2168013BAB
:10BB800005938B681B0602D5059B002BF5D110464B
:10BB900006B070BD03900095334680212046FFF724
:10BBA00065FF039A0028F2D0636D032243F020035F
:10BBB0001046636506B070BD9C000020819F5E1634
:10BBC0002DE9F04182B003F164040F4616460546A4
:10BBD000FCF736FF241AFCF733FF274B1B68C3F32F
:10BBE000CB3304FB03F38046019308E0FCF728FF06
:10BBF000A0EB0800A0420FD2019B63BB1C462B6840
:10BC00009B6837EA03030CBF01230023B342EDD145
:10BC1000002002B0BDE8F081D5E900315A68B1F5E5
:10BC2000827F22F0E0025A6019D0AA6AB2F5005F62
:10BC300007D11A6822F400521A601A6842F40052BE
:10BC40001A6001220023032085F8512085F8503026
:10BC500002B0BDE8F081019B013B0193CFE7AA68E8
:10BC6000B2F5004F02D0B2F5806FDED11A6822F033
:10BC700040021A60D9E700BF9C00002030B50B4697
:10BC800085B00D46012202210446FFF799FF30BB23
:10BC9000174B18491B68A1FB03135B0D4FF47A7116
:10BCA00001FB03F361680393B1F5827F024607D17C
:10BCB0000CE0039B2168013B03938B681B0602D5B4
:10BCC000039B002BF5D1104605B030BD01902B46EB
:10BCD00080212046FFF774FF019A0028F3D0636D9E
:10BCE000032243F020031046636505B030BD00BF5A
:10BCF0009C000020819F5E16002863D030B5416A09
:10BD000083B0034600294BD00022C0E9042293F8F7
:10BD100051200020986202F0FF0C002A46D0054610
:10BD200018689C69022283F85120026822F04002C0
:10BD3000026001F0100C5A68996802F4827201F4F2
:10BD400004410A43D96801F400610A43196901F00A
:10BD500002010A43596901F001010A43D96904F457
:10BD6000007401F0380E196A224301F0800142EAA2
:10BD70000E020A439969090C01F004012A4341EAC1
:10BD80000C0102604160C169002221F40061C161BF
:10BD90004FF0010C10465A6583F851C003B030BD16
:10BDA0004268B2F5827FB2D0C161B0E783F850C07B
:10BDB00018460193FAF734FE019BD3E9091202F405
:10BDC0000055ADE701207047F0B5044685B01E462A
:10BDD00001911546FCF734FE94F85130012B6ED1D9
:10BDE00001990746D8B2002967D0002D65D094F894
:10BDF0005030012B63D084F85000A0682368216381
:10BE000000224FF0030CB0F5004F84F851C0C4E994
:10BE100010226265A586E586A263A287E2879C461A
:10BE200007D11A6822F040021A601A6842F4804270
:10BE30001A601A68500645D5E2686068B2F5006F6E
:10BE400049D0002840F082800A781A73226BE38E72
:10BE50000132013B2263E386E38E9BB293B1701CF7
:10BE60006AD123689A68910773D5226B12781A7386
:10BE7000E38E226B013BE386E38E01329BB22263A9
:10BE8000002BEED13A4631462046FFF759FE08B165
:10BE900020236365A36833B922680393D3680393AF
:10BEA00093680393039B012384F85130606D002352
:10BEB000C01A84F8503018BF012005B0F0BD022030
:10BEC00005B0F0BD1A68606842F040021A60E2688E
:10BED000B2F5006FB5D1002862D0012D60D0E28E9E
:10BEE00092B2002ACED0721C49D19A6895070ED51D
:10BEF000216B31F8022BDA60E28E2163013AE2868F
:10BF0000E28E92B2002ABDD09A689507F0D4FCF771
:10BF100097FDE38E9BB2002BB4D02368E5E7226B3C
:10BF200012781A73226BE38E0132013B2263E3869F
:10BF3000E38E9BB2002BA5D023689A689207EED4BB
:10BF4000FCF77EFDC01BB042F2D321E0012D83D16E
:10BF50007AE7FCF775FDE38E9BB2002B81D191E768
:10BF6000226B32F8023BCCF80C30E38E2263013BAB
:10BF7000E386E38E9BB2002B84D0D4F800C0DCF8BB
:10BF800008309907ECD4FCF75BFDC31BB342F0D338
:10BF9000012384F85130002384F8503003208CE7CB
:10BFA00031F8022BDA60E28E2163013AE28696E7ED
:10BFB000F0B5044685B0164601911D46FCF740FDDC
:10BFC00094F8513062680199012B07460AD0B2F506
:10BFD000827F40F08780D8B2A368002B40F0828037
:10BFE00004287FD1002900F08580002E00F0828097
:10BFF000002D7FD094F85030012B73D094F851303D
:10C00000A663042B1CBF052384F85130002363650D
:10C010000120C4E910332368E58784F85000E586E1
:10C020001868A58740062163A58603D4186840F0E8
:10C0300040001860E068B0F5006F5ED0002A00F0A4
:10C04000C880012D00F0C5800A9B01334FF0010527
:10C0500026D08DE0226893689B070ED5E38E9BB2B5
:10C060005BB155B1236B1B781373E18E236B226890
:10C07000013301390025E1862363936813F001033E
:10C080000CD0E18F89B249B1A16BD2680A70A16B63
:10C09000E28F0131013AA163E2871D46FCF7D0FC33
:10C0A000E38E9BB2002BD5D1E38F9BB2002BD1D175
:10C0B0000A993A462046FFF743FDB0B9A36833B961
:10C0C00022680393D368039393680393039B01232C
:10C0D00084F85130606D0023C01A84F8503018BFC6
:10C0E000012000E0022005B0F0BD2022002362659F
:10C0F00084F85030012005B0F0BD002A72D131F82B
:10C10000022BDA60E38E2163013BE3860A9B013355
:10C110004FF0010523D068E02268936898070CD59A
:10C12000E38E9BB24BB13DB1216B31F8023BD36042
:10C13000E38E2163013BE3860025936813F001033E
:10C140000BD0E18F89B241B1A16BD26821F8022BEB
:10C150001D46E38FA163013BE387FCF771FCE38E8F
:10C160009BB2002BD8D1E38F9BB2002BD4D19FE799
:10C17000E38E9BB21BB9E38F9BB2002B98D0226851
:10C18000936899070ED5E38E9BB25BB155B1236BD3
:10C190001B781373E18E236B22680133013900256C
:10C1A000E1862363936813F0010303D0E18F89B222
:10C1B00000294AD1FCF744FC0A9BC01B9842D7D304
:10C1C000012384F851300320002384F8503005B057
:10C1D000F0BD0A781A73226BE38E0132013B2263B1
:10C1E000E38631E7012D91D189E7E38E9BB223B934
:10C1F000E38F9BB2002B3FF45BAF226893689E07EE
:10C200000CD5E38E9BB24BB13DB1216B31F8023BB3
:10C21000D360E38E2163013BE3860025936813F02E
:10C2200001030BD0E18F89B241B1A16BD26821F833
:10C23000022B1D46E38FA163013BE387FCF700FC63
:10C240000A9BC01B9842D0D3BAE7A16BD2680A7090
:10C25000A16BE28F0131013AA163E2871D46A9E794
:10C26000F0B590F851E0BEF1010F85B075D15FFADD
:10C270008EFC00296ED0002A6CD01D464368B3F5B1
:10C28000827F04460F4603D18368002B00F0E080D4
:10C290000392FCF7D5FB94F85030012B06465CD096
:10C2A000A0682168039AA2874FF0010C002384F84C
:10C2B00050C0B0F5004F4FF0040C84F851C0C4E9F1
:10C2C00010336365A763E2872363A386E3860A4688
:10C2D00000F09D800B685F0603D40B6843F04003B9
:10C2E0000B60E368002B3DD1E38F9BB2C3B16F1CA1
:10C2F0000DD065E0A36B127B1A70E38FA16B013B3D
:10C30000E387E28F013192B2A1634AB12268936858
:10C31000D807EFD4FCF794FBE38F9BB2002BF5D149
:10C320006368B3F5827F7BD000962B460022012103
:10C330002046FFF79BFB002840F08380012384F810
:10C340005130606D0023B0EB030C84F8503018BFFF
:10C350004FF0010C604605B0F0BD4FF0020C604696
:10C3600005B0F0BDE38F9BB2002BD9D0681C3DD146
:10C370008B68DB070ED5A26BCB6822F8023BE38FFC
:10C38000A263013BE387E38F9BB2002BC8D08B688D
:10C39000DB07F0D4FCF754FBE38F9BB2002BBFD03C
:10C3A0002168E5E7A36B127B1A70A26BE38F013261
:10C3B000013BA263E387E38F9BB2002BB0D02268DE
:10C3C0009368D907EED4FCF73BFB801BA842F2D35D
:10C3D00014E0A16BD36821F8023BE38FA163013B1A
:10C3E000E387E38F9BB2002B9AD022689368DB0728
:10C3F000EFD4FCF725FB801BA842F2D3012384F87D
:10C400005130002384F850304FF0030CA2E70B6842
:10C4100023F040030B600B6823F480430B6059E763
:10C42000A368B3F5004F2ED0B3F5806F1BD00096F4
:10C430002B46002280212046FFF718FB00283FF4FE
:10C440007DAF636D43F0200363652023636575E76B
:10C450004FF0040C0095134680F851C00A46FFF7D0
:10C46000A7FD844676E721680A6822F040020A6048
:10C470002B460022009601212046FFF7F7FA0028FC
:10C480003FF45CAFDDE72268136823F040031360DC
:10C49000CDE700BF38B5044690F8510001280BD015
:10C4A0005FFA80FC6068B0F5827F48D1A068002800
:10C4B00045D1BCF1040F42D100293ED0002A3CD026
:10C4C000002B3AD094F85000012838D0012084F88D
:10C4D000500094F85100216304281CBF052084F803
:10C4E000510000206065E386E38794F85110A3862D
:10C4F000C4E910000429E06CA387284914BF284B25
:10C50000284BA2630364E38FC164216814BFDFF882
:10C5100098C0DFF898C0C0F83CC0002505659BB204
:10C520000C31FCF75DFF054658B1636D4FF000021A
:10C5300043F0100384F850206365012038BD0220C9
:10C5400038BD2268A06C536843F001035360E38E4A
:10C55000C0E90F55C0E913559BB2216B0C32FCF7B3
:10C560003FFF98B923681A68520603D41A6842F04C
:10C5700040021A60002284F850205A6842F02002DB
:10C580005A605A6842F002025A6038BD636D84F8FE
:10C59000505043F010036365CFE700BFF1C60408B5
:10C5A000E1C60408D1C60408D9C7040815C70408A1
:10C5B00070B590F85130012B54D18C46DDB2002972
:10C5C0004ED0002A4CD083680446002B4DD090F802
:10C5D0005010012946D00021C0E9101180F85050B8
:10C5E0008186C0F838C08287B3F5004F4FF0040051
:10C5F00084F851006165E287E186216807D10B6804
:10C6000023F040030B600B6823F480430B60E06C65
:10C61000E38F6246DFF8A8C0C0F840C0DFF8A4C0CE
:10C62000C0F83CC00026DFF8A0C0C0F84CC00C31F8
:10C630009BB20665FCF7D4FE78BB23681A685206E5
:10C6400003D41A6842F040021A60002584F8505062
:10C650005A6842F020025A605A6842F001025A6059
:10C66000284670BD0225284670BD4668B6F5827F13
:10C670001CD090F850100129F4D0042184F85110F6
:10C68000C4E9103363652168E28784F85050C4F828
:10C6900038C0A287A386E386B9E7636D4FF0000236
:10C6A00043F0100384F850206365D9E7042580F82F
:10C6B00051501346BDE870400A46FFF7EBBE00BF7D
:10C6C000D1C6040815C70408F1C60408704700BFA6
:10C6D00008B5806BFFF7FAFF08BD00BF704700BFC9
:10C6E00008B5806BFFF7FAFF08BD00BF704700BFB9
:10C6F000806B026808B5536823F003035360436DF1
:10C70000012143F01003436580F85110FFF7EEFF5D
:10C7100008BD00BF38B50546846BFCF791F92A685F
:10C72000126812F480721ED121684D6825F0200530
:10C730004D60D4E90153D3B1D1F804C0B5F5827F7F
:10C740002CF0010CC1F804C01DD0034600220121C9
:10C750002046FFF735FA28BB01230022E28784F840
:10C760005130636D5BB9204611F0BCFE38BDB5F5A4
:10C77000827F4B681DD023F001034B60E5E7204624
:10C78000FFF7B4FF38BDB3F5004F16D10B6823F0A7
:10C7900040030B600346002280212046FFF710FA79
:10C7A0000028D9D0636D43F02003636520236365BF
:10C7B000D2E723F003034B60ECE7B3F5806FE9D1D8
:10C7C0000D6825F0400503460D6020460121FFF766
:10C7D000F7F90028C0D0E5E738B50546846BFCF7CB
:10C7E0002FF92B681B68DB051AD42268536823F0E5
:10C7F0002003014653602046FFF740FA18B1636DED
:10C8000043F02003636521684B68002223F0030393
:10C8100001204B60E286E28784F85100636D1BB90A
:10C82000204611F051FE38BD2046FFF75FFF38BDAE
:10C8300000B50168D1F804C08A6812F0400F87B0D3
:10C840000346C2F3801E1AD112F0010F37D19007B0
:10C8500054D4900600F1A780D2050ED51CF0200F0D
:10C860000BD05A6D002042F008025A6505908A6884
:10C870000592059A5A6D002A6CD107B000BD12F0DE
:10C88000020024D01CF0800F40F0928012F02000B3
:10C8900039D11CF0200FF0D093F851E0BEF1030F16
:10C8A00000F08C80D3F854E04EF0040EC3F854E04E
:10C8B0000290C868029088680290029845E01CF0D7
:10C8C000400FC4D0036C07B05DF804EB18471CF0B0
:10C8D000200FD2D093F851E0BEF1030F6ED0D3F801
:10C8E00054E04EF0040EC3F854E00290C868029081
:10C8F000886802900298900627D519E01CF0800FF6
:10C9000056D19006A8D51CF0200FB6D0BEF1000F6E
:10C910000ED093F85100032850D0586D40F0040019
:10C92000586500200290C8680290886802900298BA
:10C93000586D40F00100586500200490886804900C
:10C94000086820F0400008600498D20589D45A6D28
:10C95000002A92D04A68012022F0E0021CF0030F66
:10C960004A6083F8510036D04A68D86C22F003023E
:10C970004A6030B11A4A02650193FCF7C3FD019B7E
:10C9800020BB986C00283FF478AF154A02650193EC
:10C99000FCF7B8FD00283FF470AF019B5A6D42F0E0
:10C9A00040025A6569E71CF0200F3FF466AFBFE70D
:10C9B0005A6C184607B05DF804EB10470023039348
:10C9C000CB6803938B680393039B56E75A6D42F041
:10C9D00040025A65D5E71846FFF788FE4DE700BFCD
:10C9E000E5C9040808B5806B0023C387C386FFF739
:10C9F0007DFE08BD002800F09B8030B590F83D20FA
:10CA000083B0034602F0FF01002A7FD01A68DFF8E6
:10CA10004CE1DC685868D3F818C0022183F83D1057
:10CA20007245116825462DD0B2F1804F2AD0474C6F
:10CA3000A24259D004F58064A24255D0444CA2428F
:10CA400052D0444CA2424FD0434CA24265D004F590
:10CA50008064A24261D004F58064A2425DD0A4F556
:10CA60009834A24266D004F58064A24255D004F501
:10CA70008064A24251D021F08001D56241EA0C0CC1
:10CA8000906212E09C6821F0700121431C69D5621C
:10CA900021F4407190623148214321F080018242AB
:10CAA00041EA0C0C01D159691163106840F004008F
:10CAB0001060012100205161C2F800C083F84610C7
:10CAC00083F83E1083F83F1083F8401083F841103C
:10CAD00083F8421083F8431083F8441083F845101C
:10CAE00083F83D1003B030BD9C6821F070012143F4
:10CAF0001C69D56221F4407190621648214321F0EF
:10CB00008001824241EA0C0CCDD0CEE780F83C1087
:10CB10000190FAF7D1F9019B78E71C69D56221F4FD
:10CB20004071214321F0800141EA0C0C9062BCE786
:10CB3000012070471C6921F44071214321F08001DC
:10CB400041EA0C0C0649CD628862AEE70004004061
:10CB5000000C004000040140004001400000014082
:10CB60000018004090F83D30012B2FD10368184980
:10CB7000022280F83D20DA688B4242F00102DA603E
:10CB800019D0B3F1804F16D0124A934213D002F558
:10CB9000806293420FD002F5806293420BD002F57F
:10CBA0007842934207D002F57052934203D0A2F527
:10CBB0009432934204D19A6802F00702062A03D005
:10CBC0001A6842F001021A60002070470120704785
:10CBD000000001400004004090F83C20012A7CD075
:10CBE00003460268022010B483F83D009068D1F833
:10CBF00000C020F47F4020F07700BCF1600F90600F
:10CC000000F086800CD8BCF1400F68D02BD8BCF166
:10CC1000200F59D055D83CF0100155D001201AE012
:10CC2000BCF5805F16D0BCF5005F38D0BCF1700F4A
:10CC3000F4D188684C68D2F808C0C968204340EA3B
:10CC400001202CF47F4C40EA0C009060916841F088
:10CC50007701916000200121002283F83D1083F8C4
:10CC60003C2010BC7047BCF1500FD7D14868D1F8B8
:10CC70000CC0116A21F00A010843116A21F0010178
:10CC80001162916921F0F00141EA0C119161106289
:10CC9000916821F0700141F057019160DAE78868EE
:10CCA0004C68D2F808C0C968204340EA01202CF43F
:10CCB0007F4C40EA0C009060916841F480419160A3
:10CCC000C8E7BCF1300FA9D1916821F0700141EAA9
:10CCD0000C0141F007019160BCE7022070474868F1
:10CCE000D1F80CC0116A21F00A010843116A21F041
:10CCF00001011162916921F0F00141EA0C11916189
:10CD00001062916821F0700141F047019160A1E744
:10CD10004868D1F80CC0116A21F0A00141EA001165
:10CD2000106A20F010001062906920F4704040EA10
:10CD30000C3090611162916821F0700141F067013F
:10CD4000916087E7704700BF704700BF704700BF22
:10CD5000704700BF036870B5DE681C69A10705460F
:10CD600001D5B20751D4610701D572073AD4230720
:10CD700001D5300724D4E20601D5F30610D4E0072C
:10CD800001D5F10757D4220601D533065BD46006DE
:10CD900001D571065FD4A20601D5B30642D470BD99
:10CDA0002B686FF010021A6108222A77DB6913F4EE
:10CDB000407F284663D0FFF7C7FF00232B77DEE7CD
:10CDC0002B686FF008021A6104222A77DB69990741
:10CDD000284651D1FFF7B6FF2846FFF7B7FF0023DB
:10CDE0002B77C8E72B686FF004021A6102222A77BA
:10CDF0009B6913F4407F28463BD1FFF7A3FF2846E9
:10CE0000FFF7A4FF00232B77B1E76FF002021A614E
:10CE1000012202779B699B0725D0FFF795FF00232E
:10CE20002B77A0E72B686FF0200228461A61BDE837
:10CE3000704000F06DB82B686FF001021A6128464F
:10CE400011F036FC9FE72B686FF080021A612846CC
:10CE500000F060F89BE72B686FF040021A612846EB
:10CE6000FFF776FF97E7FFF76DFF2846FFF76EFFA6
:10CE7000D5E7FFF769FFC5E7FFF766FFAFE7FFF705
:10CE800061FF2846FFF762FF97E700BF90F83C205C
:10CE9000012A39D003460268022010B483F83D000D
:10CEA00050680C68D2F808C020F070002043506031
:10CEB000164882421AD0B2F1804F17D0A0F57C40BC
:10CEC000824213D000F5806082420FD000F580606E
:10CED00082420BD000F57840824207D000F57050B6
:10CEE000824203D0A0F59430824205D149682CF0EB
:10CEF000800C4CEA010191600020012283F83D2062
:10CF000083F83C0010BC70470220704700000140CD
:10CF1000704700BF704700BF002800F0878038B519
:10CF200090F84130044603F0FF02002B79D02368CB
:10CF3000E068242284F84120DA6822F40052DA60A2
:10CF40001969A26821F44051014320691961024323
:10CF50006069D9680243E06921F4164121F00C01AF
:10CF600002430A43DA605A69A069314922F44072E7
:10CF700002438B425A6136D02E4A934233D0FEF799
:10CF8000BBFAE2691921B2F5004FD4E90053A0FBC6
:10CF900001012BD09A009B0FF3F77CFB264AA2FBE2
:10CFA00000C35B09642101FB130000013230A2FBC6
:10CFB00000201B0103EB5013AB602A6922F490425E
:10CFC0002A616A6922F02A026A61EA680023202144
:10CFD00042F40052EA60636484F8411084F842101D
:10CFE0001846636338BDFEF797FACAE7DA184FF0C0
:10CFF00000035B41F3F74EFB0F4AA2FB00C1490956
:10D00000642303FB1103DB003233A2FB0323C3F3CE
:10D0100042121B0902EB011203F4F8731344AB60D4
:10D02000CBE780F84020F9F7F3FF80E70120704755
:10D0300000100140001401401F85EB51D0B100B534
:10D040000168242283B080F84120CA68019022F44C
:10D050000052CA60FAF7EAF80022019B10465A64AF
:10D0600083F8402083F8412083F842201A635A63F2
:10D0700003B000BD012070472DE9F041044690F84F
:10D080004100202858D10D4609B1174612B9012098
:10D09000BDE8F08121221E460023636484F841200C
:10D0A000FBF7CEFCA268A784B2F5805F8046E784D8
:10D0B00045D00027E28C236892B2002A50D0701C21
:10D0C0001FD0002E41D01A6811060AD4FBF7B8FC15
:10D0D000A0EB080086423DD32368DA681A6811067F
:10D0E000F4D5ADB12A785A60E28C013AE284E28C40
:10D0F00092B20135002A33D0721CE2D11A681006B0
:10D10000F0D41A681206ECD41A681206F9D5E8E7CA
:10D110003A88C2F308025A60E28C013AE284E28C57
:10D1200092B20237E2B1711CCBD11A681206EFD469
:10D130001A681206E8D5D4E70220BDE8F08122691A
:10D14000002AB6D12F461546B4E71A681106C8D48E
:10D15000FBF776FC202384F841300320BDE8F08102
:10D16000701C13D0CEB11B6859060AD4FBF768FCBB
:10D17000A0EB08039E42EDD32368DA681B685906CA
:10D18000F4D5202384F84130002081E71A68520644
:10D19000F7D41A685206F4D4F8E71B685B06D7D5B3
:10D1A000EFE700BF00B501460368586991F84120D8
:10D1B000212A83B007D0586991F84220222A2BD027
:10D1C000002003B000BD0006F5D503F1140252E8BB
:10D1D000002F22F0800203F1140C4CE800200028FC
:10D1E000F3D1886B20B10191FCF742F901990B68EA
:10D1F00003F10C0252E8002F22F0C00203F10C0CE4
:10D200004CE800200028F3D1202281F84120586901
:10D2100091F84220222AD3D14206D1D503F114023B
:10D2200052E8002F22F0400203F1140C4CE80020D9
:10D230000028F3D1C86B20B10191FCF719F90199CD
:10D240000B6803F10C0252E8002F22F4907203F1F4
:10D250000C0C4CE800200028F3D103F1140252E832
:10D26000002F22F0010203F1140C4CE800200028EA
:10D27000F3D10A6B012A07D020220023002081F875
:10D2800042200B6303B000BD03F10C0252E8002FF3
:10D2900022F0100203F10C0C4CE800200028F3D11E
:10D2A000EAE700BF704700BF08B5806B03685969A3
:10D2B00090F84120212A0BD0596990F84220222A67
:10D2C0001ED0436C43F01003436411F0D3FA08BD41
:10D2D0000906F1D50022C28403F10C0252E8002FA6
:10D2E00022F0C00203F10C0C4CE800210029F3D11C
:10D2F000202280F84120596990F84220222AE0D16A
:10D300004A06DED50022C28503F10C0252E8002F46
:10D3100022F4907203F10C0C4CE800210029F3D1A7
:10D3200003F1140252E8002F22F0010203F1140C61
:10D330004CE800210029F3D1026B012A05D02022FC
:10D34000002380F842200363BBE703F10C0252E89C
:10D35000002F22F0100203F10C0C4CE800210029F0
:10D36000F3D1ECE708B5806B0023C38511F082FA96
:10D3700008BD00BF704700BF806B08B50123436341
:10D38000036B012B02D011F035FA08BD818D4908DD
:10D39000FFF7F0FF08BD00BF08B50368806B1A688F
:10D3A00012F480722BD10368C28503F10C0252E89B
:10D3B000002F22F4807203F10C0C4CE800210029AC
:10D3C000F3D103F1140252E8002F22F0010203F11D
:10D3D000140C4CE800210029F3D103F1140252E8A7
:10D3E000002F22F0400203F1140C4CE80021002928
:10D3F000F3D1202280F84220026B012A07D00023BB
:10D400004363036B012B0FD011F0B4F908BD03F196
:10D410000C0252E8002F22F0100203F10C0C4CE831
:10D4200000210029F3D1EAE7818DFFF7A3FF08BDB2
:10D4300083680168826AB3F5805F40D0002B38D0E2
:10D440004B6803F07F031370826A0132C38D8262DE
:10D45000013B9BB2C385002B30D100B50268D16877
:10D4600021F0200183B0D160D16821F48071D160B6
:10D4700051694FF0200C21F00101516180F842C048
:10D480004363016B012923D1036302F10C0353E8C9
:10D49000003F23F0100302F10C0C4CE8003100298E
:10D4A000F3D11368DB0617D4818DFFF763FF03B058
:10D4B00000BD0369002BC3D14B68C4E77047036903
:10D4C000002BF9D14B68C3F3080322F8023BBDE7F8
:10D4D00011F050F903B000BD019113680193536836
:10D4E0000193019BE0E700BF036800B51968D3F81A
:10D4F0000CE0D3F814C011F00F0F85B0024617D11D
:10D5000011F0200F03D01EF0200F40F0D880106BD8
:10D51000012853D0080603D51EF0800F40F0D980B3
:10D52000490603D51EF0400F40F0F28005B000BD63
:10D530001CF0010040F0AC801EF4907FE7D011F0A9
:10D54000010F10D01EF4807F00F01381D2F844C088
:10D5500011F0040F4CF0010CC2F844C000F0F08050
:10D56000002840F09A8011F0020F00F0F0800807C8
:10D5700000F1FB80506C0028D8D088060CD51EF036
:10D58000200F09D092F84210222905D110460092AE
:10D59000FFF74EFF009A13685969506C01F0400183
:10D5A00000F00800014340F02781104601910092ED
:10D5B00011F060F9DDE900215164B7E7C806A9D58B
:10D5C0001EF0100FA6D0002103911968039159682D
:10D5D000039103995969B2F82CC0490640F1CE80F5
:10D5E000D06B0168496889B2002900F05881614513
:10D5F00080F05581D185C169B1F5807F3ED003F1BE
:10D600000C0151E8001F21F4807103F10C0E4EE86B
:10D61000001CBCF1000FF2D103F1140151E8001F0E
:10D6200021F0010103F1140E4EE8001CBCF1000FC3
:10D63000F2D103F1140151E8001F21F0400103F180
:10D64000140E4EE8001CBCF1000FF2D1202182F82C
:10D650004210C2F830C003F10C0151E8001F21F064
:10D66000100103F10C0E4EE8001CBCF1000FF2D1CA
:10D670000092FBF7FDFE009AB2F82CC00223536320
:10D68000D18DACEB0101104689B2FFF773FE4DE777
:10D6900011F0010F4DD1480746D5506C40F0020003
:10D6A0005064880742D5506C40F00400506408076D
:10D6B0007FF560AF506C40F0080050645AE790F876
:10D6C0004230222B7FF432AF05B05DF804EBFFF758
:10D6D000AFBE92F8411021297FF428AF9068116AFB
:10D6E000B0F5805F00F0E480481C10620978596052
:10D6F000D18C013989B2D18400297FF417AFDA685F
:10D7000022F08002DA60DA6842F04002DA600DE767
:10D71000D9684FF0200C21F04001D960104682F802
:10D7200041C0FFF7BFFD01E78807BCD40807C1D49B
:10D7300020E71EF4807F7FF409AF11F0040FACD115
:10D7400011F0020F03D000283FF411AFABE711F046
:10D75000080F3FF40FAF0EF0200C5CEA000CA9D1CB
:10D76000516C00297FF418AFE0E61EF0200FA1D124
:10D77000F6E711F0040F7FF4F6AEE1E7D08DD18D1E
:10D7800089B200293FF4D2AEACEB000189B2002986
:10D790003FF4CCAE03F10C0050E8000F20F4907081
:10D7A00003F10C0E4EE8000CBCF1000FF2D103F1B6
:10D7B000140050E8000F20F0010003F1140E4EE8B1
:10D7C000000CBCF1000FF2D1202082F84200C2F818
:10D7D00030C003F10C0050E8000F20F0100003F1FE
:10D7E0000C0E4EE8000CBCF1000FF2D10223536383
:10D7F0001046FFF7BFFD99E6184600F10C0151E80D
:10D80000001F21F490710C3040E8001C1846BCF158
:10D81000000FF2D103F1140151E8001F21F00101C2
:10D8200003F1140C4CE800100028F3D1116B01290E
:10D8300024D00021202082F8420011635969490652
:10D8400029D503F1140151E8001F21F0400103F133
:10D85000140C4CE800100028F3D1D06BD8B11A4B4F
:10D8600003650092FBF74EFE00283FF45FAE009A7E
:10D87000D06B036D05B05DF804EB184703F10C01A4
:10D8800051E8001F21F0100103F10C0C4CE80010CE
:10D890000028F3D1CDE7104610F0ECFF46E66145D5
:10D8A0007FF444AEC369B3F5807F7FF43FAE9DE75C
:10D8B000106900287FF418AF31F8020BC0F308009C
:10D8C0005860116214E700BF65D3040810B5044620
:10D8D00013462220002282B0626484F84200E06B8A
:10D8E000DFF898C0A162A38502650A462168C0F8E6
:10D8F0003CC0DFF88CC0C0F840C0DFF888C0C0F87A
:10D900004CC00431FBF76CFD00282ED12368019038
:10D910001A68019259682269019101995AB103F17B
:10D920000C0252E8002F42F4807203F10C0444E828
:10D9300000210029F3D103F1140252E8002F42F034
:10D94000010203F1140444E800210029F3D103F19A
:10D95000140252E8002F42F0400203F1140444E89C
:10D9600000210029F3D102B010BD10222023012094
:10D97000626484F8423002B010BD00BF99D304083D
:10D9800079D30408A9D2040810B590F842C0BCF1BC
:10D99000200F03D101B11AB9012010BD022010BD22
:10D9A0004FF0000CBDE81040C0F830C0FFF78EBF4C
:10D9B00090FAA0F0B0FA80F000F01F00704700BFAE
:10D9C00088420ED2013970B50D1A0646ED080024C2
:10D9D00000E0013456F8343003B19847AC42F8D136
:10D9E00070BD704770B5084E084DAE420BD2013D78
:10D9F000AD1BED08002400E0013456F8343003B1CB
:10DA00009847AC42F8D170BD18C7070890C70708FF
:10DA100010B584B00023044602226846CDE90233E3
:10DA2000CDE9001200F0FAFBE06004B010BD00BFC9
:10DA3000C06818B14FF0FF3100F054BC704700BF10
:10DA4000C06808B100F072BC704700BFE9B110B502
:10DA500082B00C4601904FF0FF31204600F042FCAE
:10DA6000019A1389D188B2F804C09BB28AB29B1A7A
:10DA7000B3FBFCF20CFB12339BB22046019300F087
:10DA800055FC019B184602B010BD0389C1888088EF
:10DA90008AB29BB29B1AB3FBF0F200FB12339BB22B
:10DAA00018467047F0B51E4683B005460F4614462B
:10DAB000002B45D04FF0FF31184600F013FC2889A9
:10DAC000EB88A9889BB280B2C01A22468C42B0FB78
:10DAD000F1F301F1FF3401FB1300A4EB000428BFB4
:10DAE0000A46A4B2944228BF1446002C3FD02B898A
:10DAF00028689BB2CA1A92B2A242184419D2394677
:10DB0000CDE9002312F04DFA009A2868B918A21A3C
:10DB100012F047FA019BA9881A19B2FBF1F301FB35
:10DB200013222A8116B1304600F000FC204603B0D3
:10DB3000F0BD39462246009312F033FA009BEAE723
:10DB400081880389C0889BB280B21B1A4C1EB3FB2C
:10DB5000F1F001FB10338A42A4EB030428BF0A460C
:10DB6000A4B2944228BF1446002CC0D102E0304633
:10DB700000F0DCFB0024204603B0F0BDF0B51E46EB
:10DB800083B005460F46002B42D04FF0FF311846B8
:10DB9000009200F0A7FB2C89EB88A988009A9BB221
:10DBA000A4B2E41A8A42B4FBF1F301FB134428BF88
:10DBB0000A46A4B2944228BF1446002C3CD0EA88FE
:10DBC00093B2CA1A92B22968A242194419D23846AD
:10DBD000CDE9002312F0E5F9009A2968B818A21AD5
:10DBE00012F0DFF9019BA9881A19B2FBF1F301FBCE
:10DBF0001322EA8016B1304600F098FB204603B0AD
:10DC0000F0BD38462246009312F0CBF9009BEAE7BC
:10DC10000489C38881889BB2A4B2E41A8A42B4FB07
:10DC2000F1F301FB134428BF0A46A4B2944228BF73
:10DC30001446002CC3D102E0304600F077FB0024EC
:10DC4000204603B0F0BD00BFF8B51C46069B054654
:10DC50000E461746002B42D018464FF0FF3100F019
:10DC600041FBB5F808C0EB88AA889BB21FFA8CFC70
:10DC7000ACEB030CBCFBF2F302FB13CC1FFA8CF3EE
:10DC80009E423ED29B1BACEB060C9BB26445D8BFB8
:10DC90002346934228BF13469CB2EB8816FA83F3BF
:10DCA000B3FBF2F102FB1133D61A2968B6B2B442C3
:10DCB00019440FD93246384612F073F92968B81959
:10DCC000A21B12F06EF9069B13B1184600F02EFB52
:10DCD0002046F8BD2246384612F063F9F3E7B0F863
:10DCE00008C0C38882889BB21FFA8CFCACEB030C83
:10DCF000BCFBF2F302FB13CC1FFA8CF39942C1D3A5
:10DD000002E0069800F012FB00242046F8BD00BF98
:10DD100010B5034682B00C4642B101904FF0FF317E
:10DD20001046009200F0DEFADDE900231989D88858
:10DD3000B3F804C080B289B2091AB1FBFCF00CFB45
:10DD4000101189B2D888A14228BF214611FA80F06B
:10DD5000B0FBFCFE0CFB1E00D88022B110460091E7
:10DD600000F0E4FA0099084602B010BD2DE9F04F2A
:10DD70001C4683B0002900F0B580D3F800A0DFF87E
:10DD80007491594DDFF870B10193002790F900406C
:10DD90000378002C0EDB013001397C1C544504D87B
:10DDA00002F8013B27460029F0D1019C276003B00F
:10DDB000BDE8F08F03F0E004C02C72D003F0F00453
:10DDC000E02C68D003F0F804F02CEED10426B44621
:10DDD000B142EAD3447844EA03238478BCF1040FC7
:10DDE00044EA03245AD1C378891B304443EA04240B
:10DDF00063195B452DD82309A60803F4704306F484
:10DE00007C66334304F03F0423437F2BC5D9BC1CFD
:10DE1000A245CAD31FFA83F827461023002645F2ED
:10DE2000205C01E0664555DCACEB060406EB6404BF
:10DE300039F824E0C64550D034BF661C04F1FF3CDD
:10DE4000013BEFD11C4614705370023200299DD162
:10DE5000ABE7264EA4F1803303F11043B342A4D8BC
:10DE6000A309260906F47C3603F4E013334304F0D7
:10DE70003F06A408334304F47C6423437F2B8CD9EE
:10DE8000BC1C544591D81FFA83F8B8F17F0F274680
:10DE9000C3D80024D7E70326B44699E73044891B4A
:10DEA000A6E7012981D0447844EA0324A4F540433D
:10DEB000803BB3F5FA5FA1F1020100F10200C8D284
:10DEC000A30803F4F86304F03F0423437F2B7FF699
:10DED00064AF9CE700231C46B5E7054B33F82430BC
:10DEE0001C0AB0E70F4661E7807F1FFF3F3F3F07F7
:10DEF0001E6B06081C6B06083F3F0F0008B54FF06D
:10DF0000E0231B6903F0A0FA012800D108BDBDE899
:10DF1000084000F0DFBE00BFEFF305832BB9064BCE
:10DF2000186828B901221A6070476FF00500704721
:10DF30004FF0FF30704700BFEC610020EFF3058029
:10DF400090B90B4B1A68012A0BD100B5094983B06F
:10DF50000222C87701901A6002F0AAFF019803B06C
:10DF600000BD4FF0FF3070476FF00500704700BFF5
:10DF7000EC61002000ED00E010B5EFF305846CB912
:10DF800003F062FA40B1022802D04FF0FF3010BD1A
:10DF900003F028F8204610BD012010BD6FF00500E9
:10DFA00010BD00BF08B5EFF30583A3B903F04CFA29
:10DFB00020B1023818BF4FF0FF3008BD03F01AF847
:10DFC000012801D1012008BD03F03EFA0028F9D153
:10DFD0004FF0FF3008BD6FF0050008BDEFF305837B
:10DFE0000BB103F01DB803F015B800BF70B586B0D3
:10DFF000002394460593EFF30582A2BB98B3BCF1CE
:10E00000000F23D0DCF8183083BB1823DCF8042081
:10E01000D20728D4DCF800201546DCF814205AB3C7
:10E020009608DCE9024E4CB3BEF1630F1BD9DCF855
:10E0300010C0BCF1000F16D0AAB10093CDE901C405
:10E040000B463246294602F039FC0DE080221823A7
:10E0500000930B4661460DF1140CCDF804C002F09C
:10E06000DBFC012814D0002006B070BD03F1FF3E98
:10E07000BEF1370FCAD9F6E78026D2E7BEF1000F0E
:10E08000F1D1DCF81020002AEDD1B2B2AC46DFE7C6
:10E090000598E9E710B5EFF3058424B930B102F033
:10E0A00035FE204610BD6FF0050010BD6FF0030077
:10E0B00010BD00BF10B5EFF3058424B930B102F0F4
:10E0C0009DFE204610BD6FF0050010BD6FF00300EF
:10E0D00010BD00BF08B5002002F038FDFEE700BF0C
:10E0E00008B5EFF305832BB908B9002008BD02F08D
:10E0F000AFFDFAE76FF0050008BD00BFEFF3058341
:10E100002BB940B1D0E902321BB11F2A05D800203B
:10E110007047002AFBD100F07DBB184600F054BBCD
:10E12000F0B1B1F1807F1BD2EFF30582B2B110B52F
:10E1300082B0002301AA0C46019300F0A5FC90B127
:10E14000019B4BB14FF0E0234FF08052C3F8042DF8
:10E15000BFF34F8FBFF36F8F204606E000F046BC41
:10E160006FF0030070476FF0020002B010BD00BFF7
:10E17000D8B1B1F1807F18D2EFF3058CBCF1000F5C
:10E1800011D030B583B00546019100F021FC019912
:10E190000446284600F014FC002814BF20466FF007
:10E1A000020003B030BD00F0E3BB6FF00300704726
:10E1B00018B3B1F1807F20D230B585B0EFF3058E72
:10E1C000BEF1000F1CD100931C4602F00103C2F304
:10E1D000400282F001020D46039300F02FFB039BE7
:10E1E00005EA000283B1AA420CD0002C14BF6FF0E4
:10E1F00001006FF0020005B030BD6FF00300704702
:10E200006FF0050005B030BD002AFBD1944214BF69
:10E210006FF001006FF00200F4E700BFEFF305823A
:10E22000002A46D100B5034683B0F8B1426802F037
:10E230000801D20715D4A9B9D0E9021200293BD0B0
:10E240004F2A0FD90090012001F0A8FA009B024646
:10E2500048B11968009201F0F9FF009A104603B026
:10E2600000BD81B10022104603B000BD0090012026
:10E2700001F00AFB02460028F5D00099019001F058
:10E28000E5FF019AEFE7D0E9021201B34F2AE9D97D
:10E290000090042001F082FA009B0028E2D0196867
:10E2A000009001F0D3FF009A42F00102104603B043
:10E2B00000BD002210467047002AD3D101200093F0
:10E2C00001F0E2FA009B02460028C2D1CBE7002A07
:10E2D000C8D10420009301F0D7FA009B0028DED1BA
:10E2E000C0E700BFEFF30582CAB901281AD9034677
:10E2F000DB0710B520F001000C460AD401F032FD16
:10E3000001280AD0002C14BF6FF001006FF002004A
:10E3100010BD01F0ADFE0128F4D1002010BD6FF05A
:10E32000050070476FF00300704700BF08B5EFF3BA
:10E330000583B3B9012817D9034613F0010320F070
:10E34000010007D11A46194601F0B2F8012805D19B
:10E35000002008BD01F074FA0128F9D06FF0020026
:10E3600008BD6FF0050008BD6FF0030008BD00BFD9
:10E3700070B5144684B0EFF3058202BBF8B1884251
:10E380001DD30E46A4B1D4E9025CE5B1BCF14F0F38
:10E3900015D9012839D02A4600F0D4FF054670B1BE
:10E3A00024682846214601F051FF284604B070BD7C
:10E3B000012813D001F02CF805460028F1D10025E2
:10E3C000284604B070BDBCF1000FF8D1012805D07B
:10E3D00001F01EF805460028E2D1F0E703220021F3
:10E3E000012000F067FF05460028E8D016B9002C90
:10E3F000D6D1D6E700231A46194601F059F801286C
:10E40000F5D0284601F0DCFED9E703212B46009128
:10E410001146039200F0D6FE05460028CFD0002E0C
:10E42000BED0039B1A46194601F042F80128B7D026
:10E43000E7E700BF68B300B585B0EFF30582B2B17E
:10E4400021BB03AA039101F033FE01281AD1039BDB
:10E4500013B9002005B000BD4FF0E0234FF080520B
:10E46000C3F8042DBFF34F8FBFF36F8FF1E7019116
:10E4700001F078FC0128ECD0019B1BB16FF001008A
:10E4800005B000BD6FF0020005B000BD6FF00300E5
:10E49000E0E76FF00300704720B300B583B0EFF3FF
:10E4A00005839BB1002301A9019301F08DFA012896
:10E4B00015D1019B83B14FF0E0234FF08052C3F898
:10E4C000042DBFF34F8FBFF36F8F05E01A46194637
:10E4D00000F0EEFF012802D1002003B000BD6FF074
:10E4E0000200FAE76FF00300704700BF38B5EFF3A2
:10E4F000058444B950B1054601F0D0FE284601F02C
:10E500005FFE204638BD6FF0050038BD6FF0030098
:10E5100038BD00BF70B584B0EFF3058EBEF1000FBB
:10E5200010D178B171B11446EAB1D2E9022362B1D7
:10E530004F2B07D923691E4623B1636901FB00FCF9
:10E5400063451BD2002004B070BD002BFAD12369B3
:10E55000002BF7D16269002AF4D100F0ABFE00284D
:10E56000F0D0246803E000F0A5FE0028EAD02146A0
:10E57000039001F06BFE039804B070BD1346CDF814
:10E5800000E0324600F01EFE0028EAD1DAE700BFC4
:10E5900010B58E4682B01C46EFF30582BAB138B38F
:10E5A00031B32BBB01AA019301F0A6F901281BD1BD
:10E5B000019B4BB14FF0E0234FF08052C3F8042D84
:10E5C000BFF34F8FBFF36F8F002002B010BD78B143
:10E5D00071B11346224600F06BFF0128F4D01CB144
:10E5E0006FF0010002B010BD6FF0020002B010BD6C
:10E5F0006FF00300E9E700BF00B58E4685B0EFF38A
:10E60000058CBCF1000F17D040B339B333BB03AA5C
:10E61000039301F04DFD01281CD1039B4BB14FF03A
:10E62000E0234FF08052C3F8042DBFF34F8FBFF3A8
:10E630006F8F002005B000BD80B179B11A460193FB
:10E6400001F01EFA0128F4D0019B1BB16FF001000C
:10E6500005B000BD6FF0020005B000BD6FF0030013
:10E66000E8E700BF30B1EFF305830BB101F09CBDCB
:10E6700001F082BD704700BF38B5EFF3058444B99F
:10E6800050B1054601F00AFE284601F099FD2046EA
:10E6900038BD6FF0050038BD6FF0030038BD00BF16
:10E6A0000346DFF814C0C3F800C0024808608023A6
:10E6B00013607047885F0020886100200346DFF800
:10E6C00018C0C3F800C0034808604FF4807313609B
:10E6D000704700BF245B0020245F0020E0B1B1F14F
:10E6E000807F08D34FF0500383F31188BFF36F8FFF
:10E6F000BFF34F8FFEE700B583B0CDE9000100F016
:10E7000081FA00980199036823EA0103036003B0CA
:10E710005DF804EB00F098BA4FF0500383F31188D2
:10E72000BFF36F8FBFF34F8FFEE700BFF8B5002830
:10E7300040D0B1F1807F08D34FF0500383F31188AC
:10E74000BFF36F8FBFF34F8FFEE705460E4600F114
:10E750000C0702F047FCD5F800E02C6946EA0E03EE
:10E76000A7422B609E4620D000260BE03BB1D30190
:10E7700048BF46EA0C0602F0BFFDD5F800E0A7420C
:10E78000734610D0226822F07F4C12F0806F204632
:10E7900043F0007164680CEA0303E7D09C45E6D0BF
:10E7A000A7427346EED12EEA06032B60BDE8F8407F
:10E7B00002F020BC4FF0500383F31188BFF36F8F3A
:10E7C000BFF34F8FFEE700BF78B100B585B02023BF
:10E7D0000393039B202B11D04FF0500383F3118838
:10E7E000BFF36F8FBFF34F8FFEE74FF0500383F3FC
:10E7F0001188BFF36F8FBFF34F8FFEE700220190A8
:10E8000040F8042B00F04AF9019B012218461A77C0
:10E8100005B000BD00B5202083B000F057FB0346D3
:10E8200040B10022019040F8042B00F037F9019B21
:10E8300000221A77184603B000BD00BFA8B1B1F19D
:10E84000807F09D2D1B94FF0500383F31188BFF311
:10E850006F8FBFF34F8FFEE74FF0500383F31188A4
:10E86000BFF36F8FBFF34F8FFEE74FF0500383F37B
:10E870001188BFF36F8FBFF34F8FFEE72DE9F04193
:10E8800082B0984616460C46054602F0DDFDD0B92A
:10E89000089B7BB902F0A6FB2B681F462340B8F10A
:10E8A000000F39D09C4239D002F0A4FB384602B0A8
:10E8B000BDE8F0814FF0500383F31188BFF36F8FF1
:10E8C000BFF34F8FFEE702F08DFB2B681F462340FE
:10E8D000B8F1000F2AD10BBB089B002BE4D0311EEE
:10E8E00018BF012109061A462143281D02F00AFC1F
:10E8F00002F080FB48B94FF0E0234FF08052C3F89C
:10E90000042DBFF34F8FBFF36F8F02F095FE83018D
:10E9100019D520F07F47C9E7002BC5D0002EC3D002
:10E9200027EA0401296002F065FBBFE79C42F5D0AD
:10E93000089B002BB8D0311E18BF0121090641F0F9
:10E9400080611A46D0E700F05DF9286804EA000209
:10E95000B8F1000F09D11AB116B120EA04012960FB
:10E96000019000F071F90198D3E79442F8D1F3E7F0
:10E97000E8B1B1F1807F08D34FF0500383F31188E1
:10E98000BFF36F8FBFF34F8FFEE700B583B0CDE9C4
:10E99000000100F037F9009B01991868009020EA07
:10E9A0000101196000F050F9009803B000BD4FF06C
:10E9B000500383F31188BFF36F8FBFF34F8FFEE7D0
:10E9C0000A4600230146014803F02EB8DDE604089C
:10E9D000EFF311834FF0500282F31188BFF36F8F72
:10E9E000BFF34F8F006883F311887047F8B5002894
:10E9F00040D0B1F1807F08D34FF0500383F31188EA
:10EA0000BFF36F8FBFF34F8FFEE705460E4600F151
:10EA10000C0702F0E7FAD5F800E02C6946EA0E038D
:10EA2000A7422B609E4620D000260BE03BB1D301CD
:10EA300048BF46EA0C0602F05FFCD5F800E0A742AA
:10EA4000734610D0226822F07F4C12F0806F20466F
:10EA500043F0007164680CEA0303E7D09C45E6D0FC
:10EA6000A7427346EED12EEA06032B6002F0C2FAEB
:10EA70002868F8BD4FF0500383F31188BFF36F8F00
:10EA8000BFF34F8FFEE700BF8446134602480A4695
:10EA9000614602F0C9BF00BF2DE7040800F108037A
:10EAA0004FF0FF310022C0E90131C0E903330260B9
:10EAB000704700BF00230361704700BF42680368CE
:10EAC000D2F808C00133C1E9012CCCF804109160E0
:10EAD00008610360704700BF0A68531C10B5864682
:10EAE00012D000F1080318465B681C689442FAD9FA
:10EAF000DEF800204B600132996088604160C1F807
:10EB000010E0CEF8002010BD00694368F0E700BFB8
:10EB10000369D0E90112D3F804C08A6084455160CA
:10EB200008BF5A601A680021013A01611A6018682A
:10EB3000704700BF08480068006880F308884FF0FD
:10EB4000000080F3148862B661B6BFF34F8FBFF345
:10EB50006F8F00DF00BF000008ED00E0DFF80C0061
:10EB6000016841F4700101607047000088ED00E029
:10EB70000E4B1B6882B000220133019208D04FF087
:10EB8000500383F31188BFF36F8FBFF34F8FFEE7FE
:10EB90004FF0500383F31188BFF36F8FBFF34F8F94
:10EBA000019B002BFCD002B0704700BFB8010020D1
:10EBB000DFF81CC04FF0807340F8043C21F00101E5
:10EBC0006FF0020340E903C140E90932443870475D
:10EBD00071EB0408000000000000000000000000CD
:10EBE000074B19680868B0E8F04F80F30988BFF355
:10EBF0006F8F4FF0000080F311887047AFF30080F3
:10EC000054F700204FF0500383F31188BFF36F8F48
:10EC1000BFF34F8F0B4A13680133012B136000D0F1
:10EC200070474FF0E023D3F8043DDBB2002BF7D060
:10EC30004FF0500383F31188BFF36F8FBFF34F8FF3
:10EC4000FEE700BFB8010020084A136843B94FF03F
:10EC5000500383F31188BFF36F8FBFF34F8FFEE72D
:10EC6000013B13600BB983F311887047B801002092
:10EC7000EFF30980BFF36F8F154B1A681EF0100F6A
:10EC800008BF20ED108A20E9F04F106009B44FF062
:10EC9000500080F31188BFF34F8FBFF36F8F02F0E6
:10ECA000D7F94FF0000080F3118809BC1968086893
:10ECB000B0E8F04F1EF0100F08BFB0EC108A80F3E0
:10ECC0000988BFF36F8F7047AFF30080AFF3008008
:10ECD00054F7002008B54FF0500383F31188BFF3B9
:10ECE0006F8FBFF34F8F02F0A3F928B14FF0E023ED
:10ECF0004FF08052C3F8042D002383F3118808BD20
:10ED00004FF0E02200230649136193610B68054927
:10ED1000A1FB03139B090720013B5361106170475E
:10ED20009C000020D34D62104FF0E0234A4AD3F8F4
:10ED3000001D914241D0D3F8002D484B9A4233D068
:10ED400000B5474BDFF824C11A78464885B0FF214B
:10ED5000D2B2029219701B788DF807309DF80730F7
:10ED60009DF8072003F05003072112068CF80030AD
:10ED7000016048BF06220ED59DF807305B008DF874
:10ED800007309DF807301B06114602F1FF32F3D41D
:10ED900003291BD001604FF0500383F31188BFF3A8
:10EDA0006F8FBFF34F8FFEE74FF0500383F311884F
:10EDB000BFF36F8FBFF34F8FFEE74FF0500383F326
:10EDC0001188BFF36F8FBFF34F8FFEE72449029A7C
:10EDD0004FF0E0234FF4407CC0F800C00A70D3F835
:10EDE000202D42F47002C3F8202DD3F8202D42F0DC
:10EDF0007042C3F8202DFFF783FF1B4800210160FC
:10EE0000FFF7ACFE4FF0E023D3F8342F42F040423E
:10EE1000C3F8342FFFF78EFE02F01AF91248036888
:10EE200000210133039108D04FF0500383F3118880
:10EE3000BFF36F8FBFF34F8FFEE74FF0500383F3A5
:10EE40001188BFF36F8FBFF34F8F039B002BFCD054
:10EE5000002005B000BD00BF71C20F4170C20F415C
:10EE600000E400E0F0610020B8010020F46100201F
:10EE7000EFF305830F2B0ED91149124A5B5C127810
:10EE80009A4208D94FF0500383F31188BFF36F8F74
:10EE9000BFF34F8FFEE74FF0E0230B4AD3F80C3D52
:10EEA000126803F4E063934208D94FF0500383F3F0
:10EEB0001188BFF36F8FBFF34F8FFEE7704700BF1E
:10EEC000F0E300E0F4610020F06100202DE9F04162
:10EED000054602F087F85A4AD2F800E0BEF1000F6A
:10EEE00070D0584B1C6825422FD175B305F1080C22
:10EEF0002CF00703083315F0070F18BF9C46BCF130
:10EF0000000F22D0504B1D6865451ED34F48036843
:10EF100003E01A6822B11846134659686145F8D3D0
:10EF2000734512D01A680260A1EB0C02102A2AD98C
:10EF300003EB0C01480710D04FF0500383F3118806
:10EF4000BFF36F8FBFF34F8FFEE702F053F8F5F773
:10EF5000EBFC00252846BDE8F0814A603B4AC3F837
:10EF600004C0104612689142FBD846684F68B0460C
:10EF70008619B14246D0CE19B2424CD00A608142C5
:10EF800018BF0160614630486A1A0260304806685E
:10EF9000B24238BF02602F480C430021C3E900147D
:10EFA00003F1080503680133036002F023F86B07DF
:10EFB000D0D04FF0500383F31188BFF36F8FBFF3AE
:10EFC0004F8FFEE7244B21485C07244C18BF0733C2
:10EFD00024F0070E18BF23F00703C2F800E01C4A14
:10EFE00003601946AEEB03031360174A1360002257
:10EFF0004260CEE90022C1E900E3124B4FF0004429
:10F000001C6070E708EB070100EB010C62454160F2
:10F010000ED05968B7E77245B0D03E4657681268BF
:10F020000A6006EB070CC1F804C0D3F804C0A6E7D9
:10F030007245EED056681268026031444160E8E7DC
:10F040000C620020F861002008620020106200209D
:10F0500004620020006200201862002010F20020EC
:10F06000D0B1344A50F8043C126813420BD050F827
:10F07000081C91B14FF0500383F31188BFF36F8FD9
:10F08000BFF34F8FFEE74FF0500383F31188BFF3B8
:10F090006F8FBFF34F8FFEE7704710B523EA02036F
:10F0A00082B0A0F1080140F8043CCDE9001001F065
:10F0B00099FFDFF890E00198DEF8002050F804CCCA
:10F0C0001D4B00996244CEF800201A461B689942F5
:10F0D000FBD8D2F804E002EB0E04A14211D001EB00
:10F0E0000C0E73451FD040F8083C8A4218BF1160CF
:10F0F000124A13680133136002B0BDE8104001F0FA
:10F1000079BFF44402EB0C018B42C2F804C0EFD18A
:10F110000B4909689942EBD01146D3E900306044AD
:10F120000B604860E1E7DFF818E0DEF800E07345C7
:10F13000F3D1D8E7F861002010620020FC610020C4
:10F140000C6200200862002030B51546026C846B0A
:10F1500083B003463AB90268002A2AD0002001345D
:10F160009C6303B030BD75B94068009310F019FF7F
:10F17000009B5A68186C996802448A425A60EDD321
:10F180001A685A60EAE7C068009310F00AFF009B13
:10F19000DA68196C1868521A8242DA6002D29A68E8
:10F1A000521ADA60022DD9D1002C18BF013C002080
:10F1B000D5E780680192009302F0A0F9DDE9003202
:10F1C0009A60CCE710B584B09DF8184040B94FF074
:10F1D000500383F31188BFF36F8FBFF34F8FFEE7A8
:10F1E000A3B1002A53D0D1B14FF0500CCDF80CC0D0
:10F1F000DDF80CC0BCF1500F1AD04FF0500383F370
:10F200001188BFF36F8FBFF34F8FFEE74FF05003AE
:10F2100083F31188BFF36F8FBFF34F8FFEE74FF07B
:10F22000500383F31188BFF36F8FBFF34F8FFEE757
:10F23000DDF80CC01A600122C3E90F0183F84620F3
:10F240000193FFF7DFFC019BD3E90F1218685860A8
:10F2500002FB01F18A1A014499600021024499637A
:10F26000FF2183F84410DA6083F8451003F11000A1
:10F27000FFF714FC019B03F12400FFF70FFCFFF7DD
:10F28000E3FC019B184683F84C4004B010BD39B92B
:10F2900050220392039A502AAFD1039A1A46C9E723
:10F2A0004FF0500383F31188BFF36F8FBFF34F8F7D
:10F2B000FEE700BF40B94FF0500383F31188BFF35E
:10F2C0006F8FBFF34F8FFEE730B5034601FB00F0B1
:10F2D00083B05030CDE900311546FFF7F7FD044605
:10F2E00050B3DDE90031002280F8462039B300F147
:10F2F0005002C4E90F312260FFF784FCD4E90F23E8
:10F300002168616003FB02F2D31A0A44A260002262
:10F310000B44A263FF2284F84420E36084F8452074
:10F3200004F11000FFF7BAFB04F12400FFF7B6FB6D
:10F33000FFF78AFC84F84C50204603B030BD0246EB
:10F34000D7E700BF40B94FF0500383F31188BFF3F4
:10F350006F8FBFF34F8FFEE7884208D24FF0500304
:10F3600083F31188BFF36F8FBFF34F8FFEE7002A3F
:10F3700045D000B585B050230393039B502B08D094
:10F380004FF0500383F31188BFF36F8FBFF34F8F9C
:10F39000FEE74FF0010C0023C2E90F0382F846C0DC
:10F3A0001260019103980092FFF72CFC009A002351
:10F3B0009363D2E90F03D2F800C0C2F804C003FB84
:10F3C00000F0C31A604463449060FF20D36082F869
:10F3D000440082F8450002F11000FFF75FFB009A3D
:10F3E00002F12400FFF75AFBFFF72EFC009A019967
:10F3F00091630223104682F84C3005B000BD4FF0F7
:10F40000500383F31188BFF36F8FBFF34F8FFEE775
:10F4100040B94FF0500383F31188BFF36F8FBFF3F0
:10F420004F8FFEE7884208D24FF0500383F31188D4
:10F43000BFF36F8FBFF34F8FFEE710B582B0044666
:10F4400050200091FFF742FD034670B30022C0E94F
:10F450000F4280F8462000600190FFF7D3FB019B2C
:10F4600000229A63D3E90F02D3F800C0C3F804C0A6
:10F4700002FB00F0821A604462449860FF20DA6068
:10F4800083F8440083F8450003F11000FFF706FB02
:10F49000019B03F12400FFF701FBFFF7D5FB019B64
:10F4A00000999963022283F84C20184602B010BDDF
:10F4B0002DE9F04385B00192002800F01381054644
:10F4C000002900F0AD80022B0BD1EA6B012A08D095
:10F4D0004FF0500383F31188BFF36F8FBFF34F8F4B
:10F4E000FEE79846894601F0AFFF002800F003814F
:10F4F000FFF788FBAA6BEB6B9A4277D3B8F1020F48
:10F5000074D0002305F12406019A002A00F000813E
:10F51000002B00F0E380FFF797FB01F063FDFFF79E
:10F5200071FB95F84430FF2B04BF002385F844306D
:10F5300095F84530FF2B04BF002385F84530FFF7D1
:10F5400083FB01A902A801F029FF002840F0E48014
:10F55000FFF758FBAA6BEB6B9A426ED0FFF774FB78
:10F56000FFF750FB95F8454064B2002C03DC0FE038
:10F57000013CE4B264B16B6A30464BB101F074FEF9
:10F580000028F5D0013CE4B201F052FF002CF2D18A
:10F59000FF2385F84530FFF757FBFFF733FB95F85E
:10F5A000444064B2002C12DD05F1100702E0013C7A
:10F5B000E4B264B12B6938464BB101F055FE002826
:10F5C000F5D0013CE4B201F033FF002CF2D1FF236F
:10F5D00085F84430FFF738FB01F00CFDFFF712FB14
:10F5E000A96BEA6B91424FF001038DD24246494626
:10F5F0002846FFF7A9FD6B6A002B40F0C68048B192
:10F600004FF0E0234FF08052C3F8042DBFF34F8F2B
:10F61000BFF36F8FFFF718FB012005B0BDE8F08343
:10F62000026C002A3FF44FAF4FF0500383F3118870
:10F63000BFF36F8FBFF34F8FFEE705F11007FFF7A2
:10F6400003FB0199384601F011FDFFF7DBFA95F84D
:10F65000454064B2002C03DC0FE0013CE4B264B12D
:10F660006B6A30464BB101F0FFFD0028F5D0013C3C
:10F67000E4B201F0DDFE002CF2D1FF2385F8453025
:10F68000FFF7E2FAFFF7BEFA95F8444064B2002CA7
:10F6900003DC0FE0013CE4B264B12B6938464BB1A6
:10F6A00001F0E2FD0028F5D0013CE4B201F0C0FE1B
:10F6B000002CF2D1FF2385F84430FFF7C5FA01F0A2
:10F6C00099FC00288AD14FF0E0234FF08052C3F814
:10F6D000042DBFF34F8FBFF36F8F7FE702A801F0B8
:10F6E00051FE18E74FF0500383F31188BFF36F8F7B
:10F6F000BFF34F8FFEE7019B002B3FF4F9AE4FF0B5
:10F70000500383F31188BFF36F8FBFF34F8FFEE772
:10F71000FFF79AFA002080E7FFF774FA95F8454062
:10F7200064B2002C03DC0DE0013CE4B254B16B6A1E
:10F7300005F1240033B101F097FD0028F4D001F069
:10F7400077FEF1E7FF2385F84530FFF77DFAFFF7F5
:10F7500059FA95F8444064B2002C03DC0DE0013CFA
:10F76000E4B254B12B6905F1100033B101F07CFD16
:10F770000028F4D001F05CFEF1E7FF2385F8443067
:10F78000FFF762FA01F036FCC4E705F1240001F04E
:10F790006BFD00283FF43EAF32E700BF002945D0A3
:10F7A00030B583B050230193019B502B08D04FF00C
:10F7B000500383F31188BFF36F8FBFF34F8FFEE7C2
:10F7C0000C4601220023C1E90F2381F8462009607D
:10F7D0000546019AFFF716FA206CE26B216861601A
:10F7E00000FB02F2101A0A440144C4E9022100237A
:10F7F000FF22A36304F1100084F8442084F845201C
:10F80000FFF74CF904F12400FFF748F9FFF71CFA61
:10F81000002384F84C50A3602360E3601A46194625
:10F820002046FFF745FE204603B030BD4FF05003A1
:10F8300083F31188BFF36F8FBFF34F8FFEE700BFD5
:10F8400060B110B582B083680193044601F0F6FD03
:10F85000019B83420BD0002002B010BD4FF050033B
:10F8600083F31188BFF36F8FBFF34F8FFEE7E36819
:10F87000013BE3600BB10120EEE71A461946204632
:10F88000FFF716FEF7E700BF70B506465020FFF7FA
:10F890001DFB044670B30025012380F8465020600C
:10F8A000C0E90F35FFF7AEF9D4E90F232168616095
:10F8B00003FB02F2D31A0B440A44E360FF23A26065
:10F8C000A56304F1100084F8443084F84530FFF754
:10F8D000E5F804F12400FFF7E1F8FFF7B5F984F843
:10F8E0004C60A5602560E5602B462A4629462046E7
:10F8F000FFF7DEFD204670BD00284ED0F0B504466F
:10F9000083B049B3022B0BD1E06B012808D04FF034
:10F91000500383F31188BFF36F8FBFF34F8FFEE760
:10F92000019317460E46FFF7A3FAEFF311834FF04A
:10F93000500282F31188BFF36F8FBFF34F8FA16B1B
:10F94000E26B91421D46019B12D3022B10D0002086
:10F9500085F3118803B0F0BD006C0028D2D04FF0C1
:10F96000500383F31188BFF36F8FBFF34F8FFEE710
:10F970001A4694F84530A06B5BB23146204601939D
:10F98000FFF7E2FB019B5A1C10D0013384F845308D
:10F99000012085F3118803B0F0BD4FF0500383F3CD
:10F9A0001188BFF36F8FBFF34F8FFEE7636A002BA1
:10F9B000EED004F1240001F057FC0028E8D0002F1D
:10F9C000E6D001233B60E3E780B3036C43B14FF023
:10F9D000500383F31188BFF36F8FBFF34F8FFEE7A0
:10F9E000036863B310B582B00C460190FFF740FA8C
:10F9F000EFF311824FF0500383F31188BFF36F8F41
:10FA0000BFF34F8F0198836BC16B994223D990F854
:10FA100045100133FF2983634BB221D0013380F8B5
:10FA20004530012082F3118802B010BD4FF0500321
:10FA300083F31188BFF36F8FBFF34F8FFEE78368A7
:10FA4000002BCFD04FF0500383F31188BFF36F8F9B
:10FA5000BFF34F8FFEE7002082F3118802B010BD84
:10FA6000436A002BDDD02430019201F0FDFB019AA6
:10FA70000028D6D0002CD4D001232360D1E700BFCA
:10FA80002DE9F04385B00192002800F03B81044647
:10FA9000002977D0894601F0D7FC00287ED0FFF7F7
:10FAA000B1F8A56B002D40F03681019B002B00F0D2
:10FAB000D08002A801F066FCA846FFF7C5F801F067
:10FAC00091FAFFF79FF894F84430FF2B04BF4346A8
:10FAD00084F8443094F84530FF2B04BF434684F843
:10FAE0004530FFF7B1F801A902A801F057FC002842
:10FAF00061D1FFF787F8A36B002B00F0B080FFF710
:10FB0000A3F8FFF77FF894F845506DB2002D12DD91
:10FB100004F1240702E0013DEDB265B1636A3846A5
:10FB20004BB101F0A1FB0028F5D0013DEDB201F091
:10FB30007FFC002DF2D1FF2384F84530FFF784F8D5
:10FB4000FFF760F894F844506DB2002D12DD04F117
:10FB5000100702E0013DEDB265B1236938464BB1B3
:10FB600001F082FB0028F5D0013DEDB201F060FC10
:10FB7000002DF2D1FF2384F84430FFF765F801F03F
:10FB800039FA5DE0036C002B84D04FF0500383F30F
:10FB90001188BFF36F8FBFF34F8FFEE7019B002BE0
:10FBA0003FF47DAF4FF0500383F31188BFF36F8FA5
:10FBB000BFF34F8FFEE7FFF725F894F845506DB27D
:10FBC000002D03DC10E0013DEDB26DB1636A04F17C
:10FBD00024004BB101F048FB0028F4D0013DEDB208
:10FBE00001F026FC002DF1D1FF2384F84530FFF70A
:10FBF0002BF8FFF707F894F844506DB2002D12DD92
:10FC000004F1100702E0013DEDB265B12369384609
:10FC10004BB101F029FB0028F5D0013DEDB201F018
:10FC200007FC002DF2D1FF2384F84430FFF70CF8D5
:10FC300001F0E0F9FEF7E6FFA36B53B1FFF704F81C
:10FC4000FEF7E0FFA56B002D65D1019B002B7FF433
:10FC500034AFFEF7F9FF002005B0BDE8F08304F1F2
:10FC60002407FEF7F1FF0199384601F0FFF9FEF78E
:10FC7000C9FF94F845506DB2002D03DC0FE0013D43
:10FC8000EDB265B1636A38464BB101F0EDFA002878
:10FC9000F5D0013DEDB201F0CBFB002DF2D1FF23F9
:10FCA00084F84530FEF7D0FFFEF7ACFF94F84450DF
:10FCB0006DB2002D12DD04F1100702E0013DEDB23E
:10FCC00065B1236938464BB101F0CEFA0028F5D072
:10FCD000013DEDB201F0ACFB002DF2D1FF2384F821
:10FCE0004430FEF7B1FF01F085F90028A8D14FF0AC
:10FCF000E0234FF08052C3F8042DBFF34F8FBFF3C2
:10FD00006F8F9DE74FF0500383F31188BFF36F8F20
:10FD1000BFF34F8FFEE7226C52B1E168A368114434
:10FD20009942E16024BF2168E160484610F039F94A
:10FD3000013DA56323691BB9FEF786FF01208BE710
:10FD400004F1100001F090FA0028F5D04FF0E02304
:10FD50004FF08052C3F8042DBFF34F8FBFF36F8F66
:10FD6000EAE700BF2DE9F04184B0019100285AD0A4
:10FD7000036C044643B14FF0500383F31188BFF383
:10FD80006F8FBFF34F8FFEE701F05EFB002853D06B
:10FD9000FEF738FFA56B002D40F04B81019B002B37
:10FDA00000F03B8102A801F0EDFAA846FEF74CFFF7
:10FDB00001F018F9FEF726FF94F84430FF2B04BF3A
:10FDC000002384F8443094F84530FF2B04BF00230F
:10FDD00084F84530FEF738FF01A902A801F0DEFAE9
:10FDE000002835D1FEF70EFFA36B002B00F0B78083
:10FDF000FEF72AFFFEF706FF94F845506DB2002D7E
:10FE000075DD04F1240703E0013DEDB2002D6ED055
:10FE1000636A3846002B6AD001F026FA0028F3D036
:10FE200001F006FBF0E74FF0500383F31188BFF3B6
:10FE30006F8FBFF34F8FFEE7019B002BA8D04FF0D1
:10FE4000500383F31188BFF36F8FBFF34F8FFEE72B
:10FE5000FEF7D8FE94F845506DB2002D03DC10E09B
:10FE6000013DEDB26DB1636A04F124004BB101F0C4
:10FE7000FBF90028F4D0013DEDB201F0D9FA002DD4
:10FE8000F1D1FF2384F84530FEF7DEFEFEF7BAFE1F
:10FE900094F844506DB2002D12DD04F1100702E019
:10FEA000013DEDB265B1236938464BB101F0DCF993
:10FEB0000028F5D0013DEDB201F0BAFA002DF2D1E3
:10FEC000FF2384F84430FEF7BFFE01F093F8FEF7FD
:10FED00099FEA36B002B40F09280FEF7B5FEB8F1BF
:10FEE000000F40F08F80002004B0BDE8F081FF23B8
:10FEF00084F84530FEF7A8FEFEF784FE94F84450DF
:10FF00006DB2002D0FDD04F1100702E0013DEDB2EE
:10FF10004DB12369384633B101F0A6F90028F5D078
:10FF200001F086FAF2E7FF2384F84430FEF78CFEF6
:10FF300001F060F8FEF766FEA56B002D79D1019BFC
:10FF4000002B7FF433AFB8F1000F66D04FF05003B1
:10FF500083F31188BFF36F8FBFF34F8FFEE7FEF778
:10FF600073FE2368002B5BD004F124070199384607
:10FF700001F07CF8FEF746FE94F845506DB2002D76
:10FF800003DC0CE0013DEDB24DB1636A384633B19C
:10FF900001F06AF90028F5D001F04AFAF2E7FF23F0
:10FFA00084F84530FEF750FEFEF72CFE94F84450DE
:10FFB0006DB2002D0FDD04F1100702E0013DEDB23E
:10FFC0004DB12369384633B101F04EF90028F5D020
:10FFD00001F02EFAF2E7FF2384F84430FEF734FEF6
:10FFE00001F008F80028A5D14FF0E0234FF080522F
:10FFF000C3F8042DBFF34F8FBFF36F8F9AE7FEF75F
:020000040805ED
:1000000023FE97E7FEF7FEFD616A19B1236B1968BD
:10001000C1F13801A06801F0B9FAFEF715FE62E7F8
:10002000FEF7F0FDA06801F01FFA8046FEF70CFE17
:100030009AE72368013DA5632BB123693BB9FEF71D
:1000400003FE012050E701F003FBA060F5E704F197
:10005000100001F009F90028F1D04FF0E0234FF033
:100060008052C3F8042DBFF34F8FBFF36F8FE6E7C5
:10007000A8B130B583B0836801930D46044601F002
:10008000DDF9019B834204D029462046FFF76AFE32
:1000900018B1E3680133E360012003B030BD4FF0D5
:1000A000500383F31188BFF36F8FBFF34F8FFEE7C9
:1000B00048B30346D9B12DE9F04182B01746019308
:1000C0000E46FEF7D5FEEFF311834FF0500282F398
:1000D0001188BFF36F8FBFF34F8F1D46019B9C6B41
:1000E000D4B9204685F3118802B0BDE8F081006CD8
:1000F0000028E0D04FF0500383F31188BFF36F8FD7
:10010000BFF34F8FFEE74FF0500383F31188BFF327
:100110006F8FBFF34F8FFEE793F844204FFA82F8BA
:100120001A6C62B1D9689868019311448142D96010
:1001300024BF1968D96030460FF033FF019B013CA2
:10014000B8F1FF3F9C6309D008F1010283F8442015
:10015000012085F3118802B0BDE8F0811A69002AF8
:10016000F6D003F1100001F07FF80028F0D0002F46
:10017000EED001233B60EBE760B100B583B00190A6
:10018000FEF740FD0198806B0190FEF75DFD019840
:1001900003B000BD4FF0500383F31188BFF36F8F9E
:1001A000BFF34F8FFEE700BF08B1806B70474FF081
:1001B000500383F31188BFF36F8FBFF34F8FFEE7B8
:1001C000F0B1214B5A68904225D0DA6890422CD089
:1001D0005A6990422BD0DA6990422AD05A6A9042EA
:1001E00029D0DA6A90421ED05A6B904225D0DA6B41
:1001F000904208BF07220FD090F846304BB17047AD
:100200004FF0500383F31188BFF36F8FBFF34F8F0D
:10021000FEE7FEF725BF00229FED097B03EBC2033B
:1002200083ED007BE8E70522F6E70122F4E70222EE
:10023000F2E70322F0E70422EEE70622ECE700BF34
:10024000000000000000000018F20020124B1A68A5
:100250007AB19A6862B11A6992B19A6992B11A6ACE
:1002600092B19A6A92B11A6B92B19A6B92B170473D
:10027000012203EBC20C43F83210CCF804007047A3
:100280000222F6E70322F4E70422F2E70522F0E770
:100290000622EEE70722ECE718F20020174B5A6817
:1002A000904217D0DA6890421CD05A6990421BD015
:1002B000DA6990421AD05A6A904219D0DA6A9042AA
:1002C00018D05A6B904217D0DA6B824208BF0722CF
:1002D00001D07047002203EBC20300200021C3E9D4
:1002E000000170470122F6E70222F4E70322F2E759
:1002F0000422F0E70522EEE70622ECE718F20020E0
:1003000070B505460C461646FEF77CFC95F8443061
:10031000FF2B04BF002385F8443095F84530FF2BB0
:1003200004BF002385F84530FEF78EFCAB6B002B35
:100330003DD0FEF767FC95F8454064B2002C03DC25
:1003400010E0013CE4B26CB16B6A05F124004BB1E2
:1003500000F08AFF0028F4D0013CE4B201F068F814
:10036000002CF1D1FF2385F84530FEF76DFCFEF738
:1003700049FC95F8444064B2002C03DC10E0013CD9
:10038000E4B26CB12B6905F110004BB100F06CFFC9
:100390000028F4D0013CE4B201F04AF8002CF1D17D
:1003A000FF2385F84430BDE87040FEF74DBC32466F
:1003B000214605F1240000F005FFBAE72DE9F041E0
:1003C0000546FEF71FFC334A334E136801331360B2
:1003D0003368002B31D0314CE86A236833B3304F97
:1003E000304A3149136801331360AB640B688342B0
:1003F00038BF086000EB800007EB8000291DFEF786
:100400005DFBFEF721FC236873B13268EB6AD26AA8
:100410009A4209D24FF0E0234FF08052C3F8042DE6
:10042000BFF34F8FBFF36F8FBDE8F08133681C4F70
:10043000DB6A834298BF3560D2E735601368012BD1
:1004400003D0E86A164F154CCAE7154F3C4607F52E
:100450008C6820461434FEF721FBA045F9D1DFF863
:100460006480124C4046FEF719FB2046FEF716FB4F
:100470000F48FEF713FB0F48FEF710FB0E48FEF780
:100480000DFB0E4BE86AC3F800800D4B1C60034C5B
:10049000A6E700BF80F2002054F7002074F200208D
:1004A000F4F2002064F2002078F20020CCF2002068
:1004B000B0F200209CF2002084F20020C8F200205C
:1004C000C4F20020E0F200202E4B10B500221A608A
:1004D000F4F736FA2C4B2D4C1968884207D9D4F81A
:1004E00000C0DCF85820521A0244CCF85820226888
:1004F0001860136B1A68B2F1A53F03D15A68B2F1C4
:10050000A53F35D0206821683431F4F709FADFF8C7
:1005100084C01F49DCF8003003EB8302920098008E
:100520008A5842B9DBB1013B03EB8302980051F8D2
:100530002220002AF6D0184401EB800E0EF10802AA
:10054000DEF804104968CEF80410914204BF4968EF
:10055000CEF80410CA682260CCF8003010BD4FF00D
:10056000500383F31188BFF36F8FBFF34F8FFEE704
:100570009A68B2F1A53FC5D1DB68B3F1A53FC1D1FF
:10058000C5E700BF6CF2002058F2002054F70020AD
:10059000F4F2002078F2002080B5214D214F224E48
:1005A000224C2B6853B3FEF72DFBFB68D3F80C806D
:1005B00008F10400FEF7ACFA3368013B33602B68A6
:1005C000013B2B60FEF740FB98F8613063B1012BD3
:1005D00022D0022BE5D04FF0500383F31188BFF3F4
:1005E0006F8FBFF34F8FFEE7D8F83000FEF738FD6E
:1005F0004046FEF735FD2B68002BD4D12368012B34
:10060000CFD94FF0E0234FF08052C3F8042DBFF351
:100610004F8FBFF36F8FC4E74046FEF721FDC0E761
:1006200098F200209CF2002080F20020F4F20020DA
:100630002DE9F04F4B4B1D68013583B01D60002D37
:1006400046D0494B01931B689D424ED3474FDFF87C
:100650002C813B68DFF828A11E68002E7AD0DFF8D5
:10066000249100260FE0C9F80030FEF727FAE26A6D
:10067000DAF80030DB6A9A4228BF46F001063B6890
:100680001B68002B66D03B68DB68DC6863689D42B2
:1006900004F1040063D3FEF73BFAA36A04F11800E7
:1006A0000BB1FEF735FAE36AD9F8002003EB8300BB
:1006B0009342844604F1040108EB8000D3D808EB90
:1006C0008C00211DFEF7FAF9DAF80030E26AD1E772
:1006D000264B1A6812680AB34FF0500383F311884F
:1006E000BFF36F8FBFF34F8FFEE7DFF89080DFF827
:1006F00090A00026DAF800301D4ADB6A03EB830382
:100700009B0058F803301068012B98BF002814BFD5
:1007100001200020304303B0BDE8F08F154A18686F
:1007200011681960144910600A6801320A601A6879
:10073000126832B90C4A01924FF0FF33136013462E
:1007400081E71B68084ADB680192DB685B6813601D
:10075000134678E7019A4FF0FF331360CAE7019A16
:100760001360C7E77CF2002060F20020C8F200208E
:100770006CF20020C4F2002068F20020F4F20020A5
:1007800054F7002078F200202DE9F84F414DFEF794
:1007900039FA2B68013B2B602B68002B64D13E4B50
:1007A0001B68002B60D03D4E3368002B6FD03C4F50
:1007B000DFF8FC90DFF8FC80DFF8FCB0F368DC6861
:1007C00004F11800FEF7A4F9201DFEF7A1F9E36A71
:1007D0003A6803EB8300934204F1040109EB8000C3
:1007E00088BF3B60FEF76AF9D8F80030E26ADB6A3E
:1007F0009A423FD30122CBF800203368002BDDD191
:10080000284B1A681268002A3CD01A68264BD26816
:10081000D26852681A60254E346894B1012706E008
:10082000FFF706FF08B1CBF80070013C08D02B6839
:10083000002BF5D03368013C03F101033360F6D19E
:100840003460DBF800307BB14FF0E0234FF0805292
:10085000C3F8042DBFF34F8FBFF36F8F0124FEF752
:10086000F3F92046BDE8F88F0024FEF7EDF92046A5
:10087000BDE8F88F3368002BA0D10A4B1A681268C4
:10088000002AC2D1084B4FF0FF321A60C3E7DFF8ED
:1008900028B0C0E75CF2002080F20020B0F2002017
:1008A00078F20020C8F2002060F2002070F20020F0
:1008B000F4F2002054F700206CF20020F0B585B06F
:1008C000DDE90B54DDB18CB14FF0640CCDF80CC0F8
:1008D000DDF80CC0BCF1640F1AD04FF0500383F365
:1008E0001188BFF36F8FBFF34F8FFEE74FF05003B8
:1008F00083F31188BFF36F8FBFF34F8FFEE74FF085
:10090000500383F31188BFF36F8FBFF34F8FFEE760
:100910001F460B9B0191039923630221920084F8E7
:1009200061100646A521184600920FF0E0FA009AE1
:10093000216B043A114421F007031D466364019BB7
:10094000002B65D01A7884F83420002A36D05A78E3
:1009500084F8352092B39A7884F8362072B3DA7826
:1009600084F8372052B31A7984F8382032B35A7990
:1009700084F8392012B39A7984F83A20F2B1DA79FE
:1009800084F83B20D2B11A7A84F83C20B2B15A7A6A
:1009900084F83D2092B19A7A84F83E2072B1DA7AD6
:1009A00084F83F2052B11A7B84F8402032B15A7B40
:1009B00084F8412012B19B7B84F84230002384F8F4
:1009C00043300A9A372A28BF37220023E262226581
:1009D0006365201D0092FEF76DF804F11800FEF724
:1009E00069F8009A24610023C2F13802E365A2612C
:1009F000A36584F860303A46314664622846FEF7C3
:100A0000D7F820602046FFF7D9FC204605B0F0BD9E
:100A100084F83430D5E700BF2DE9F041950082B06D
:100A2000074628460E469846FEF750FA002800F082
:100A3000848001906420FEF749FA019B0446002857
:100A400078D003631846002384F861302A46A52134
:100A50000FF04DFA236B043D2B4423F0070363642E
:100A6000002E6FD0327884F83420002A36D0727885
:100A700084F8352092B3B27884F8362072B3F278D5
:100A800084F8372052B3327984F8382032B372793F
:100A900084F8392012B3B27984F83A20F2B1F279AD
:100AA00084F83B20D2B1327A84F83C20B2B1727A19
:100AB00084F83D2092B1B27A84F83E2072B1F27A85
:100AC00084F83F2052B1327B84F8402032B1727BEF
:100AD00084F8412012B1B27B84F84220002284F8CD
:100AE0004320089D0193372D28BF37250026E56256
:100AF0002565201D6665FDF7DDFFC5F1380504F1AC
:100B00001800FDF7D7FFE6650198A56124616462CE
:100B1000A66584F8606042463946FEF749F8099BAD
:100B2000206003B11C602046FFF748FC012002B0A2
:100B3000BDE8F0811846FEF793FA4FF0FF3002B09F
:100B4000BDE8F08184F83460CBE700BF70B504469F
:100B5000364DFEF757F8002C44D0261D3046FDF7E1
:100B6000D7FFA36A1BB104F11800FDF7D1FF304A8B
:100B70001368013313602B68A3422AD02D4994F8DF
:100B800061200B68013B0B6062B1012A3FD0022A51
:100B90000ED04FF0500383F31188BFF36F8FBFF374
:100BA0004F8FFEE7206BFEF75BFA2046FEF758FA00
:100BB000214B1A681268BAB9204B4FF0FF321A6005
:100BC000FEF742F81E4B1B6813B12B68A34212D0EC
:100BD00070BD1C483146FDF771FF1B4A1368013395
:100BE0001360EDE72C68B8E71A68144BD268D26836
:100BF00052681A60E4E7154B1B6863B14FF050036D
:100C000083F31188BFF36F8FBFF34F8FFEE720464A
:100C1000FEF726FACCE74FF0E0234FF08052C3F8FE
:100C2000042DBFF34F8FBFF36F8F70BD54F70020BB
:100C300064F2002080F20020C8F2002060F2002060
:100C400074F200209CF2002098F200205CF2002058
:100C500010B582B058B94FF0E0234FF08052C3F87E
:100C6000042DBFF34F8FBFF36F8F02B010BD214A29
:100C7000136843B14FF0500383F31188BFF36F8FB4
:100C8000BFF34F8FFEE711680190013111601A49DF
:100C90001A48046808680430FDF73AFF1649019BBA
:100CA00008681B19436011D3154B18680968043193
:100CB000FDF712FF0F4A1368BBB94FF0500383F3DF
:100CC0001188BFF36F8FBFF34F8FFEE70D4801937D
:100CD000006809680431FDF7FFFE0B49019B0868B5
:100CE000044A834238BF0B60E5E7FFF74DFD00285B
:100CF000B1D0BAE75CF2002054F700207CF200206B
:100D0000C4F20020C8F2002060F2002070B5044652
:100D1000324EFDF777FF002C3CD0251D2846FDF70D
:100D2000F7FEA36A1BB104F11800FDF7F1FE294696
:100D30002B482C4DFDF7C2FE94F86030012B04BF08
:100D4000002384F86030FDF77FFF2B689BB9336880
:100D5000A34200D070BD2B681BBB2149224A096801
:100D60001268914234D0214B1B68002B32D0204BAB
:100D700001221A6070BDFDF745FF1E4B1A6812680C
:100D800052B11A681C4BD268D26852681A60FDF7DB
:100D90005BFFDCE73468C0E7174B4FF0FF321A60A7
:100DA000F5E7124B1B6843B14FF0500383F31188F2
:100DB000BFF36F8FBFF34F8FFEE74FF0E0234FF08D
:100DC0008052C3F8042DBFF34F8FBFF36F8F70BDF8
:100DD000336070BDBDE87040FFF776BB54F700206C
:100DE00084F2002074F2002080F200205CF20020E7
:100DF0006CF20020C8F2002060F2002098B1274A6F
:100E0000136883420ED000B583B00090FDF7FAFE60
:100E1000009B2349586988420ED003B05DF804EB6B
:100E2000FDF712BF70474FF0500383F31188BFF3F3
:100E30006F8FBFF34F8FFEE7996A1A488142ECD05B
:100E40000029EAD1191D084601930091FDF760FEC3
:100E5000019BDFF854C0D86ADCF800E000990093E9
:100E6000704588BFCCF80000DFF840C000EB800080
:100E70000CEB8000FDF722FE084A009B1168DA6A3D
:100E8000CB6A9A42C9D34FF0E0234FF08052C3F8A7
:100E9000042DBFF34F8FBFF36F8FBEE754F70020D1
:100EA00084F20020B0F2002078F20020F4F200205A
:100EB00030B587B002A8002404AA03A9CDE90244F2
:100EC000FDF7EEFB0398C8B1029B73B16422059253
:100ED0000599049A64291AD04FF0500383F31188BE
:100EE000BFF36F8FBFF34F8FFEE74FF0500383F3D5
:100EF0001188BFF36F8FBFF34F8FFEE74FF05003A2
:100F000083F31188BFF36F8FBFF34F8FFEE702218A
:100F10008A4083F8611018630599A521CDE9002363
:100F20000EF0E5FF019B009A196B29485863043ABB
:100F3000114421F00705181DC3E914445D6483F8CA
:100F4000384083F84340DC620093FDF7B3FD009B1B
:100F500003F11800FDF7AEFD009B1E49DC65382249
:100F60009A611B6122465B629C6583F8604028465B
:100F7000FDF71EFE009B18601846FFF71FFA00F0F1
:100F8000F3FC01280CD0013001D007B030BD4FF088
:100F9000500383F31188BFF36F8FBFF34F8FFEE7CA
:100FA0004FF0500383F31188BFF36F8FBFF34F8F60
:100FB00009490A4A0A4B4FF0FF3CC1F800C01060D3
:100FC0001C60F3F7BBFC07B0BDE83040FDF7ACBEDA
:100FD00049444C459905050860F2002074F2002050
:100FE0007CF20020024A136801331360704700BF8F
:100FF0005CF20020064B1B6843B94FF0500383F3AB
:101000001188BFF36F8FBFF34F8FFEE7FFF7BCBBB5
:101010005CF20020014B1868704700BF7CF2002092
:1010200008B5FDF725FF014B186808BD7CF20020CC
:10103000054B1B680BB9FFF7FBBA044A1368013371
:1010400000201360704700BF5CF2002070F20020A7
:10105000044B1B681BB1044B01221A607047FFF759
:1010600033BA00BF5CF200206CF20020F0B130B562
:101070001E4C83B0019121681831FDF72DFD1C4AEB
:101080001368206804301D46FDF742FD019B5A1C81
:1010900015D022685B19536019D3164B1868216864
:1010A000043103B0BDE83040FDF716BD4FF05003EA
:1010B00083F31188BFF36F8FBFF34F8FFEE7216873
:1010C0000D48043103B0BDE83040FDF7F7BC0B4AD2
:1010D0000193106821680431FDF7FEFC084A019B6A
:1010E00011688B4238BF136003B030BD54F7002045
:1010F0007CF20020C4F2002084F20020C8F200201C
:1011000060F2002000282FD0274B1B6843B94FF016
:10111000500383F31188BFF36F8FBFF34F8FFEE748
:1011200030B51446214A41F00043116883B08B6109
:1011300011681831FDF7C2FC1C4A1D4B1B68106872
:1011400004301D46FDF7E4FC184A631C116814D0F6
:1011500063194B6018D3174B18681168043103B03A
:10116000BDE83040FDF7B8BC4FF0500383F3118861
:10117000BFF36F8FBFF34F8FFEE70F48043103B00B
:10118000BDE83040FDF79ABC0C490193086811682E
:101190000431FDF7A1FC0A4A019B11688B4238BF5C
:1011A000136003B030BD00BF5CF2002054F7002094
:1011B0007CF20020C4F2002084F20020C8F200205B
:1011C00060F2002058B330B5214C0D46216883B041
:1011D00018310192FDF772FC1E4B019A1B6892B9FF
:1011E000206801930430FDF793FC019B2268EB1803
:1011F00053601DD3184B18682168043103B0BDE853
:101200003040FDF769BC20680430FDF781FC21689F
:101210001248043103B0BDE83040FDF74FBC4FF039
:10122000500383F31188BFF36F8FBFF34F8FFEE737
:101230000B4A0193106821680431FDF74DFC094AFF
:10124000019B11688B4238BF136003B030BD00BFF3
:1012500054F700207CF20020C4F2002084F2002029
:10126000C8F2002060F2002010B5C368DC6882B0CC
:10127000002C2CD004F1180108460191FDF748FC20
:10128000174B01991B6873B11648FDF717FC164BF5
:10129000E26A1B68DB6A9A4285BF144B012000207A
:1012A000186002B010BD211D08460191FDF730FC09
:1012B0000F4AE36A1068019983420E4888BF1360A1
:1012C00003EB830300EB8300FDF7F8FBDFE74FF050
:1012D000500383F31188BFF36F8FBFF34F8FFEE787
:1012E0005CF20020B0F2002054F700206CF20020E5
:1012F00078F20020F4F200201D4B1B6843B94FF038
:10130000500383F31188BFF36F8FBFF34F8FFEE756
:1013100010B5C46841F0004182B00160FCB1FDF736
:10132000F7FB211D08460191FDF7F2FB114AE36A24
:10133000106801998342104888BF136003EB830350
:1013400000EB8300FDF7BAFB0C4BE26A1B68DB6A1B
:101350009A4202D90A4B01221A6002B010BD4FF026
:10136000500383F31188BFF36F8FBFF34F8FFEE7F6
:101370005CF2002078F20020F4F2002054F7002004
:101380006CF20020034A044B12681B68C0E900237A
:10139000704700BF68F200207CF2002028B3D9B16A
:1013A00070B50C4682B00E460190FDF72BFC236809
:1013B0001D4A591CD2F800C02DD001981B49D0E914
:1013C000005E0C68A54219D0E64517D8FDF73CFC35
:1013D0000124204602B070BD4FF0500383F3118802
:1013E000BFF36F8FBFF34F8FFEE74FF0500383F3D0
:1013F0001188BFF36F8FBFF34F8FFEE7ACEB0E0486
:10140000A3420ED9A3EB0C03D1F800C012687344B9
:101410003360C0E900C2FDF717FC0024204602B08B
:1014200070BD00233360D1E77CF2002068F2002019
:10143000014B01221A6070476CF20020014B1868C2
:10144000704700BF54F70020054B1B6833B1054BB4
:101450001868B0FA80F040094000704701207047DA
:1014600074F200205CF20020E8B1214AC36A1168DE
:10147000C96A8B4218D210B58169002982B004DB99
:101480001168C96AC1F1380181611A4C416903EBE5
:10149000830304EB830399420ED01368DB6AC362B3
:1014A000012002B010BD70471368006DDB6A9842DE
:1014B0002CBF002001207047011D019008460091BB
:1014C000FDF726FB0A4ADFF830C01268019BD06A9C
:1014D000D862DCF8003000999842064B88BFCCF8FF
:1014E000000000EB800003EB8000FDF7E7FAD7E790
:1014F00054F70020F4F2002078F20020A8B1204B2D
:101500001B68834208D04FF0500383F31188BFF368
:101510006F8FBFF34F8FFEE75A6D42B1D86A196DD6
:10152000013A88425A6500D052B1002070474FF00E
:10153000500383F31188BFF36F8FBFF34F8FFEE724
:1015400000B5191D83B0084601930091FDF7E0FA3C
:10155000019B0C481A6DDA62C2F1380CC3F818C04E
:10156000036800999A4288BF0260074802EB820232
:1015700000EB8200FDF7A2FA012003B000BD00BF1E
:1015800054F7002078F20020F4F20020B8B1436D47
:1015900063B110B5046DC26AA14238BF21468A42C8
:1015A00082B001D0012B0BD002B010BD4FF0500320
:1015B00083F31188BFF36F8FBFF34F8FFEE7704740
:1015C0001A4B1B68834227D08369C162002BA8BFD6
:1015D000C1F13801164BA8BF816102EB820241695B
:1015E00003EB82039942DFD1011D0190084600916F
:1015F000FDF78EFA0F4A019B0099D86A136898424A
:101600000B4B88BF106000EB800003EB800002B042
:10161000BDE81040FDF752BA4FF0500383F3118834
:10162000BFF36F8FBFF34F8FFEE700BF54F700206B
:10163000F4F2002078F20020044A1168136812685E
:10164000DB6A8869C3F138039361704754F700205F
:10165000044B1A681AB119684A6D01324A65186854
:10166000704700BF54F70020F0B5204E85B00CE065
:10167000DB68DC681F68201DFDF74AFA236A2046F4
:10168000984794F828305B0709D433681A68002A11
:10169000EED1174A11683160136005B0F0BDA3693F
:1016A0003B449F4204F1040105D230686360246129
:1016B000FDF712FAE9E70F4D2B686BB10023009399
:1016C00001970294FFF7C0FE002328681A46694676
:1016D000FDF7EEFE0028D8D14FF0500383F31188B8
:1016E000BFF36F8FBFF34F8FFEE700BF58F80020A6
:1016F00054F8002050F800202DE9F04F964E974DF9
:10170000974C8BB04FF0E0294FF080583268176843
:10171000002F40F0A780FFF765FCFFF77BFC2A68ED
:1017200090428246C0F0AD808E4B28601A681268E5
:10173000B2FA82F252092068A7EB0A01FEF7E0FD37
:10174000FFF758FC28B9C9F8048DBFF34F8FBFF3DA
:101750006F8F2068002202A9FEF792F90028D5D0E9
:10176000029B002B75DB049F7B6913B1381DFDF7CD
:10177000CFF9FFF74FFC2B6898428346C0F0888072
:10178000029BC5F800B0092BE3D8DFE803F005059C
:1017900005523C590505523C97F82820039B3F61B0
:1017A00042F0010287F82820BA6999182CBF01205D
:1017B0000020594579606ED8ABEB03039A4232D8CA
:1017C0003B6A3846984797F828305907C1D52368AF
:1017D00083B1BA69039B08971344002707930697C0
:1017E000FFF732FE20683B463A4606A9FDF760FE49
:1017F0000028AED14FF0500383F31188BFF36F8FF1
:10180000BFF34F8FFEE797F82820039BBB6142F0A0
:10181000010287F82820002B00F094805B445B4590
:101820007B603F613BD84F4B391D1868FDF754F979
:101830008FE797F8283023F0010387F8283088E7EE
:1018400097F828309A074AD523F0010387F8283003
:101850007FE7039BDDE904019847029B002BFFF61D
:1018600078AF80E7D3681F68FFF7BCFBFFF7D2FBB8
:101870002A688242824604D88742286014D900220E
:1018800059E7FFF7F1FEC5F800A0FFF7B3FB60E7EB
:10189000FFF7EAFE74E75B4501D9002890D0306875
:1018A000391DFDF719F954E7FFF7A4FB3268D26838
:1018B000D2F80CB00BF1040108460191FDF728F9AC
:1018C0009BF82820019912F0040F0CD122F001029C
:1018D0008BF82820DBF820305846984739E73846FF
:1018E000FDF7BEFB35E7DBF81800CBF810B03A186F
:1018F0005245CBF8042003D93068FDF7EDF8E9E74D
:10190000AAEB070A504518D822686AB1CDE9077BCF
:1019100000270697FFF798FD20683B463A4606A940
:10192000FDF7C6FD0028D5D14FF0500383F3118891
:10193000BFF36F8FBFF34F8FFEE70A4B1868FDF7B9
:10194000CBF8C7E74FF0500383F31188BFF36F8FD5
:10195000BFF34F8FFEE700BF58F8002048F8002083
:1019600050F8002054F8002010B5244C8AB0FDF740
:1019700049F9236833B3FDF767F92368CBB1002435
:1019800009AA08A907A8CDE90744FCF797FEDDE9F5
:1019900007020223CDE9012000931949099A194849
:1019A0002346FEF78BFF184B186010B101200AB0D8
:1019B00010BD4FF0500383F31188BFF36F8FBFF357
:1019C0004F8FFEE711480593FDF768F81048FDF7C3
:1019D00065F81049059B0D4A00930A600E4A0C48B1
:1019E00010600E4B0E4A10210A20FDF7EBFB206021
:1019F0000028C0D00B49FEF729FCBCE750F80020B6
:101A0000B82F0608F91605084CF8002070F80020D9
:101A10005CF8002058F8002054F8002058F7002007
:101A2000A8F70020B02F060800B5944685B01A46E6
:101A3000074B01906FF0010E02911868CDF800E09D
:101A400000236946CDF80CC0FDF756FF05B000BD78
:101A500050F80020F0B585B00023039300297ED014
:101A60000D4604460B6000286FD0103017460BF06F
:101A700061F8002832D094F8203007F0040203F017
:101A8000030313431BD003A904F110000BF046F825
:101A900001303DD02378039803F0F003102B2BD0B6
:101AA000002846D003681A89A36A1BB12046012189
:101AB0009847039828600025284605B0F0BD94F9A2
:101AC0000830002BDFD1E26903A904F110000BF00C
:101AD00007F80130DED16FF00205EDE701900BF061
:101AE000B1F894F90850019B23720BF0B7F8002D60
:101AF000E2D16FF00A05DFE70DF10B0101F086F985
:101B000000B39DF90B5015F10F0F08BF0025D3E767
:101B10000BF098F894F90850002323720BF09EF80C
:101B2000002DC9D194F82030DB07E2D46FF0060510
:101B3000C2E70F4B0F49104840F291220EF02EF8E9
:101B40000398AFE703980289AEE7094B0B490A48AF
:101B500040F24A220EF022F86FF00F05ACE7044B7A
:101B6000074905484FF412720EF018F8F4E700BF69
:101B7000C02F060858300608143006083C30060806
:101B8000F42F060870B50D4688B0114601F0C6F96D
:101B9000B8B300F10C02FA230090044669462A48C3
:101BA0008DF8043016468DF8085001F0C7FF9DF8F7
:101BB0000430184340B210B9204608B070BD6368C5
:101BC0002BB1224B22492348A3220DF0E7FF04F159
:101BD000100004F110050AF0ADFFB0B104F11400DB
:101BE0000AF0A8FFE8B930460AF0EAFF20B3304611
:101BF0000AF0E2FF28460AF049FF2146072004F0D8
:101C00005DFB0024204608B070BD104B12491148FE
:101C1000A4220DF0C3FF04F114000AF08BFF00288A
:101C2000E1D00A4B0D490B48A6220DF0B7FF304614
:101C30000AF0C6FF0028DAD1044B09490548A92259
:101C40000DF0ACFFD3E700BF652E0508C02F0608D6
:101C5000643006081430060888300608A0300608EC
:101C6000C4300608F0B100B58BB0034629214FF00F
:101C7000FA0C8DF811100C488DF80CC003F10C0211
:101C800002A9CDE9013301F059FF08B10BB000BD45
:101C90009DF90C000028F9D1019801F087F9002086
:101CA0000BB000BD002070473532050800B589B083
:101CB000C8B11346114A0090002914BF8E469646BB
:101CC0004FF0FA0C00F10C0269460D48CDF808E01F
:101CD000ADF80C308DF804C001F030FF08B99DF963
:101CE000040009B000BD074B074908484FF49C7237
:101CF0000DF054FF6FF00F00F3E700BFB0BF07080F
:101D000059330508C02F0608E030060814300608CD
:101D100000B589B0C8B11346114A0090002914BF1C
:101D20008E4696464FF0FA0C00F10C0269460D48BB
:101D3000CDF808E0ADF80C308DF804C001F0FEFEDF
:101D400008B99DF9040009B000BD074B07490848D0
:101D50004FF4BF720DF022FF6FF00F00F3E700BFEA
:101D6000B0BF0708A9330508C02F0608FC300608D5
:101D70001430060800B589B078B14FF0FA0C00F1C4
:101D80000C02009069460A488DF804C001F0D6FEA6
:101D900008B99DF9040009B000BD064B0649074883
:101DA00040F2BB120DF0FAFE6FF00F00F3E700BF38
:101DB000BD340508C02F06081C310608143006087B
:101DC000F0B583B0002952D000270E4604460F60BC
:101DD000002842D00AF036FF94F9085027720AF022
:101DE0003DFF8DF8035015B1284603B0F0BD04F156
:101DF000140738460AF09EFE60B394F82030DA07E4
:101E000028D49B0717D501A938460AF087FE013070
:101E100035D0A36A1BB100222046012198470198C2
:101E20000DF1030100F0F2FF78B9019B93B1284650
:101E3000336003B0F0BDE269384601A90AF050FEF4
:101E40000130E6D16FF00205CEE79DF90350284638
:101E500003B0F0BD6FF00E05C6E70A4B0A490B4808
:101E600040F2E3120DF09AFE6FF00F05BCE7054B50
:101E70000749064840F2E1120DF090FEF4E76FF0DA
:101E80000605B1E7C02F06085C31060814300608C5
:101E90003C3106082DE9F04192B0002900F09D8008
:101EA00000220D4604460A60002800F08C8003786A
:101EB00003F0F003102B3DD10620019204F0A0F9AD
:101EC000064600285BD004F110000AF033FE00281B
:101ED00076D094F9201094F8203000294FF00002B9
:101EE0002DDB01A92046FFF7B5FD074600283ED1AE
:101EF000019B9846002B48D01A89237803F0F00301
:101F0000102B44D10492FA233848029404F10C02B5
:101F100002A98DF80C3001F011FEB8F1000F12D0BB
:101F200000233846C6E90088B381B3602E6012B042
:101F3000BDE8F08112B0BDE8F041FFF78BBD03F0C2
:101F40007F0384F82030A36A1BB1002201212046C0
:101F5000984765681DBB0AF075FE94F90830257234
:101F60001F460AF07BFEAF4208BF6FF00D073146F7
:101F7000062004F0A3F9384612B0BDE8F0814FF016
:101F8000FF37384612B0BDE8F0810122B5E7184BA3
:101F90001849194840F2A7220DF000FEBDE742F6AD
:101FA0000111FA23ADF8301014480A9404F10C0220
:101FB0000AA98DF82C306FF00E0701F0BFFDD6E7AF
:101FC0006FF00A07D3E70A4B0D490B4840F2653220
:101FD0000DF0E4FD6FF00F07CDE7054B094906480A
:101FE00040F263320DF0DAFDF4E700BFE935050891
:101FF000C02F06087C31060814300608F93605089B
:102000003C300608F42F0608B9B100B589B002B11A
:1020100012688A608B8198B14FF0FA0E00F10C02C1
:10202000009002910B488DF804E0694601F086FDAE
:1020300008B99DF9040009B000BD6FF005007047B4
:10204000054B0649064840F2B2320DF0A7FD6FF08D
:102050000F00F0E7AD350508C02F0608A0310608CF
:102060001430060810B58CB0CDE9021200285ED0FD
:102070001446027802F0F002102A4ED190F820C0E7
:1020800003F004010CF0020C9E465CEA010324D02C
:102090000E9B002B48D0002C31D06FF000439C42A7
:1020A00028BF1C46012302A906910121049000F1DA
:1020B0000C02ADF81C10FA200021CDE9094108916D
:1020C0008DF8140004A91F4801938DF82CE001F04D
:1020D00035FD019B48B10CB010BD002C0FD0E2DAE9
:1020E0000E9A0AB36FF00044DDE79DF91400002852
:1020F000F1D10E9A12B111460A9A0A6013B100206A
:102100000CB010BD0A9B9C42F9D00F4B0F491048F0
:102110004FF486620DF042FDF1E70B4B0D490C4880
:1021200040F2EF320DF03AFD6FF00500D3E7064BB9
:102130000949074840F2EE320DF030FD6FF00F0014
:10214000C9E700BF25360508C02F0608FC31060880
:1021500014300608D8310608BC31060800B589B02D
:1021600098B142F6031E4FF0FA0C00F10C020090F9
:1021700069460B48ADF808E08DF804C001F0DEFCBC
:1021800008B99DF9040009B000BD064B064907488F
:1021900040F247420DF002FD6FF00F00F3E700BF81
:1021A000F9360508C02F0608203206081430060844
:1021B00080B100B583B001900AF044FD019B00217D
:1021C00093F90820197201920AF048FD019A10460D
:1021D00003B000BD704700BF2DE9F04182B00E464C
:1021E000BDF82080044615461F46002936D04CB362
:1021F0006368B34205D0224B22492348EE220DF0FA
:10220000CDFC04F110000AF095FC08B3062003F0A1
:10221000F7FF0146E0B1C0E9005537B33B688B607A
:10222000A1F80C8004F110002D8901910AF048FCFE
:1022300000BBA36ADBB101462A46204602B0BDE8D6
:10224000F04118470E4B11490F48E6220DF0A6FC4D
:10225000284602B0BDE8F04104F034BB084B0C49FD
:102260000948E5220DF09AFCC1E73B46D7E702B0EA
:10227000BDE8F081019802B0BDE8F04101F0B0BACC
:102280003C320608B43206081430060894320608B8
:10229000703206082DE9F04F064683B088460028C4
:1022A00000F0BA817378012B06D0B24BB249B34823
:1022B00040F274620DF072FC736A002B00F0B4817E
:1022C0007368002B00F0BB81736AD3E9052191424A
:1022D00080F095819A89002A00F088811D7F96F808
:1022E00020109A681C6901F0020105F0040051EA0F
:1022F000000ACDF804A000F0A980B146D2E900613F
:10230000D9F80400A1EB040BBBF5803FB0F8647072
:10231000864668D34FF6FF72974245F002054ED1CC
:10232000E3199942C0F088804FF6FF7A31193A4696
:102330002B464FF0010B08F035F9002865D1D9F88C
:10234000243099699A681C695144996151685444D0
:102350008C421C6125D0BBF1000FCFD1DDF804A069
:1023600007464E46D3E90512914240F2A480B36A73
:102370001BB1002203213046984796F8203043F0E5
:10238000100386F82030002F40F06181D6F804E079
:10239000704609F00BFA011D736A0CBF074600274F
:1023A0003DE09989013989B299810029D3D0083259
:1023B0009A6018610446BBF1000F9FD1CEE7002F51
:1023C00000F05F813B1999421FFA8BFBBA46C0F0BF
:1023D0000381BB4510D1D9F824309B89012B0BD93F
:1023E00045F00205A2E71FFA8BF2BA42E7D89B89B3
:1023F000012B1746DA46F3D831193A462B464FF0EF
:10240000000B08F0CFF8002899D0431CDBB2012B59
:10241000DDF804A007464E4640F25281736A186800
:102420001F71002373627370B8F1000F40F0F080E9
:10243000002003B0BDE8F08F4E4B51494F4840F2A9
:10244000A3620DF0ABFBD9F804006DE7B246D2E908
:102450000061DAF80400A1EB0409B9F5803FB0F897
:10246000647043D34FF6FF739F4245F0020540F07E
:102470009280E3198B4200F299804FF6FF794FF07A
:10248000010B31193A462B4608F08CF8002838D158
:10249000DAF8243099699A681C694944996151684D
:1024A0004C44A1421C6113D0BBF1000FCFD1564662
:1024B000DDF804A00746D6F804E0BEF86420B2F5C3
:1024C000866F30D2B46A002C36D1002F3ED0C2E0E5
:1024D0009989013989B299810029E5D008329A6039
:1024E00018610446BBF1000FB1D1E0E71FFA89F291
:1024F000BA4247D817469B89012B49D945F00205B6
:10250000BDE7431CDBB2012B56460746DDF804A0AD
:1025100084D8D6F804E0BEF86430B3F5866FC0F016
:10252000C9804FF0FF37BEF86630042B40F2A5801B
:10253000B46A002C00F0A180002203213046A0479D
:10254000002F40F08480736AD6F804E0D3E90532A6
:102550009A423FF41DAFBAF1000F7FF419AF7046F5
:1025600009F024F9021D07463FF458AF4FF0FF3041
:102570005FE700BF3C320608E43206081430060864
:10258000A0330608E319994245F0020518D3B9466D
:102590004FF0000B75E73B198B421FFA89FB10D8EF
:1025A000B9465F45F4D1DAF82430A4E7464B4749F1
:1025B000474840F2A3620DF0F1FADAF804005CE754
:1025C0009346414B4149424840F2A3620DF0E6FA7E
:1025D000B946DAF80400E4E73B4B3C493C4840F29A
:1025E000A3620DF0DBFAD9F80400F2E6364B394964
:1025F000374840F279620DF0D1FA736A6EE6324BD9
:102600003549334840F277620DF0C8FA736A61E6E3
:102610000C300AF0CDFA0BE72B4B30492C4840F236
:1026200073620DF0BBFA3DE6274B2D49284840F276
:1026300075620DF0B3FA7368002B7FF445AE224B40
:102640002849234840F276620DF0A8FA3CE60137AB
:102650002CD1D6F804E0704609F0A8F8031D07460F
:102660003FF4DCAEBAF1000F80D0736A9A69002A99
:1026700014BF00276FF00607D1E6002FEBD1736A75
:1026800064E79A695969DDF804A0BA4208BF6FF09F
:1026900006078A424E46FFF46AAED9F82840002C5D
:1026A0007FF44AAF002F3FF451AF00E0736A6FF040
:1026B0000607B4E6B46A002CCDD04FF0FF373BE7F5
:1026C000736A4FF0FF374DE63C320608A033060828
:1026D000143006087833060838330608D432060862
:1026E00004330608203306082DE9F041044682B081
:1026F0008846002800F0BD80237803F0F003102BFB
:1027000006D09D4B9D499E4840F2A3320DF046FAFB
:102710006378042B06D0984B9A4999484FF4697214
:102720000DF03CFA6368002B00F0AB80636A002B6D
:1027300000F0B2801B7A6568032B03F0010603F0FA
:10274000020736D0A6B12B7D5A1F012A31D9082B9A
:102750002FD0002F40F0C080012B00F0D4803946EC
:10276000284605F05FFB3946284605F0AFFB05E03B
:10277000002F3FD12B7D012B00F0C5803A4631461A
:10278000284605F025FE636A024600286BD0411CEE
:1027900062D15A7A002A40F0CE801D6818710C353B
:1027A00062626270B8F1000F52D1002002B0BDE841
:1027B000F0810021284605F031FB2B7D012B74D1DF
:1027C0000021284605F082FB284605F0D1FD02468F
:1027D000E0B10130636A3FD15B7A0193002B40F096
:1027E000AA80284606F076F8636A019A1D681A7175
:1027F0000C350FE06B8BD80672D42B7D012B00F0CB
:1028000082803146284605F029FBB7E7636A1D68D8
:1028100018710C35A36A0022626262706260002B3C
:1028200076D004212046984736B1A36A002BB9D050
:102830000022114620469847002FB3D0A36A002BF0
:10284000B0D00022204602219847B8F1000FACD04A
:1028500028460AF0ADF9A8E71D681A7100230C3567
:10286000636263709EE71D6818710C35606260706A
:10287000DAE7414B4449424840F2A2320DF08EF96A
:102880003AE73D4B41493E4840F2A5320DF086F90A
:10289000636A002B7FF44EAF374B3D49384840F216
:1028A000A6320DF07BF9636A44E70021284605F063
:1028B000B9FA0021284605F009FB1FB1002128467E
:1028C00005F0CCFA00221146284605F005FB002150
:1028D000284605F0DFFA77E7698B11F010011BD06D
:1028E0000021284605F09AFA2B7D012B3FF468AFB2
:1028F000002EE3D02846002105F094FA0021284656
:1029000005F0E4FADAE70021284605F0DFFA35E7BA
:10291000002E7FF447AF8FE7012BF4D028460191BA
:1029200005F080FA0199284605F0D0FA0199284669
:1029300005F094FA22E72B7D012B10D0BFB90122BC
:102940001449284605F0C8FA1349284605F0A2FAAA
:102950002846214605F062FA4FF0FF3026E7064B85
:102960000E49074840F241420DF018F9E6E70C49DC
:10297000284605F073FAE2E73C320608CC33060835
:1029800014300608EC3306082C310608103406080B
:1029900004330608A5290508012B05082434060878
:1029A000552C050810B5044678B36178012928D064
:1029B00004291BD094F82030DA0615D562689AB144
:1029C000B2F86410B1F5866F0ED3B2F86620042A0F
:1029D0000AD8A26A23F0100384F8203013461AB1F3
:1029E0000022022120469847002010BD636A1BB1D7
:1029F0005A7A0AB1013A5A7201212046FFF774FE51
:102A0000D8E72046FFF746FCD4E7044B04490548C5
:102A10004FF4B5720DF0C2F8C7E700BF3C320608AC
:102A2000D432060814300608F8B50E46054614469A
:102A30001F46002937D0002D3ED04FBB6B68B342F4
:102A400006D0284B2849294840F235120DF0A6F847
:102A500005F1100738460AF06DF878B104B32689FD
:102A6000214638460AF02CF8002838D1AB6A1BB151
:102A700001463246284698470020F8BD002CFBD07E
:102A80003046218904F0B4FC204603F01BFFF3E735
:102A9000144B174915484FF497720DF07FF8CDE7A6
:102AA000144C0026DCE70F4B134910484FF4967284
:102AB0000DF074F8002DC0D10A4B10490B4840F2BC
:102AC0002D120DF06BF817B96FF00500F8BD054B2E
:102AD000074906484FF497720DF060F8F4E74FF09D
:102AE000FF30F8BD3C320608A4340608143006084E
:102AF0006C340608ACBF070848340608843406085E
:102B00002DE9F04104460D46002879D00AF09AF8E4
:102B100094F820306778257243F00103002684F88A
:102B20002030666066700AF099F8A36A7BB132467D
:102B3000042120469847A36A4BB1324631462046CD
:102B40009847A36A1BB1324602212046984705F1F7
:102B50000F03DBB2022B48D8364A52F8233098468E
:102B600004F1100009F0E6FF002838D104F1140048
:102B700009F0E0FF68BB012F0DD0FB1E012B0AD925
:102B8000636A23B3BDE8F0412B4B2C492C4840F23B
:102B9000F7120DF003B894F8203023F004025B071D
:102BA00084F8202013D4636A002B39D01E68042FC8
:102BB00008BF00250C361D7130460AF001F838B305
:102BC000002363623046BDE8F04109F0F1BFBDE883
:102BD000F081414604F1140009F072FFCBE704F1E3
:102BE0001000414609F06CFFC0E715B94FF000082E
:102BF000B6E7114B134912487D220CF0CFFFF5E7E1
:102C00000D4B11490E484FF4DC720CF0C7FF7DE705
:102C1000094B0E490A4840F2EF120CF0BFFFCFE714
:102C2000054B0B4906484FF4F3720CF0B7FF636A8B
:102C3000BCE700BFA0BF07083C320608F034060816
:102C400014300608C4340608D4320608D434060802
:102C50000433060810B582B0F8B141780129034663
:102C600025D004292AD05968A1B1B1F86400B0F583
:102C7000866F0FD3B1F8661004290BD893F8201093
:102C8000986A21F01001044683F8201010B1022147
:102C90001846A047002002B010BD0C4B0C490D484F
:102CA00040F293120CF07AFF002002B010BDCDE983
:102CB0000002FFF7EFFADDE90032D4E70121CDE9A8
:102CC0000002FFF711FDDDE90032CCE73C320608D7
:102CD000D432060814300608002800F0828070B54F
:102CE0004378032B1646044606D03F4B3F494048E5
:102CF00040F223520CF052FF656A002D4ED02B6833
:102D00002E7103F10C05237803F0F003102B2CD067
:102D100094F8203023F0040213F0040384F82020F8
:102D20000ED1002D50D0A66A636263701EB10022DE
:102D300002212046B047284609F03AFF002070BD26
:102D4000002D3BD0284B2B4929484FF4A6620CF0AC
:102D500025FFA36A002262626270002BEED020463B
:102D6000002202219847002070BD002ED0D1666855
:102D70002146304605F052F830461F4905F052F81A
:102D800030461E4905F06AF830461D49022205F01A
:102D9000A3F81C49304605F07DF8B9E794F82030D7
:102DA0005B07B0D4104B1849114840F224520CF084
:102DB000F5FE636A002BA6D01D46A0E7A36A6562F4
:102DC0006570002BCBD1B9E7074B0A4908484FF48F
:102DD000A6620CF0E3FEA66A65626570002EA6D1BD
:102DE000A9E76FF0050070473C3206080C3506086D
:102DF000143006086C350608292A0508552C0508E4
:102E0000A5290508012B05082C35060838B50D46FF
:102E1000044671B10D4B9C4207D00D4B9C420FD024
:102E20000C4B9C420FD0002038BDF3232B700120A7
:102E300038BD094B09490A4885220CF0AFFEE9E785
:102E4000F2232B70F3E7F1232B70F0E7AEBF0708F6
:102E5000ADBF0708ACBF07083C3206088C35060832
:102E6000143006080168002303714A6802B17047F4
:102E700000B50346087800F0F000102883B01CD09D
:102E800020283DD110460093019109F02FFD009BB1
:102E900001991A684860506860B11178009322293E
:102EA00004BF01210174184909F0E8FC009B1A686D
:102EB00052683ABBFF221A7124E01046CDE9001394
:102EC00005F08AFE019B00991A6848605068002846
:102ED000F0D01146009004F0A1FF0C49009804F0D6
:102EE000A1FF0B49009804F0B9FF0A49009802229B
:102EF00004F0F2FF0849009804F0CCFF019BD6E7EC
:102F0000FA221A7103B000BDD9210508292A050843
:102F1000552C0508A5290508012B0508F8B5054617
:102F200007200E4603F06CF998B305F0F002002379
:102F3000102A044603720570436001D0202A1DD177
:102F4000062104F1100004F1100709F091FDE0B929
:102F5000014604F10C0009F0F7FD0546D8B904F16B
:102F6000140009F0EDFDC4E909564FF0FF33657018
:102F7000A361E56184F820502046F8BD084B09495B
:102F8000094840F2E5220CF009FE2146072003F033
:102F900095F90024F0E7384609F078FDF5E700BF21
:102FA0003C320608983506081430060810B5436808
:102FB00082B0044633B11A4B1A491B484FF447728A
:102FC0000CF0ECFD04F1100009F0B4FD98B904F127
:102FD000140009F0AFFDD8B904F10C00019009F01C
:102FE000EBFD019809F0F2FD2146072002B0BDE893
:102FF000104003F063B90A4B0C490B4840F22332EE
:103000000CF0CCFD04F1140009F094FD0028E3D08D
:10301000034B0749044840F226320CF0BFFDDBE7C2
:103020003C320608C035060814300608F03506089C
:103030002C3606082DE9F04100F1100682B0044656
:10304000304609F077FD20B32C4FDFF8B88001A996
:10305000304609F063FD013015D02378019A03F062
:10306000F003102B104645D1BA42F0D04245EED0C5
:10307000234B9A42EBD003F025FC01A9304609F01E
:103080004DFD0130E9D1304609F000FD304609F030
:1030900057FD1434204609F04DFD40B3174FDFF8BB
:1030A000648001A9204609F039FD013019D0019E44
:1030B000BE423046F5D04645F3D0114B9E42F0D08B
:1030C000FFF7B8FF706818B105F004FC00237360C7
:1030D0003046FFF76BFF01A9204609F01FFD0130C4
:1030E000E5D1204609F0D2FC204609F029FD02B0C6
:1030F000BDE8F08100F074FBA9E700BFAEBF070890
:10310000ACBF0708ADBF0708F8B500284AD000F1EA
:1031100014070546384616460C4609F00BFD0028F4
:1031200040D0002C33D056BBA96A2878FFF7F6FEB2
:10313000064600285FD044600146204604F06EFE3B
:103140002046344904F06EFE2046334904F086FEE2
:1031500002222046314904F0BFFE2046304904F0E7
:1031600099FE3146384609F0ABFC0446E8B9AB6A33
:103170001BB102460146284698472046F8BD294B18
:1031800029492A4840F22A220CF008FDCCE72849B8
:10319000384609F095FC28B9AB6A1BB102460146D6
:1031A000284698476FF00504E7E774680021204639
:1031B00004F034FE0021204604F034FE00212046B5
:1031C00004F04CFE00221146204604F085FE00214A
:1031D000204604F05FFE0023736006F1100009F042
:1031E00055FC06F1100009F0ABFC3046FFF7DEFE9F
:1031F0004FF0FF34C1E70E49384609F061FC002862
:10320000F6D1AB6A002BF3D0024601462846984718
:10321000EEE700BF292A0508552C0508A529050851
:10322000012B05083C3206086836060814300608EB
:10323000AEBF070870B50446006845789DB10378B5
:1032400003F0F003102B31D1022D0CD0032D06D04A
:10325000FB232371BDE870400C3009F0B1BC90F83D
:1032600020305B07F4D500252571FFF7E3FE2068C9
:10327000426842B1037803F0F003102B29D0202BD1
:103280001FD000234360836A002BE3D00022114645
:1032900098472068836A002BDCD0002202219847DF
:1032A0002068BDE870400C3009F08ABC244B2549E9
:1032B000254840F25E420CF071FC022D2068C5D119
:1032C000D1E71046D56109F0EBFA2068002343608E
:1032D000D9E7436A3BB11A4B1C491B4840F2944260
:1032E0000CF05CFC2068042203234270002123724E
:1032F0004462FFF7F9F988B123685B78042B0ED19B
:10330000134809F083FC206800210C3009F032FCDE
:103310000F4809F075FC23685B7843B970BD084B12
:103320000C49094840F29A420CF038FCE8E7BDE845
:103330007040034B0749044840F29E420CF02EBCFB
:103340003C3206089036060814300608A4360608F3
:1033500084F80020C0360608026803465068D0B1E1
:1033600000B5127802F0F002102A83B00AD0202AA9
:1033700015D19A899968019309F066F8019B187133
:1033800003B000BD9A899968019303F0E3FE019BA5
:10339000187103B000BD6FF00500187170476FF031
:1033A0000500187103B000BD10B5016804464868F7
:1033B00082B0A0B10B7803F0F003102B08D0202BC3
:1033C00010D1A289A16809F019FA207102B010BDCC
:1033D0004B78032B10D093B16FF00900F5E76FF035
:1033E0000E00F2E72B4B2C492C4840F27D520CF09A
:1033F000D5FB6FF00500E8E76FF00800E5E7019006
:1034000004F00CFD2649019804F00CFD25490198B3
:1034100004F024FD02222449019804F05DFD2349B3
:10342000019804F037FD2068214BA289A16840680B
:1034300004F04EF80028C8D1226892F82030032109
:10344000517013F0020106D043F0040382F82030DB
:103450006FF00400B9E723F0040382F820305462CF
:103460001448019109F0D2FB206801990C3009F051
:1034700081FB104809F0C4FB23685B78032BA5D1BE
:10348000044B0D49054840F2745202B0BDE81040AB
:103490000CF084BB3C320608C83606081430060817
:1034A000292A0508552C0508A5290508012B05081A
:1034B000D92C050884F80020C036060802680346A7
:1034C000506878B1117801F0F001102903D06FF045
:1034D0000F021A717047527842B9027D6AB16FF0DB
:1034E0000502F6E76FF00A021A717047022A0CBF54
:1034F00000226FF00A021A71704710B584B00DF106
:103500000F02FF21019303F0B3FE019B044640B379
:1035100018680193103009F00DFB019B002838D189
:1035200018680193002214308DF80F2009F002FB77
:10353000019B20B39DF90F00B0B9196801930222D5
:103540004A704C60204604F069FC019B16491A68D9
:10355000506804F0BBFC9DF90F20019B1A7104B068
:1035600010BD9DF90F20F9E72046019304F000FFFC
:10357000019B9DF90F20196800204860EEE718684C
:1035800001930621143009F073FA019B8DF80F00A6
:10359000D2E71868103009F079FA019B18681030EA
:1035A00009F0CEFA019BBBE70931050810B50446C6
:1035B0000068FEF7FDFD48B92368586820B11B7804
:1035C00003F0F003202B03D06FF00A00207110BD30
:1035D000A2689368116813B909F0C4F8F6E79389F3
:1035E000083209F069F8F1E702680021F8B50171C5
:1035F0000646506820B1127802F0F002102A00D07E
:10360000F8BDB4684FF6FF7701E033685868BC42F4
:10361000254628BF3D46A9B203F0EAFE641BF4D15B
:10362000F8BD00BF10B504460068FEF7C1FD38B90B
:103630002268137803F0F003102B03D06FF005001D
:10364000207110BD5378002B3AD15368002B3BD02A
:10365000536A0121517033B1214B2249224840F273
:1036600023720CF09BFA6369002B31D02068002193
:103670004462FEF70FFE0028E3D023685B78012B3D
:1036800006D0174B194918484FF4E5620CF086FA3A
:10369000174809F0BBFA206800210C3009F06AFADB
:1036A000134809F0ADFA23685B78012BC9D1BDE856
:1036B00010400B4B0D490C4840F22C720CF06EBAC6
:1036C0006FF004002071BCE76FF00A002071B8E7CA
:1036D000034B0849044840F224720CF05FFAC5E736
:1036E0003C320608A436060814300608C036060820
:1036F00084F80020E036060803685A6822B11A7878
:1037000002F0F002102A02D0F5230371704710B5C1
:10371000017A5A78032904463CD0A2F1020CBCF18C
:10372000010F3ED9012A39D0CA073DD45A6A3AB1AD
:10373000204B2149214840F2BD720CF02FFA23683A
:103740005C6204225A7000211846FEF7CDFF38B3A0
:1037500023685B78042B06D0164B1949174840F2B2
:10376000C2720CF01BFA174809F050FA20680021C9
:103770000C3009F0FFF9134809F042FA23685B782E
:1037800073B1BDE810400B4B0D490C4840F2C672B6
:103790000CF004BA032A04D0012A05D1FB232371BB
:1037A00010BDF523037110BD1846FFF743FC2368D5
:1037B000BCE700BF3C320608A436060814300608F1
:1037C000C036060884F8002008B5062002F018FD6F
:1037D00020B10023036043608360C36008BD00BF65
:1037E000A0B10146006870B100B583B0019103F04B
:1037F00069F8019900230620C1E9003303B05DF8A0
:1038000004EB02F05BBD062002F058BD704700BF1C
:1038100070B5E0B1044600680E46154608B103F0E5
:1038200051F841220021362003F0B4F8034620600D
:1038300048B1002265F30F0265F31F42C0E901623F
:103840000020636070BD60604FF0FF3070BD044BBE
:103850000449054899220CF0A1F96FF00F0070BDE2
:10386000F4360608643706081430060808B5E8B1CF
:10387000A9B15AB1436833B15B680B6043685B8997
:103880001380002008BD6FF0010008BD0B4B0C49F0
:103890000C48C8220CF082F96FF00F0008BD074BEE
:1038A00009490848C7220CF079F9F5E7034B0749A5
:1038B0000448C6220CF072F9EEE700BFF4360608A1
:1038C000B837060814300608983706087C3706080B
:1038D00008B540B143681A685AB113684260B3FA38
:1038E00083F0400908BD044B04490548E0220CF070
:1038F00055F94FF0FF3008BDF4360608D4370608F6
:103900001430060800B52E4883B009F079F92D4B24
:103910001B68A3B12C4A1068984710E068B128488A
:1039200009F074F9224601A9284809F0D9F804469B
:10393000234809F065F9013411D108F0B1FB08F012
:10394000D5FB431C0446E9D11D4809F05FF91F4827
:10395000002201A909F0C4F8194809F051F9019CA5
:103960007CB12378012B1ED0022B18D083B9D4E967
:10397000021360689847F0B92146092002F09EFCC6
:10398000DDE71349134B144891220CF007F9D6E7F1
:103990000F49104B1048CF220CF000F9CFE7D4E9C3
:1039A00001309847CBE7D4E90130984721460820F9
:1039B00002F084FCC3E7606802F084FFDCE700BF2C
:1039C00084F8002090F800208CF8002088F800206F
:1039D00020380608F03706081430060830B591F88C
:1039E000313013F0180F054683B022480C460AD038
:1039F00009F0A0F850B3092002F002FC01460028AB
:103A000034D01D4B08E009F095F890B1092002F080
:103A1000F7FB014650B3194BCB600022C1E90154BA
:103A20000A701448019109F04BF80199D8B903B014
:103A300030BD1349134B1448FC220CF0AFF8092099
:103A400002F0DEFB01460028E5D10FE00C490D4BEA
:103A50000D48FC220CF0A2F8092002F0D1FB01462F
:103A60000028CED102E0092002F028FC4FF0FF3000
:103A7000DDE700BF88F8002049C90508294F05087F
:103A800040380608F03706081430060838B50446F2
:103A90000E480D4609F04EF868B1082002F0B0FB60
:103AA000014680B10123C1E9014508480B7008F0C7
:103AB000F7FF002038BD064B0649074840F239128F
:103AC0000CF06CF8E9E74FF0FF3038BD88F80020C3
:103AD000F0370608403806081430060830B50446AA
:103AE00083B012480D4609F025F880B1082002F095
:103AF00087FB0146B0B10123C1E901450B700B48BA
:103B0000019108F0DDFF019948B903B030BD084BC1
:103B10000849094840F25D120CF040F8E6E7082039
:103B200002F0CCFB4FF0FF30EFE700BF88F8002039
:103B3000F0370608403806081430060810B582B081
:103B400004460648019109F05BF80198A047034834
:103B500009F05CF8002002B010BD00BF84F800201E
:103B600030B583B004460D4600F046F8154A164BB2
:103B70001648146006211D6008F07AFF70B91448D9
:103B800009F032F8B0B918230093124912484FF4E3
:103B90008063002209F03EF803B030BD0F4B10499E
:103BA000104840F261220BF0F9FF094809F01CF8B7
:103BB0000028E8D0094B0C490A4840F265220BF076
:103BC000EDFFE0E790F800208CF8002088F8002056
:103BD00084F800200539050898380608F0370608EB
:103BE00050380608143006087438060840BA80B207
:103BF000704700BF00BA704708B508F0EBFF01F04E
:103C0000F5FF02F0A1FA02F08DFB08F081FA03F053
:103C100077FABDE8084008F0E7B900BF2DE9F04F9A
:103C2000064685B08A461746002800F01F81002A04
:103C300000F0BF81A44890F814C04FF000084FF086
:103C40000A0B6446CDF80C80C146CDF808B0DE46BC
:103C500041468446002C63D0326843689A424FF054
:103C60000A056DD0012C428A00F0A880424524BF8D
:103C700090468E46013189B20A2900F0AD800A2DA6
:103C80000BB200F0AB806446CDE90067AC4608E0BB
:103C900090459CBF90469E4601339AB20A2A1BB2B9
:103CA00021D003EB430204EBC20203EB4301107D7E
:103CB00015460028F0D0009E37685668B7424ED0AF
:103CC00001286A8AE4D154F83110002900F0AD804F
:103CD000914598BF9B4603F1010398BF91469AB264
:103CE0000A2A1BB2DDD1DDE900676546BAF1010F92
:103CF00040F05C810A2D3DD1BEF1090F76DC0EEB60
:103D00004E03F14654F83330002B00F098806F4B8F
:103D10006F49704840F26D120BF040FF4D4669E06C
:103D20004A1C92B20A2A0B4600F01E8190F82C40E1
:103D3000183054B143680D4611B232689A4291D19D
:103D400083689F428ED10D4634E002339BB20A2B2A
:103D500064460AD0CDE900671BB28C46A1E79268A1
:103D6000019E9642ACD11D4624E0BAF1010F40F00D
:103D70001D810D4605EB450304EBC303A9461B7DDE
:103D8000002B66D0514B544952484FF4C2720BF08D
:103D900005FF4FEA49082EB108EB090304EBC30302
:103DA00032685A60C84404EBC8080023A8F81230EF
:103DB000C8F80870284605B0BDE8F08F0368002BEE
:103DC0004AD04A4528BF8B4601F1010189B228BF7C
:103DD00091460A297FF453AF644687E790F82C4058
:103DE00018301946002C7FF437AF99E7029D0A2D51
:103DF00029D0A94609EB490A4FEA490854F83A0084
:103E000020B102F05FFD002344F83A3008EB0903CB
:103E100004EBC30331490022C3E9012208681A7583
:103E20005A828A88D8601A82B5E70399914288BF7E
:103E30000A460392029A98BF1A4602922CE77546E8
:103E40004FEA4E08E2E7BBF1090F00F3AF805D4691
:103E5000CFE74FEA45089EE7039B9A4228BF1346E7
:103E60000393029B28BF0B46029303E716494FF0CA
:103E70000A0E0B7DCDF808E00C460246F346844658
:103E80008046002B4FD102F101091FFA89F9B9F1DF
:103E90000A0F154677D091F82C301831002B3BD003
:103EA000012B0FFA89F2B1F8129042D0814524BF5C
:103EB00048469646013292B20A2A3FF417AF0A2DBD
:103EC00013B217D13CE000BFB0F80020A8380608B4
:103ED000E038060814300608F838060824C1070838
:103EE00048459CBF48469E4601339AB20A2A1BB2F7
:103EF0003FF4FCAE03EB430204EBC202117D002948
:103F0000F2D00129B2F81290EAD11268E2B1CC45A0
:103F10009CBFCC469B46E7E7AB1C9BB20A2B2DD03F
:103F20001BB21546E6E7012BB1F812904FF00A05D7
:103F3000BCD10B688BB1E14524BFCC469346B9E7B1
:103F400018311A460B7D9CE7029AC84598BF1A465D
:103F50000292C84598BFC846C6E7C145029B24BF28
:103F60001346C8460293A5E76446BAF1010F1DD176
:103F700094F8EC30A3B10925A94603E7BAF1010F83
:103F800014D11546F6E6BAF1010F0FD194F8EC30D2
:103F9000002BF0D14FF009094D464FF0120801E710
:103FA0004FF009094D464FF01208F5E64FF0FF3586
:103FB00000E7DFF81CC100924FF00A0B9CF8148058
:103FC000CDF808B0644611469146DE461046B8F179
:103FD000000F51D1451CADB20A2DC6D09CF82C80E3
:103FE0000CF1180CB8F1000F2BD1851CADB20A2DC5
:103FF00068D02DB2804608E091429CBF1146AE4683
:104000000135ABB20A2B2DB234D005EB450304EBDE
:10401000C30393F814C0BCF1000FF1D05A683068A4
:1040200090423FF4C7AEBCF1010F5A8AE4D11B683D
:10403000B3B3009B934298BF1346009398BFAB461F
:10404000DEE72DB23268DCF804309A423FF4B2AEBB
:10405000B8F1010FBCF8122011D08A4224BF1146DA
:10406000AE460135ADB20A2D23D00A282DB211D0AB
:104070008046CAE7454639E605460A20E2E7DCF80D
:104080000030C3B1009B9A4228BF1346009328BF5B
:10409000AB46E6E70CF1180C28469CF8148096E72E
:1040A000029B914598BF2B460293914598BF91463C
:1040B000A6E705461AE64A45029B24BF2B469146D1
:1040C0000293CEE7BAF1010F7FF470AF054651E6D7
:1040D000B0F800202DE9F04383B00646BDF8344027
:1040E000884691461F4600284AD04FF420721C2172
:1040F0000E2002F04FFC0546002849D043891B2BB7
:1041000036D920466C68FFF771FDE08096F83030B4
:10411000062B06D0204B2149214840F269420BF082
:104120003DFD3968A160B988A1810B990968C4F87F
:1041300012100B998988E1820A990968C4F80E1057
:104140000C990968A1611749216040F20641A180DC
:1041500040F606014B46424600913046294608F09B
:104160004DFC284602F0AEFB002003B0BDE8F08312
:10417000094B0D490A4840F262420BF00FFDC0E7BF
:10418000054B0A49064840F257420BF007FDACE7E1
:104190004FF0FF30E9E700BFA83806086839060885
:1041A00014300608000108003439060824390608CE
:1041B0002DE9F0432F4E02EB420706EBC70785B00F
:1041C0003B7D012B14460546884636D904EB440452
:1041D000E40004F10C02022B06EB02070DD005F1FE
:1041E0002A044FF40063009322463B46414628468A
:1041F00008F004FC05B0BDE8F083331999465B8AEA
:10420000B3F58E7F22D8B3F5877FE8D31A4B01939D
:1042100004342B1D2644009305F12A040123039343
:10422000029623463A4621462846FFF753FF0028C8
:10423000D7D1032389F81430D3E7104B1049114824
:1042400040F2EE220BF0AAFC3B7DBFE70A4B019344
:10425000043434442B1D0294009305F12A040123F5
:104260000393094A234621462846FFF733FF0028D7
:10427000B7D1DEE7B0F8002024C10708A838060847
:10428000AC390608143006082CC10708F0B5234CD9
:10429000234F85B004F1F00600250AE0012A29D059
:1042A000032A37D0042A01D1022323741834B442DC
:1042B0001ED0227C002AF9D0E38901339BB2B3F5EA
:1042C000967FE381EAD354F8040C18B102F0FAFAAD
:1042D00044F8045C234638682574E581656043F83A
:1042E000085B183444F8100CBA889A80B442E0D1C4
:1042F00005B0F0BD042BE6D8094B0392CDE901349B
:104300006068084A00F12A03011D00911946FFF771
:10431000E1FECBE704232374C8E700BFB4F8002014
:1043200024C107082CC1070800B5A44B197D83B030
:10433000024611B1996888425CD093F82C1011B1F3
:10434000196A8A4270D093F8441019B1996B8A4265
:1043500000F0DD8093F85C1019B1196D8A4200F00D
:104360009B8093F8741019B1996E8A4200F00A810B
:1043700093F88C1019B1D3F880108A426FD093F85B
:10438000A41021B1D3F898108A4200F0DC8093F891
:10439000BC1021B1D3F8B0108A4200F0998093F894
:1043A000D41021B1D3F8C8108A4200F01D8193F8CF
:1043B000EC1019B1D3F8E010914201D003B000BD68
:1043C000D3F8D80028B102F07DFA7C4B0022C3F864
:1043D000D8207B49DFF8ECC108688988C3F8E4007D
:1043E0000022C3E9372283F8EC20A3F8EA20ACF8D6
:1043F0000410E3E7186830B1019202F063FA6F4BE2
:10440000019A00211960DFF8B8C1DFF8BCE1DCF8DF
:104410000000D8600021C3E9011119755982BCF868
:104420000410AEF8041088E7986930B1019202F0E8
:1044300049FA624B019A00219961DFF884C1DFF8E3
:104440008CE1DCF8000058620021C3E9071183F811
:104450002C105985BCF80410AEF8041073E7986F5F
:1044600030B1019202F02EFA544B019A0021996763
:10447000DFF84CC1DFF858E1DCF80000C3F8840035
:104480000021C3E91F1183F88C10A3F88A10BCF82F
:104490000410AEF8041072E7986C30B1019202F08B
:1044A00011FA464B019A00219964DFF814C1DFF834
:1044B00024E1DCF8000058650021C3E9131183F8FA
:1044C0005C10A3F85A10BCF80410AEF8041048E7CA
:1044D000D3F8A80038B1019202F0F4F9374B019AF1
:1044E0000021C3F8A810DFF8D8C0DFF8ECE0DCF852
:1044F0000000C3F8B4000021C3E92B1183F8BC10FD
:10450000A3F8BA10BCF80410AEF8041047E7186B13
:1045100030B1019202F0D6F9284B019A00211963BB
:10452000DFF89CC0DFF8B4E0DCF80000D8630021BD
:10453000C3E90D1183F84410A3F84210BCF804102D
:10454000AEF8041006E7D3F8900038B1019202F0FB
:10455000B9F91A4B019A0021C3F89010DFF860C036
:10456000DFF87CE0DCF80000C3F89C000021C3E920
:10457000251183F8A410A3F8A210BCF80410AEF81B
:10458000041004E7186E30B1019202F09BF90B4B56
:10459000019A00211966DFF828C0DFF848E0DCF84E
:1045A0000000D8660021C3E9191183F87410A3F83C
:1045B0007210BCF80410AEF80410D9E6B0F8002070
:1045C00024C1070894F90020BCF80020D4F800208A
:1045D00034F9002004F9002064F90020ECF80020F0
:1045E0004CF900201CF90020D3F8C00038B101922A
:1045F00002F068F90C4B019A0021C3F8C010DFF8F3
:104600002CC0DFF82CE0DCF80000C3F8CC0000215F
:10461000C3E9311183F8D410A3F8D210BCF8041008
:10462000AEF80410C3E600BFB0F8002024C10708AC
:104630007CF9002000296BD02DE9F04744682388DD
:10464000B3F5807F88B002D12379062B04D008B05F
:10465000BDE8F04702F036B96379042BF7D16388DF
:10466000082BF4D1D4F80E204B680792154604F1BC
:104670000809002B53D14FF0000A4FF0020891F8BF
:104680003030062B07460E4651D1002D3AD0314628
:10469000284600F029FEA8BB05F0F002E02A31D040
:1046A00005904146324607A8FFF7B8FA002829DBF3
:1046B0002C49059B00EB400001EBC0024FEAC00E05
:1046C0000220966010750EF10C0CD9F8000041F82C
:1046D0000C008C44B9F80400ACF8040051F80E004A
:1046E000538278B141F80E304FF4006300930546D1
:1046F00001464B4606F12A02304608F07FF928466B
:1047000002F0E0F8E388B3F5807F18D038469EE7E2
:10471000154B1649164840F28A220BF03FBAA2699F
:104720009342A8D14FF0010A4FF00108A7E70E4BC2
:1047300010490F4840F2A9120BF030FAA5E7BAF180
:10474000000FE3D00222039207AA06F12A03029285
:10475000321DCDE9002930464A461946FFF7BAFC1A
:10476000384674E7B0F80020A8380608243906084F
:1047700014300608FC3906082DE9F041044686B0DD
:1047800008680F462146164600F0AEFD002840F0AE
:1047900094803B6803F0F002E02A00F08E80002B4A
:1047A00000F08B80224601213846FFF737FA051EBC
:1047B00052DB434A05EB450802EBC80804F12A0323
:1047C00098F81420D2B9012288F81420C8F80840BB
:1047D000CDE902723B4A0192221D009219463A4AE3
:1047E00005932046FFF776FC2EB198F81420059B20
:1047F000012A1ED806D006B0BDE8F081002E2FD0C9
:10480000012A16D1344605E0237B5B0649D424688F
:10481000002C32D0628923899A42F5D122682B4B31
:10482000002AF1D02A492B4840F2F1320BF0B6F9B8
:10483000EAE72046224C1A4605EB450304EBC30386
:10484000254C25704FF4006431460C33009408F079
:10485000D5F806B0BDE8F08168B206B0BDE8F081D9
:10486000184A01210391211DCDE901270091164A23
:1048700019462046FFF72EFCBDE7304602F0A2F9AC
:104880000F4A05EB450352F8330008B102F01AF85D
:104890000B4B05EB4505002043F8356006B0BDE83D
:1048A000F08132464FF420710E2002F051FB064693
:1048B0004FF0FF30002EE3D19DE76FF00F009AE735
:1048C000B0F8002024C107082CC10708A838060842
:1048D000203A060814300608ACF80020F0B504466B
:1048E00085B00E461546002800F0BE80002E00F070
:1048F000A980002D00F0B0802868214600F0F4FC6B
:104900000246002840F09C80296801F0F003E02B6B
:104910007CD06368A0684B4003420AD088B24FF64F
:10492000A963984205D0E168002900F0F88004F1FD
:104930000C057C487C4B90F800C00CEB4C0003EB62
:10494000C00090F814E0BEF1010F03D98768A742B8
:1049500000F09580187D012803D99868844200F002
:104960009A8093F82C20012A03D91A6A944200F005
:104970009B8093F84420012A03D99A6B944200F05B
:10498000998093F85C20012A03D91A6D944200F0B3
:10499000978093F87420012A03D99A6E944200F00C
:1049A000958093F88C20012A04D9D3F88020944272
:1049B00000F0928093F8A420012A04D9D3F898201B
:1049C000944200F08F8093F8BC20012A04D9D3F8D8
:1049D000B020944200F08D8093F8D420012A04D9AD
:1049E000D3F8C820944200F08B8093F8EC20012A81
:1049F00004D9D3F8E020A24200F08980324629464B
:104A0000204605B0BDE8F040FFF7B6BE6B786A8877
:104A1000ADF80C20012103F07F03ADF808105E21F2
:104A20008DF80B308DF80A1002AB4FF40062009243
:104A3000314604F12A02204607F0E0FF05B0F0BD40
:104A40003A4BF2E73A4B3B493B4840F21F320BF0FE
:104A5000A5F8002D7FF450AF354B384936484FF458
:104A600048720BF09BF847E7314B3549324840F22A
:104A70001E320BF093F8002E7FF43BAFE2E7406864
:104A800081427FF467AF62463146204605B0BDE8FB
:104A9000F040FFF78DBB586881427FF462AF214B35
:104AA000314620461A70F1E7DA6991427FF461AF2E
:104AB0000122F4E75A6B91427FF463AF0222EEE7E2
:104AC000DA6C91427FF465AF0322E8E75A6E9142B7
:104AD0007FF467AF0422E2E7DA6F91427FF46AAFB6
:104AE0000522DCE7D3F8942091427FF46CAF0622D4
:104AF000D5E7D3F8AC2091427FF46EAF0722CEE722
:104B0000D3F8C42091427FF470AF0822C7E7D3F8EE
:104B1000DC30994208BF09227FF470AFBFE76FF025
:104B200003008BE7ACF80020B0F800202CC1070888
:104B3000A83806083C3A060814300608DC3906088E
:104B4000243906082DE9F041054682B08846002840
:104B50004BD04FF420721C210E2001F01BFF0646A3
:104B600000284AD043891B2B05F12A0735D901209B
:104B70007468FFF73BF8E08095F83030062B06D0DC
:104B80001F4B2049204840F269420BF007F8D5F846
:104B90002A30A3601D4BBA8819689B88A281C4F88B
:104BA0001210E3826B68C4F80E30D8F80030A361AD
:104BB000174B236040F6060140F20643A3803A46B5
:104BC000144B00912846314607F018FF304601F09B
:104BD00079FE002002B0BDE8F081094B0E490A4879
:104BE00040F262420AF0DAFFC1E7054B0B49064882
:104BF00040F257420AF0D2FFABE74FF0FF30E9E74F
:104C0000A8380608683906081430060824C10708C1
:104C1000000108002CC107083439060824390608A9
:104C20002DE9F041494DAE68337803F00F039B0046
:104C3000132B86B0044614D94289032A11D942683D
:104C40001278082A0DD1686900F0F002E02A08D035
:104C50000F462968049300F047FB10B92289072A00
:104C600005D8204606B0BDE8F04101F02BBE049BFC
:104C7000204603F10E01CDE9041301F06FFDDDE9DB
:104C80000413002846D02289991889B28A42E8D8AC
:104C90004FF420720E20049301F07CFE8046002821
:104CA000DFD0049B418903F10802914240D3314691
:104CB000406804931A460BF074F90499404601F0D9
:104CC0007DFD002838D12146404602F041F878BBEE
:104CD000204601F0F7FD049B4446194620466668CD
:104CE00001F03CFD0028BCD1D5E9043162681361B4
:104CF000FF23D1603070B070F07013729072D07278
:104D00000122CDE90127009002461149204600F01A
:104D1000E7F9A6E72046049301F050FD049B002824
:104D2000DBD00C4B0C490D48C7220AF037FF98E73F
:104D3000404601F0C7FD94E7064B09490748B622F3
:104D40000AF02CFF404601F0BDFD8AE794F80020F0
:104D5000A8F80020483A0608B43A060814300608B5
:104D60007C3A060870B54FF4207288B005460E46AE
:104D70002220242101F00EFE002837D04389232B66
:104D8000044635D963686A685E7003211970002192
:104D90005960D2F800C05068D2F808E0D168596173
:104DA000C3F808C0D860C3F810E05069D2F810C04A
:104DB000D2F818E0C3F820E0D861C3F818C0059312
:104DC000D268079207A800F075F860B1059B002132
:104DD0009970D9700123CDE901300091FF2307AA12
:104DE000204600F07DF9204601F06CFD08B070BD52
:104DF000034B044904484FF4B4720AF0CFFEC1E7F4
:104E0000483A0608E83A06081430060870B54FF428
:104E1000207288B005460E462220242101F0BAFDFA
:104E2000002837D04389232B044635D963686A6844
:104E30005E700B21197000215960D2F800C05068D3
:104E4000D2F808E0D1685961C3F808C0D860C3F847
:104E500010E05069D2F810C0D2F818E0C3F820E092
:104E6000D861C3F818C00593D268079207A800F06C
:104E700021F860B1059B00219970D9700123CDE91B
:104E800001300091FF2307AA204600F029F92046AF
:104E900001F018FD08B070BD034B044904484FF4FD
:104EA000B4720AF07BFEC1E7483A0608E83A060801
:104EB0001430060810B41A4B84461B68B3B193F83B
:104EC0003120D007F9D55107F7D559680029F4D01A
:104ED000DCF800009C684140214204D09207ECD4E9
:104EE000DA689042E9D1184610BC70470D4B1B6838
:104EF000002BF8D093F8312002F00502052A09D1E1
:104F00005A685AB19CF800207F2A08BF002318462F
:104F100010BC70470023184610BC70471346E2E7E8
:104F2000545D0120505D0120F0B545682B781A09C9
:104F3000042A83B0044672D103F00F0368880E463A
:104F40009F00FEF753FE2389834201466DD8638993
:104F5000BB4264D323898B4261D3132F5FD9296964
:104F60005D4A96F83130E86801F0F00CBCF1E00FD2
:104F7000C2E9040103F0010360D1002B7FD1314667
:104F8000019300F0B1F9002849D1534A116901F0A9
:104F9000F001E02943D0019B002B40D0E98821F0AB
:104FA000C00141B1204600F0F9FA0446002839D08A
:104FB0004568494A019B1360C2E90165297801935C
:104FC00001F00F01890091812046394601F0F6FB7E
:104FD000697A414A062971D0112963D0012967D025
:104FE0005069019900F080F93B4A60B9536903F0B8
:104FF000F003E02B07D03946204601F00FFC0221D8
:105000002046FFF7AFFE204601F05CFC324A002349
:10501000C2E90033C2E904339360938102E0204681
:1050200001F050FC002003B0F0BD0190204601F0DB
:1050300063FD63890199BB428CD2F0E72BBBC9B2F7
:105040007F2941D0254B1B6843B93DE0019300F017
:105050004BF9019B204A80B91B6873B19E42FBD07B
:1050600093F83110C907F7D558680028F4D0D2F862
:1050700014C0604519466046E8D110697FE773683F
:10508000002B14BF3346002379E77368002BD6D07A
:1050900099421CD00846314600F026F90E4AC0B9A4
:1050A0005169CCE73146204607F03EF80A4AAEE7A0
:1050B00031462046FFF7B4FD074AA8E731462046AF
:1050C00004F07EFB044AA2E71069002357E7334649
:1050D00055E71069334652E794F80020545D0120EB
:1050E0002DE9F04F83B09B469DF830909DF834A099
:1050F000DDF83880837B0546002A47D00F461646E8
:1051000009B10A680AB908F10407012B06D0324B2D
:10511000324933484FF455720AF040FD14212846B5
:1051200001F01CFB002853D16B896C68132B3FD90D
:1051300084F808B084F809A045223368227084F806
:10514000019023612889FEF751FD264A60800023E3
:105150001088A371E371FEF749FD224A3968A080E7
:105160000023A372E3721388E16001331380B8F85F
:10517000283013B12A899A4222D8D8F814303246FE
:1051800029464046984703B0BDE8F08F012B07D170
:105190006B89132B1CD96B681B69019301AEE6E781
:1051A0000D4B0E490E484FF455720AF0F7FCEFE72D
:1051B000094B0D490A484FF462720AF0EFFCB7E759
:1051C00032464146284600F011FC03B0BDE8F08F9E
:1051D0006FF00100D7E700BF143B0608783B0608D4
:1051E00014300608A0F90020483B06082DE9F047D6
:1051F0009A46837B82B0012B9DF828809DF82C90E5
:1052000005460F4616463BD1002E42D014212846B3
:1052100001F0A4FA002857D16B896C68132B40D990
:1052200084F808A084F8099045223368227084F835
:10523000018023612889FEF7D9FC254B608000227C
:105240001888A271E271FEF7D1FC214BA0801A8868
:1052500001321A80002F2CD03B68E3600023A37238
:10526000E3720C9B1B8D13B12A899A4224D80C9BA4
:105270000C985B6932462946984702B0BDE8F08732
:10528000144B154915484FF455720AF087FC002E4F
:10529000BCD16B89132B17D96B681B69019301AEC5
:1052A000DFE70C4B0E490D484FF462720AF076FCB2
:1052B000B6E70C4B1B68D0E70C993246284600F045
:1052C00095FB02B0BDE8F0876FF00100D5E700BFA5
:1052D000A0F90020143B0608783B060814300608A5
:1052E000483B0608B0BF0708431E033314D891F8A3
:1052F000313013F002030DD04B6883420FD08A681F
:10530000434013420BD1D34320EA0200C31AB3FA3D
:1053100083F35B0918467047012318467047002342
:105320001846704710B5044648B1606908B101F0ED
:10533000C9FA21460520BDE8104000F0BFBF044B6C
:105340000449054840F2CE220AF028FCEDE700BFF0
:10535000843B0608BC3B06081430060881422DE950
:10536000F8438046894679D049B1D9F800304345A1
:1053700005D0424B42494348AD220AF00FFCD8F811
:1053800004506B689A88002A3FD000266B68284634
:105390001F6801F00DFC8419B4F5803F2846A6B2C1
:1053A00004DA01F08FFA67B13D46EFE7334B364937
:1053B0003448CC220AF0F2FB284601F083FA002F91
:1053C000F2D1324B1A68904544D0B9F1000F4CD05D
:1053D000D8F80030C9F800302D4C4146042000F0C8
:1053E0006DFF2388B34204D39B1B23803046BDE866
:1053F000F883224B27492348D2220AF0CFFB238887
:105400009B1B23803046BDE8F8831A68D8F80C004F
:10541000D8F81010C8F80420D8F81440D8F808209C
:105420001A6058609960DC60D8F818201A61012170
:105430002846FFF7EBFC284601F0BAFB0646284653
:1054400001F040FAD8F80450002D9FD10F4B1A6894
:105450009045BAD1D8F800201A60BDE7074B0E4935
:105460000848AB220AF09AFB7FE7044B0B4905483A
:1054700040F245120AF092FBAAE700BF843B0608FF
:10548000D43B060814300608E83B0608A4F90020BF
:10549000A2F90020243C0608C83B0608083C060880
:1054A0002DE9F84FDFF8C08005468A460027D8F876
:1054B000000000284CD04FF00009D5F80CC0CE46B3
:1054C00049464B46426962452ED009F1010453B961
:1054D0000268B2B353699C4521D08E46034601460B
:1054E00009F10204104693F81FB090F81F9002686B
:1054F000D9450BD93AB351698C4512D001340146D4
:10550000104690F81F900268D945F3D88E4622B312
:105510005669B445034602D00134CB46EFE78E46C8
:1055200003460146A14610462C698269A242CCD1AD
:105530008489AA889442C8D1026892B10146104673
:10554000C0E78E46034633B9574501DA012CAEDC7D
:105550003846BDE8F88F71461846FFF7FFFE07444E
:10556000F2E74C46EFE700BFA4F9002038B50A4B3C
:105570001C684CB10025E37F20465A1E246823B1E5
:10558000C2770546002CF6D138BD2946FFF7E6FE66
:10559000002CF0D1F8E700BFA4F900202DE9F04F6E
:1055A0004668337803F00F03052B85B0054677D1A5
:1055B000F088FEF71BFB80467088FEF717FB3378F8
:1055C00003F00F03B0EB830F81461F4668D32846D4
:1055D00001F0EEFA9D4B1B8803440A2B824600F330
:1055E000CE809B4B1C68002C00F0D680F26803E054
:1055F0002468002C00F0D08063699342F8D13369AD
:10560000A1699942F4D1A189B3889942F0D1F08877
:10561000FEF7ECFAC0F30C00002800F09D80F38840
:10562000C8F30C02A9EB8701D20013F020038B46CC
:105630009146984607D153189BB29A420DD84FF61F
:10564000EB72934209D86E687088FEF7CFFA337810
:1056500003F00F03B0EB830F2AD263681F46FFB934
:105660007B4B1B689C4214D07A4B7B497B4840F2B1
:10567000AB220AF093FA764B1B689C4209D0754B1B
:105680007749764840F245120AF088FA23683B6071
:10569000FFDE6F4A236813602146042000F00EFEEF
:1056A000284601F00FF90026304605B0BDE8F08F1E
:1056B000A0EB83030193F088FEF798FA019B6968D9
:1056C00066680191C0F30C02D2009818C88080B2BD
:1056D000002382428A8003900B704B708B70CB70DA
:1056E00037460291BBD8002E78D031469446012629
:1056F0000EE0D5D0B3F806E0F445D1D32AB1D28874
:10570000824214BF002606F001061968002972D0F3
:105710001A464B6898888445EBD2134662469C46ED
:10572000019B1960BCF1000F78D0BCF806309A429A
:10573000B6D303998142B3D89A42CCF8005000F016
:10574000B28042490B885344B8F1000F5CD0A27F6D
:10575000D0074BD40B80A6E7E089FEF747FAC0F3E9
:105760000C0000283FF45BAF33687168B268F068E2
:105770006061A360E16022613369A3614FE7014684
:105780003046FFF78DFE00288AD0304B1B885344EB
:105790000A2B7FF726AF83E7042000F031FD044693
:1057A00070B12B4A0023E361A360E360236163616E
:1057B000A3616360136823600F231460E377D3E76A
:1057C00051463046FFF76CFE82453FF769AF042033
:1057D00000F016FD04460028E3D161E76560B8F1EA
:1057E000000F00F0E280A37FDB0724D4174A138860
:1057F0005344138057E7F4451D6054D0134A13886F
:105800005344B8F1000FF4D1A27F104809EB0B010B
:10581000038042F00103A183A37744E7039B834203
:105820003FF63EAF6560B8F1000F33D0A37FDA07D3
:10583000DCD5002EDAD06A689388002BD6D1019B84
:105840001B68002B00F0A68002990DE0A2F9002051
:10585000A4F90020843B0608983C0608143006088A
:10586000083C06080B683BB308465968C0888B881B
:105870009842F7D0554A138853441380B8F1000F6B
:105880007FF411AFA37F09EB0B0243F00103A28366
:10589000A37708E71EB16A689388002BCFD04B4BE3
:1058A0001B885344B0E7B8F1000F01D03D46BDE777
:1058B000002EF4D03D46EEE7914202916DD0029B5E
:1058C0001B6833B1424B434943484FF4F1720AF02D
:1058D00065F93E4A138853441380B8F1000F06D18E
:1058E000A37F09EB0B0243F00103A283A377636854
:1058F000A08B5E686569A368E1682269B260F560A3
:10590000716035683360A3693361143080B2FEF78B
:105910006DF900237080B371F371B372F37227468F
:10592000666865B16C681421284600F047FF294677
:10593000304601F065F92568002DF3D13C46274B30
:105940001D68AC4206D0002D35D02B689C4214D087
:105950001D46F8E7214A236813602146042000F021
:10596000ADFC304601F024F9184B1B8883420446F5
:1059700006D3164A1B1B138096E623682B60ECE7C0
:10598000134B1749144840F29B220AF007F90F4BBA
:105990001B88EEE7019B93429BD10D4B11490E48AA
:1059A0004FF4F0720AF0FAF889E7019A9388002B15
:1059B0007FF475AF43E7064B0B49074840F24512A9
:1059C0000AF0ECF823682B60FFDE00BFA2F900208C
:1059D000843B0608583C060814300608A4F9002049
:1059E0007C3C0608483C0608083C06082DE9F04FB8
:1059F000D0F804A09AF8003003F00F03052B8DB007
:105A000040F0E58043890992132B0546069140F248
:105A1000D780BAF806000C8DFEF7E8F82A89143A08
:105A200092B2002A00F0C680B4F1140348BFA4F17A
:105A30000D0323F00701DB100A938BB20893C0F328
:105A40000C03059300F400530B934FF0140800244B
:105A500004924FF4207214210E2000F09BFF834625
:105A6000002860D0089A049943898A4228BF0A46D0
:105A7000132B91465CD9DBF80430DAF80020DAF811
:105A80000400DAF80810DAF80C60DE601A6058607A
:105A90009960DAF810201A61DBF804300793B9F145
:105AA000000F00F089806B89A3EB08044345A4B282
:105AB00006D248494848494B40F22D320AF06EF868
:105AC0004E46CDF80C901CE001946F6807EB080C73
:105AD000CDF800C000F020FE8146002830D02846D6
:105AE00001F070F8029A3E4B5561361B136149462E
:105AF0005846B6B201F084F846B32D686C894FF071
:105B00000008B44228BF34460520002CF5D000F030
:105B100077FB03460290412221460020002BD3D17F
:105B2000584600F0CFFE4FF0FF300DB0BDE8F08FCB
:105B30002A4B2C4928484FF449720AF02FF89AE76B
:105B4000029F0520394600F0B9FBE9E7A044DDF8E3
:105B50000C901FFA88F8069B059A1B8DC2F30C0067
:105B6000049A133B934201DD0B9B0BB140F40050B0
:105B7000FEF73CF8079EF08009F1140080B2FEF7B2
:105B800035F870800698099A00235946B372F3726B
:105B900043699847584600F095FE049B059A0A9978
:105BA000A3EB09091FFA89F30A4404930592002B19
:105BB0007FF44FAF0020B8E7A0441FFA88F8CAE787
:105BC000064B094904484FF43F7209F0E7FF6FF0B4
:105BD0000500AAE7F43C060814300608843B0608D2
:105BE00025530508D43C0608B83C0608144BDFF8DA
:105BF0006CC01449144823F0030310B503F5405258
:105C0000CCF800304FF4405E4FF0000CC3F800E0D9
:105C100083F804C003600A604FF0302301210B4871
:105C20001171136006F0E0FF00B910BDBDE810402F
:105C3000074B0849084840F21F2209F0AFBF00BFD8
:105C4000BBF90020B0F90020A8F90020ACF9002031
:105C5000043D0608343D060814300608B4F9002057
:105C6000002800F09C80F8B58307044640F08A8045
:105C7000644E3368A0F10805AB4205D8624A126849
:105C800000F10C039A420CD2604B6149614840F22A
:105C90007F2209F083FF06F0D5FFBDE8F84006F04B
:105CA000DDBF5D4806F0ACFF14F8043C002B00F0AB
:105CB000A28034F8083CB3F5405F0CD834F8060CE9
:105CC000B0F5405F07D83268A91A89B2814212D074
:105CD000105A88420FD04D4B50494E4840F2952201
:105CE00009F05CFF4C4806F091FF06F0ABFFBDE801
:105CF000F84006F0B3BF4448006802EB030C84454B
:105D000003D0BCF802C08C45E5D1454F002104F812
:105D1000041C3968A94288BF3D60954240D3854242
:105D200049D23268D1188D4214D0087990B93648DA
:105D3000006881420ED03A4B1B68994204BF384B31
:105D40001D600B8824F8083CB3F5405F02D0D118E1
:105D5000A81A488034F8060C11188D420DD00C7921
:105D60005CB92F4C13522468A54204BF2C4C21600F
:105D7000B3F5405F1CBFD2185080BDE8F8402648FC
:105D800006F044BF214B2749224840F2732209F014
:105D900005FF06F057FFBDE8F84006F05FBF70470B
:105DA0001A4B21491B4840F2DF1209F0F7FE164B4F
:105DB0001B689D4206D3154B1C4916484FF4F072E0
:105DC00009F0ECFE14F8043C33B1104B18491148AB
:105DD00040F2E11209F0E2FE34F8083CB3F5405F0E
:105DE0009FD90A4B13490B484FF4F27209F0D6FEC3
:105DF00034F8083C95E7054B0F4906484FF42372E9
:105E00006EE700BFB4F90020B0F90020043D060899
:105E1000743D060814300608ACF90020B83D0608A9
:105E2000A8F90020503D0608EC3D0608043E06088F
:105E3000203E06083C3E0608903D06082DE9F0414C
:105E4000CC1C24F00304A4B20B2C82B05AD9B4F5B4
:105E5000405F5AD8A14258D84C4E33688342054619
:105E60003DD84B4A1268824239D9A5F10802D21AAC
:105E700035F8083C083B9B1A9BB2A342904667D377
:105E800029D04448019306F0BBFE35F8081C32685F
:105E900053181F461879019B00283AD1B1F5405F8D
:105EA0006AD03D493E8808680834444412FA84F3B5
:105EB000B84208BF0B6000211E80A3F80280197150
:105EC00025F8084C1B88B3F5405F01D013445C8073
:105ED000304806F09BFE284602B0BDE8F0812F4B0B
:105EE0002F49304840F2D12209F058FE3368AB42C6
:105EF00003D8274A12689542B7D306F0A3FE06F0EE
:105F0000ADFEE8E70C24A142A6D9002002B0BDE80E
:105F1000F08104F1140080B29842D9D80834B1F568
:105F2000405F44441DD01C4812FA84F3066819806F
:105F300000219E42A3F80280197125F8084C88BF01
:105F400003601B88B3F5405F1CBFD2185480BFE7C5
:105F5000124B154913484FF4397209F01FFE002007
:105F6000D4E712490D4B0F4840F2163209F016FEE5
:105F700035F8081C3268D6E740F2F522074B0B498A
:105F8000084809F00BFE32688BE700BFB4F9002027
:105F9000B0F90020ACF90020A8F90020043D060863
:105FA000683E060814300608803E0608A03E060833
:105FB00000285FD02DE9F041C61C26F00306B6B2DA
:105FC0000B2E29D9B6F5405F23D8B04221D84748D7
:105FD00006F016FE464BD3F800C0464B1968ACEBF2
:105FE0000102C6F5405E93B29E450FD91A466FF086
:105FF0000707CC1815462079CA5AFB1A03EB02088A
:10600000134608B9B04509D29645F2D8374806F08C
:10601000FDFD0020BDE8F0810C26D6E706F1140353
:10602000984506F1080622D3AB199FB2B7F5405F39
:106030004ED0CB1900201871CA535D8001232780F0
:106040002371CB5BB3F5405F01D00B445F806445A7
:1060500029D0294D254806F0D9FD2B682644B342A6
:1060600019D3A30708D104F10800BDE8F08101238A
:106070002371ECE700207047204B2149214840F272
:10608000BB3209F08BFD1D4B1F491E4840F2BD324B
:1060900009F084FDE7E7194B1C491A4840F2B93270
:1060A00009F07CFDDDE72379002BD2D0124D2A6860
:1060B00005E0BCF800C08C449CF8043023B1624574
:1060C000F7D10B4B1A60C5E7094BC3F800C0C1E715
:1060D0000A4B0F490B4840F2873209F05FFD054B30
:1060E00022881968024BD3F800C0A2E7ACF900205F
:1060F000A8F90020B4F90020B0F90020043D0608FA
:10610000E43E060814300608143F0608B43E0608AC
:10611000A03E060810B5B0F806C0C4680021216092
:10612000BCF1000F0ED08368B0F804E0033323F015
:1061300003030A4600E073440132624519601946C0
:10614000F9D1236010BD00BFF0B5DFF850E0114B6E
:10615000114D0EF13407082400265EF8042B2E6042
:1061600074B103330021B2F804C023F003030A46DC
:1061700000E063440132A24219601946F9D12B6054
:10618000774505D0DEF80020D2E90235D488E4E76F
:10619000F0BD00BF4C5C0120485C0120B4BF070883
:1061A00038B5E0B1044606F04DFDE3681C680546CD
:1061B00084B122681A60A30704D1284606F04EFD78
:1061C000204638BD0A4B0B490B484FF48C7209F03E
:1061D000E5FCF2E706F042FD0024204638BD044B02
:1061E000064905484FF49E7209F0D8FCF4E700BF59
:1061F000383F0608683F0608143006088C3F06083A
:106200000C2838B51ED8134B53F8204006F01AFD61
:10621000E3681C68054644B122681A60A30709D1E7
:10622000284606F01BFD204638BD06F017FD002469
:10623000204638BD084B094909484FF48C7209F0D3
:10624000ADFCEDE7044B0749054840F2571209F051
:10625000A5FCECE7B4BF0708383F0608683F06080E
:1062600014300608A03F0608C0B1B1B18B0770B565
:106270000C46054609D106F0E5FCEB681A68226079
:106280001C60BDE8704006F0E9BC084B08490948AD
:106290004FF4B67209F082FCEDE77047034B0649F4
:1062A000044840F2951209F079BC00BF383F060857
:1062B000C03F0608143006088C3F06080C2813D887
:1062C00089B1114B53F8203070B51D468B070C4631
:1062D00011D106F0B7FCEB681A6822601C60BDE8BB
:1062E000704006F0BBBC7047084B094909484FF4A1
:1062F000D57209F053BC054B074906484FF4B672F6
:1063000009F04CFCE5E700BFB4BF0708383F0608BA
:10631000E03F060814300608C03F06086FF00B0087
:10632000704700BF704700BF70B5384D002914BFDB
:106330000C462C46002A14BF16462E4622681946E3
:1063400084B00346002918BF0D466AB100203268A8
:1063500099688A4218BF9A602A68D9688A4218BF29
:10636000DA6028B104B070BD4168F9B90120EEE7E8
:106370005A6821689142F5D0CDE9022102A803A90B
:10638000019302F0C9FA03A902A806F0C1FA019B21
:10639000226893F831105A6001F00500052821D0D9
:1063A000DA69002ADED018469047DBE7CDE9021211
:1063B000019003A902A802F0AFFA03A902A806F00F
:1063C000A7FA019B226893F831105A6001F005008A
:1063D000052811D0DA69002AC8D0184601939047E1
:1063E000019BC3E7002ADBD00A07D9D5191D18463F
:1063F000FEF7A8FB019BD3E7002AEBD00907E9D5FC
:10640000191D1846FEF79EFB019BE3E7B0BF070886
:106410002DE9F843099D002867D0002D6FD0089C16
:1064200044620A9C04613A4CDFF80881002B08BFE3
:106430002346002A08BF2246002908BF214600241F
:10644000C0E90144C0E90744C460048580F83140D4
:10645000304C446198F8004080F834400646FFF71D
:1064600063FF3046A8478146002845D196F834306E
:10647000294F3C68FF2B04BF86F8349000234CB3AF
:10648000002507E094F8342096F834309A4213D06F
:106490002468F4B1A64214D00135FF2DF2DD1F4B64
:1064A0001F49204840F28D1209F078FB94F83420FF
:1064B00096F834309A42EBD10133DBB286F83430AF
:1064C000D7E7164B1849174840F28B1209F066FBC4
:1064D000E2E73C683460FE2B14BF0133002388F8E8
:1064E00000303E603046BDE8F8830C4B0F490D4844
:1064F00040F2271209F052FB0020BDE8F883074B59
:106500000B4908484FF4947209F048FBF4E700BFC8
:10651000B0BF07081D630508545D012094400608BC
:1065200050410608143006083C410608FC400608A5
:10653000184106084F5D0120014B1860704700BFED
:10654000505D012048B390F83120D10718D4C169BB
:1065500042F0010280F8312061B100B583B00190B2
:106560008847019B93F8312002F00501052908D0E6
:1065700003B000BD02F00501052901D1416899B9B8
:10658000704759680029F3D01107F1D5191D184635
:1065900003B05DF804EBFEF7D5BA064B0649074891
:1065A0004FF4547209F0FABA1207E9D5011DFEF74B
:1065B000C9BA00BF94400608804106081430060896
:1065C000E0B190F83120D10708D522F0010112077F
:1065D00080F8311003D4C26902B11047704700B58A
:1065E00083B00190FDF7A0FE019BDA6922B1184645
:1065F00003B05DF804EB104703B000BD034B044942
:10660000044840F29B3209F0C9BA00BF9440060822
:106610009C41060814300608A0B190F831205107BB
:10662000034600D5704742F0040180F83110D107CD
:1066300003D5416809B112070BD41A6A002AF1D0B8
:10664000184610470B4B0C490C484FF4787209F070
:10665000A5BA00B583B0011D0190FEF773FA019B46
:106660001A6A22B1184603B05DF804EB104703B074
:1066700000BD00BF94400608BC410608143006085F
:1066800058B190F83120530706D5016A22F0040270
:1066900080F8312001B108477047034B0349044893
:1066A00040F2064209F07ABA94400608E041060832
:1066B0001430060800B10162704700BF68B1084B92
:1066C0001A6812B907E012682AB192F8343001331F
:1066D000DBB28342F7D1104670470246104670473E
:1066E000545D012008B506F0ADFA094B00221A707E
:1066F00006F0B4FA074B186810B908E0C06830B16A
:10670000436F002BFAD0BDE8084001F061BC08BD22
:10671000585D0120605D012010B503308C46BDF846
:106720000CE0029920F0030014460CEB00027245C5
:1067300012D84FF0000E6CF30F0E6CF31F4E01B128
:10674000014400221A60022001225873C3E9011E8D
:106750001C73DA81184610BD002010BD10B5F0B1D1
:10676000B1F5803F0BD2C1B103898AB213449BB209
:106770009A4204D890F90CC0BCF1000F01DB012053
:1067800010BD446800F1100C611A6145F7D3B0F8F0
:106790000AC04160624442810381002010BD044B65
:1067A0000449054840F2DF1209F0F8F9E7E700BFB5
:1067B000044206082C3306081430060810B598B1B8
:1067C000B1F5803F17D269B143898AB2934214D39D
:1067D000446804EB010C0189C0F804C09B1A8A1AB2
:1067E00043810281002010BD084B0949094840F24D
:1067F0004B2209F0D3F9012010BD044B064905488E
:1068000040F2552209F0CAF9F5E700BF0442060834
:106810002C3306081430060848420608002910B533
:1068200018DB002836D099B103898AB213449BB291
:106830009A4228D890F90CC04468BCF1000FA4EB30
:10684000010122DBB0F80AC0416062444281038149
:10685000002010BD30B3438949428AB29A420BD816
:10686000446804EB010C0189C0F804C09B1A8A1A21
:10687000438102810020ECE70E4B0F490F4840F2A4
:10688000552209F08BF9012010BD00F1100C614573
:10689000D8D2F8E7074B0A49084840F2DF1209F05E
:1068A0007DF9F0E7034B0649044840F24B2209F01A
:1068B00075F9E8E70442060848420608143006085D
:1068C0002C330608F8B50546002648B94DE02B697B
:1068D000002B3CD0284698470136F6B2FCB125463D
:1068E00006F0B0F9AB7B0746DBB1013BDCB2AC7321
:1068F000384606F0B3F994B96B7B2C689B07E6D455
:106900002B7B03F00F03022B1CD0012B28D08BB95B
:1069100028460136FFF7A4F9F6B2002CDFD1304645
:10692000F8BD164B1649174840F2F12209F036F926
:10693000AB7BDAE7114B1449124840F20F3209F0F1
:106940002DF9C9E729460C20FFF7B8FCC4E70B4B2B
:106950000E490C4840F2FF2209F020F92B69B9E7F3
:1069600029460B20FFF7AAFCB6E7044B0849054867
:106970004FF4377209F012F92E46D0E704420608A8
:106980006842060814300608A44206088042060839
:106990002C330608B2F5C17F2DE9F84388464BD069
:1069A0004FF0000561F30F05164661F31F450ED841
:1069B00022F04004012C2FD0484B4949494840F26D
:1069C000271209F0EBF800273846BDE8F883B2F546
:1069D000207FF1D1044601F10308033028F00308B9
:1069E00020F00300404480B24045ECD3103080B228
:1069F0008045E8D8FFF7DCFA07460028E4D03A4A99
:106A00000319C0E902521333002123F00303C0E944
:106A100000133846BDE8F8830B20FFF7F1FB07466B
:106A20000028D1D0002306734373C481C0E900332A
:106A300085603846BDE8F88300262C4C81463746F1
:106A4000354608E01FFA81F83060B8F1000FBBD07E
:106A500006464FF000090C20FFF7D2FB08B309F1FE
:106A6000030323F00303C3F514739BB200EB090285
:106A70001332434528BF434622F00302C0E90052C7
:106A8000A8EB0301A0F808804381C460002FD9D18E
:106A9000A8EB03031FFA83F80746B8F1000FD7D11C
:106AA00092E7134D06F0CEF82C780123E4B22B7058
:106AB00006F0D4F82CB1002F85D03846FFF702FF3E
:106AC00081E70C482146FDF709F80028F3D006F0CD
:106AD000B9F82C7006F0C2F8EDE700BF04420608D2
:106AE000B842060814300608800001008200010048
:106AF000585D0120E566050838B50D4604460028B6
:106B00003AD02289AA421ED963899D420CD9A81A7B
:106B1000024422812468EB1A9DB2002C34D0638990
:106B2000AB4201D22289F3E7227B12070CD000236B
:106B300065F30F03206865F31F43A36008B1FFF7F7
:106B4000C1FE0023236038BDAB42F0D0637B9B07BE
:106B5000EDD463681B1BE918204689B2FFF76EF974
:106B600004460028E3D10D4B0D490E4840F2BD12FA
:106B700009F014F86481FFDE084B0B4909484FF413
:106B8000CC7209F00BF8BCE7044B0849054840F209
:106B9000AF1209F003F86389FFDE00BF0442060864
:106BA0000443060814300608D4420608EC420608DE
:106BB000034630B100201B68013080B2002BFAD1AF
:106BC0007047704758B110B5044606F03BF8A37BF8
:106BD0000133A37306F042F8A37B0BB110BD7047DD
:106BE000BDE81040034B0449044840F2423208F02B
:106BF000D5BF00BF0442060820430608143006082B
:106C0000002831D000292FD070B504680D460CB98A
:106C100013E014460389B5F808C022686344038171
:106C20002046002AF5D1228963899A420AD1238914
:106C30002A8925601344238170BD038942899A42C1
:106C40000446F5D00C4B0D490D4840F2623208F075
:106C5000A5FF2368002BEAD0074B0A49084840F2F9
:106C6000633208F09BFFE2E7034B0749044840F218
:106C7000593208F093BF00BF044206086C4306086F
:106C8000143006089C4306083443060870B50D46C8
:106C9000002847D000293CD003680446D3B122899C
:106CA00029890A4422811C461B68002BF7D12289BE
:106CB00063899A4212D123892A892560134423814A
:106CC00005F0C0FFAB7B0133AB7305F0C7FFAB7BB7
:106CD000B3B170BD038942899A42EDD0164B174972
:106CE000174840F2623208F059FF2368002BE2D0C7
:106CF000114B1449124840F2633208F04FFFDAE7B3
:106D0000BDE870400C4B10490D4840F2423208F08B
:106D100045BFBDE87040084B0C49094840F2593264
:106D200008F03CBF044B0949054840F2593208F0CD
:106D300035FF002DC4D170BD044206086C4306081F
:106D4000143006089C43060820430608344306080E
:106D50002DE9F041002800F092808846002900F0DB
:106D60008E8002890B899A420746C0F088800026EF
:106D700044894B893546641B9B1B9C427868D8F834
:106D8000041028BF1C4631442844224609F009F962
:106D90007B892544AB42264452D3B8F80A30B3422B
:106DA00044D39E427A8914D2954251D0B8F8082033
:106DB0009A422BD07C893A89A242DCD13A68002AD7
:106DC000D9D0334B3349344840F2EE3208F0E6FE76
:106DD00027E09542D8F8008009D0B8F1000F0DD116
:106DE0007A893B899A4237D04046BDE8F0813F68B6
:106DF000002F37D00025B8F1000FF1D0B8F80A30D5
:106E0000B8F808209A424FF00006D3D1D8F80020F5
:106E1000002ACFD01E4B1F491F4840F2E93208F02C
:106E2000BDFE6FF005084046BDE8F081184B1B49D8
:106E3000194840F2DA3208F0B1FEB8F80A30B0E78B
:106E4000134B1749144840F2D93208F0A7FEA4E7C3
:106E50003F6857B10025A9E73B68002BB1D14046F8
:106E6000BDE8F081B8F1000FBED0094B0D490A48CA
:106E70004FF4797208F092FE6FF00F08B4E7044BFC
:106E80000949054840F2C93208F088FEF4E700BF1E
:106E9000044206082044060814300608F443060895
:106EA000DC43060810440608AC4306082DE9F0410F
:106EB000002835D00F4600293AD01646054652B173
:106EC000B5F80AC063B16345A3EB0C0208D32D6883
:106ED00093B2002DF4D14FF000084046BDE8F08198
:106EE0004FF0000804E02D68002DF6D0B5F80AC078
:106EF0006968ACEB0304A4B2B44228BF3446361B25
:106F00002246194407EB08004444B6B209F049F898
:106F10001FFA84F80023002EE5D14046BDE8F08139
:106F2000074B0849084840F20A4208F037FED2E70A
:106F3000034B0649044840F20B4208F02FFECAE713
:106F4000044206084C440608143006086C4406083F
:106F500038B515460A462989FFF71CFD044618B1C5
:106F60002946FFF7F5FE08B9204638BD044B054910
:106F7000054840F2245208F011FE204638BD00BFFB
:106F800004420608904406081430060810B504466A
:106F9000F8B1237D042B05D0072B0DD0032B01D096
:106FA000002010BD204604F0C1F848B90523237520
:106FB000204604F0FBFBF3E7204604F0B7F830B1BD
:106FC000431CEED1638B43F008036383E8E7092396
:106FD000EDE7044B044905484FF4CE7208F0DEFD9E
:106FE000D7E700BFA4440608D444060814300608B6
:106FF000F8B506463D4808F041FEB36F3BB13C484A
:1070000008F03CFEB06FFFF75DFC0023B367F36E42
:1070100013B1384808F032FE336F13B1364808F028
:107020002DFE736F03B3354808F028FE746FDCB192
:10703000D4E900530027214603207BB11846FFF70F
:1070400041FC032067602146FFF738F955B12C4613
:10705000D4E9005321460320002BEFD1FFF72EF98E
:10706000002DF4D100237367F46E4FF6FF7333865F
:10707000CCB1D4E900530027214603207BB1184648
:10708000FFF720FC032067602146FFF717F955B191
:107090002C46D4E9005321460320002BEFD1FFF703
:1070A0000DF9002DF4D1346FCCB1D4E90053002791
:1070B000214603207BB11846FFF704FC03206760DC
:1070C0002146FFF7FBF855B12C46D4E90053214681
:1070D0000320002BEFD1FFF7F1F8002DF4D10023AE
:1070E000C6E91B33A6F86830F8BD00BFE0440608C7
:1070F000F04406081C450608404506086845060891
:1071000008B507F0BDFF034B6FEA80406FEA90407F
:10711000188008BDC001002010B5037D012B044676
:1071200005D021460120BDE81040FFF7C7B8064949
:10713000064B0748D42208F031FD21460120BDE866
:107140001040FFF7BBB800BF8C450608A4440608F2
:107150001430060810B53C4B82B0002914BF8C4691
:107160009C46002866D0037D8646002B58D17AB312
:10717000364C23681B6813B90FE0DB686BB1D98A02
:107180009142FAD1196821B1DCF8000008B18142BE
:10719000F3D16FF0070002B010BD2D4B04349C42B8
:1071A000E7D1DCF800300BB1CEF80030294BAEF857
:1071B00016201968CEF80C100192C3F800E004F014
:1071C000CBFE0199244808F0E9FC002002B010BD74
:1071D000224B1A884FF48044013292B24FF6FF736B
:1071E0001A489A4208BF4FF4404203681B6813B91B
:1071F0000DE0DB685BB1D98A9142FAD1013CA4B2BF
:10720000002CE9D1154B1A806FF00100C3E7104B39
:1072100004309842E9D1114B1A80002AC1D1F3E71A
:107220000F4B1049104840F2AB2208F0B7FC6FF04A
:107230000500B0E70A4B0D490B4840F2A92208F0BF
:10724000ADFC6FF00F00A6E7B0BF0708B8C0070895
:10725000C8C00708685D0120E0450608C00100209D
:10726000A4440608B845060814300608A0450608D8
:1072700070B5054682B01646002860D0037D002B0D
:107280004AD102200193FEF7BBFF0446002853D0E9
:107290002A6902610121EA8AC2820175697D41750C
:1072A000697A019B41720372EB7AC372AB7A837283
:1072B0002B680360A2B92B7D012B21D02946012028
:1072C000FEF7FCFF234B24491A68A161E2601C60B1
:1072D00004F042FE002306B13370204602B070BDB8
:1072E0001E4A1368AB4212D02BB1DA68AA421ED0F4
:1072F0001346002BF9D10023EB602B7D012BDDD150
:10730000174B18491848D42208F048FCD6E7EB6818
:1073100013600023EB60F0E7114B1449124840F270
:107320005A3208F03BFC00246FF00E03D3E7EA6802
:10733000DA600023EB60E0E74FF0FF33CBE7084B68
:107340000B49094840F2593208F028FC2C466FF0EE
:107350000F03C0E7645D0120DD880508685D01203A
:10736000A44406088C450608143006082C46060876
:10737000FC45060838B50446C8B1238DE16AB4F867
:1073800032E0626A581ABEF5866F104494BFA0EBD3
:107390000E0CA0F5866CBCF1000F01DB638538BDD7
:1073A000531A002B0BDD00231846638538BD0C4BA8
:1073B0000C490D4840F2A63208F0F0FBDDE78B1ACD
:1073C000B3F5803F1D4603D22B460020638538BDB0
:1073D000034B0649044840F2B63208F0DFFBF3E7FE
:1073E000A4440608644606081430060888460608C1
:1073F00000284FD070B5037D012B0D4604463AD0CE
:10740000238D5A1992B2B2F5066F01D893422BD947
:10741000284808F033FC4FF406631A46666AE16AAE
:10742000B4F832C02285701ABCF5866F034494BF4D
:10743000A3EB0C0EA3F5866EBEF1000F16DBB3F5C1
:10744000067F628507D3638B43F002032046638384
:1074500004F0ACF9228D1848C2F5066329469BB2A8
:10746000BDE8704008F09ABB1346D7E700280ADD54
:1074700000236385EFE7114B1149124840F2D232E5
:1074800008F08CFBBCE78B1BB3F5803F1E4608D28F
:107490006685E0E7094B0C490A4840F2CF3208F014
:1074A0007DBB40F2B632054B0849064808F076FB32
:1074B000228DEDE7E446060820470608A4440608A6
:1074C000BC46060814300608A44606088846060886
:1074D000F8B5002800F0BF800E46002900F0B1800A
:1074E0001F46037D0446002B40F09E805E481146F7
:1074F000154608F053FB207A336863602583002823
:1075000033D0FFF7DBF88446BCF1000F00F0968023
:10751000236813B9DCF804302360E58A002D32D1EA
:10752000524B19884FF4804E4FF6FF76013189B2E5
:107530004F48B14208BF4FF4404103681B6813B97C
:1075400018E0DB68B3B1DA8A8A42FAD10EF1FF3E65
:107550001FFA8EFEBEF1000FE8D1444BA4F816E0EE
:1075600019806FF001063046F8BD201DFDF7A2FC22
:107570008446C9E73F4B04309842DED13B4BE18261
:1075800019800029EDD03C4A3C4B196813680B4424
:1075900013602365013BC4E916336364384BA3626F
:1075A0004FF40663A4F860304FF406736386BCF8AA
:1075B000282000216162E1624AB1282A38BF2822CE
:1075C000283A93B2B3F5067F28BF4FF40673012221
:1075D0006386A4F84820C4F888700221204603F08E
:1075E0003BFE06460028BED1022323755DB1254A25
:1075F0001368A34215D033B1DA68A24201D0134612
:10760000F9E7E268DA60204B1A68E2601C6004F077
:10761000A3FC1E4B012220461A7004F0C7F8304626
:10762000F8BDE3681360EEE7194B1A491A484FF4A6
:10763000876208F0B3FA6FF0090694E76FF003066B
:1076400091E7134B1549144840F2364208F0A6FA68
:107650006FF00F0687E70E4B11490F4840F2354295
:1076600008F09CFAF4E700BFB8470608C001002004
:10767000B8C00708C8C00708BC0100206C5D012025
:1076800060086008685D0120605D01205B5D01208D
:10769000A444060888470608143006086C47060804
:1076A000504706082DE9F04FAE4DAF4F2A683B78A2
:1076B000DFF8E4A20132013387B02A603B70DAF8C8
:1076C0000040002C00F035834FF00009A74808F077
:1076D000D5FA237D002B00F0D080012B00F0D8805C
:1076E0000A2B00F0E0803B78A27F9A4200F0E7800E
:1076F00094F81480A377B8F1020F94F8423000F0A8
:10770000A0810B2B00F2BC8194F8A110002900F09D
:10771000A581236F33B196499648974B40F2D442E6
:1077200008F03CFAE36E002B00F0988294F8A23047
:107730000B2B40F2DF8194F814804FF0030B0226EC
:107740000121B8F1060F00F02981637A1B0700F1CF
:10775000BC804FF00008666F56B1236A2A68D21ABF
:10776000B4F9403003EB4303B2EB430F80F0DE800B
:10777000237D032B49D0092B4DD12B68226A9B1AFC
:10778000F02B00F2CE81002940F02781237F627F19
:10779000E6680133DBB29A42237740F28781A14643
:1077A0003446002C92D1754F3C685CB30026237D93
:1077B0000A2B00F06F81704B71496E4840F2A15264
:1077C00008F0ECF92B68226A9B1AF02B40F26881D2
:1077D000237D012B00F26A823B68002E00F070824C
:1077E0009C4200F09E82D4F80C80C6F80C80237D69
:1077F000012B00F07682214601204446FEF75EFD13
:10780000002CD4D107B0BDE8F08F2A68206A121A84
:10781000282A00F2D5800029B8D0012BD4F8906036
:1078200000F28881DAF80030B9F1000F00F0E08052
:107830009C4200F05D82E368C9F80C30B8F1000F9B
:1078400040F0E680237D012BD4E903B800F0F280FC
:10785000214601204B4CFEF731FD002323703EB141
:107860006FF00C014046B0472378002B7FF427AF20
:107870005C46002C7FF42AAF95E73F4B42493D48D8
:1078800040F2BE4208F08AF9237D012B7FF428AF35
:10789000394B3E49374840F2BF4208F07FF9237D1B
:1078A0000A2B7FF420AF344B394932484FF49862A9
:1078B00008F074F93B78A27F9A427FF419AFA14691
:1078C000E468002C7FF402AF6DE7237D042B02D027
:1078D000072B7FF43EAFD4E925CE2868D4F89C204E
:1078E00004902C4802FB0EC2A0FB0228226A0498D6
:1078F000821AB2EB581F00F2688194F8A3000EFBC5
:1079000000CC2448A0FB0C0CB2EB5C1F00F2988169
:10791000666F002E00F0F481B4F9403003EB4303AE
:10792000B2EB430F4FF00008FFF422AFCDE904148F
:107930004FF0000B34463146D6E900620320002A9E
:1079400000F0CE801046FEF7BDFF0320C4F804B05F
:107950002146FEF7B3FC002EECD1DDE90414002330
:10796000636705E76C5D0120595D0120F04706085B
:10797000EC48060814300608A44406085C5D0120A3
:10798000A44A06085B5D0120144806084048060822
:107990006C480608D34D6210605D0120B4F81A806F
:1079A00018F010083FF4D7AE2B68226A9B1A282BD8
:1079B0007FF6CFAEAD4808F061F931465E46C4E6C9
:1079C000AB4808F05BF9237D092B7FF426AF2B68C9
:1079D000226A9B1AF02B00F2A480D4F89060204613
:1079E000FFF706FBDAF80030B9F1000F7FF420AFA3
:1079F0009C4206D09F4BA049A04840F2715208F02B
:107A0000CDF8E368CAF80030B8F1000F3FF41AAFC0
:107A1000238B626A216D0293E38A0193231D0093F5
:107A20002046234603F0A4FD237D012BD4E903B8AF
:107A30007FF40EAF92498F4B9048D42208F0AEF8F5
:107A400006E7052B7FF660AE8E4808F017F946462C
:107A50004FF0030B94F81480012172E6B4F9303032
:107A600047F6FE709AB2824202D8013213B22386E0
:107A7000B4F940209A4261DD4FF0020B012660E626
:107A8000814808F0FBF84FF0030B94F814800226AD
:107A9000012156E62B68226A9B1AF02B3FF69CAE1A
:107AA0002646E468002C7FF482AEABE67748217767
:107AB000884608F0E3F8764BD4F88C2083F80080F1
:107AC00052B1206921469047714B1B78002B7FF4FF
:107AD000F6AD00287FF463AE204603F067FE5EE655
:107AE000FEF7ECFB002E7FF425AFDDE90414002344
:107AF00063673DE6674A94F8A11094F8A0300A4401
:107B000012F8012C934275D20133DBB2934284F810
:107B1000A0306FD294F814804FF0020B01260021A0
:107B20000FE65D4808F0AAF8237DD4F89060012B99
:107B30007FF678AE0A2B3FF475AE50E720460491ED
:107B400003F042FC94F81480049928B1236F002BB1
:107B500092D1E36E002B8FD0B8F1020F14D094F8BD
:107B600042304E4AB4F93C000C2B28BF0C23D25CA7
:107B7000B4F93E3003EBE003934047F6FF729342C3
:107B8000A8BF1346A4F84030638EB4F84800A4F8A8
:107B900048305B009AB2B4F860300491834228BF49
:107BA00003465B08934238BF1346A4F84A300023CB
:107BB0002386A4F86A30204603F0CCFF4FF0020B76
:107BC00094F8148004990126BBE5354807F0E6FFD8
:107BD000616834480B0EC1F307220093C1F30743D9
:107BE000C9B207F0DBFF0A2007F0EAFF4FF00108F7
:107BF0003146B0E5B4F8606056B9204604F068F844
:107C000060B1314694F814804FF0020B012698E5DC
:107C10003146204603F0B4F9002876D094F8A1301C
:107C200094F81480062B4FF0000198BF013384F8BC
:107C3000A01098BF84F8A1304FF0020B012680E518
:107C40002046049103F0D2FF049900287FF481AD0F
:107C500094F8A330013384F8A3307AE5054B124938
:107C6000064840F2D54207F099FF5FE558490608FB
:107C7000D0490608A4440608544A060814300608E9
:107C80008C4506089C480608C4480608804A060831
:107C90005B5D0120C8C00708FC490608D0C0070882
:107CA00088490608C0490608204906080A2B3FF4FF
:107CB00093AD2046FFF79CF93B68002E7FF490AD12
:107CC0009C4206D01D4B1E491E4840F2B35207F09D
:107CD00065FF237DD4F80C80C7F80080012B7FF46A
:107CE0008AAD164B18491748D42207F057FF82E592
:107CF000124B1649134840F26D5207F04FFF9AE5B8
:107D0000B04600293FF442AD87E5204603F04EFD22
:107D1000002883D194F8148001464FF0020B01260D
:107D20000FE5064B0A49074840F2AF5207F036FF0D
:107D300059E5084807F0A2FF35E500BFA44406084E
:107D4000FC4A0608143006088C450608284A06082E
:107D5000D44A0608D4470608E0B170B50446D4E911
:107D600000530026214603207BB11846FEF7AAFDEA
:107D7000032066602146FEF7A1FA55B12C46D4E9EE
:107D8000005321460320002BEFD1FEF797FA002D78
:107D9000F4D170BD704700BF98B10146406868B12A
:107DA00000B583B00191FEF78DFD019900230320FA
:107DB0004B6003B05DF804EBFEF780BA0320FEF7DA
:107DC0007DBA704710B5044682B0C0B10320FEF7FB
:107DD00017FA034680B122686068A168D4F80CC025
:107DE000C3F80CC058601A609960226958681A611B
:107DF0000193FEF7E7FE019B184602B010BD044B4D
:107E00000449054840F2826207F0C8FEDEE700BF81
:107E1000A4440608244B06081430060800B101618A
:107E2000704700BF40B138B5037D012B0D460446B5
:107E300003D0C4F8845038BD7047054B0549064847
:107E400040F2DF7207F0AAFEC4F8845038BD00BFCC
:107E5000A4440608404B06081430060840B138B563
:107E6000037D012B0D46044603D0C4F8805038BD75
:107E70007047054B0549064840F2F37207F08EFE45
:107E8000C4F8805038BD00BFA4440608684B0608FB
:107E90001430060840B138B5037D012B0D46044669
:107EA00003D0C4F8905038BD7047054B05490648CB
:107EB00040F60D0207F072FEC4F8905038BD00BFC6
:107EC000A4440608904B06081430060818B1037D38
:107ED000012B08BF81617047A8B170B5037D012BEC
:107EE00016460D46044603D06677C4F88C5070BD24
:107EF000084B0949094840F63E0207F04FFE6677F5
:107F0000C4F88C5070BD034B0549044840F63D024F
:107F100007F044BEA4440608D04B060814300608F7
:107F2000B84B060838B1037D012B03D90A2B01D0C9
:107F3000FFF75EB87047034B0349044840F651020F
:107F400007F02CBEA4440608F04B060814300608BF
:107F500008B530B1074B084A186812681044186019
:107F600008BD064B0649074840F6AF0207F016FE6B
:107F7000F0E700BFBC0100206C5D0120A4440608AE
:107F80000C4C06081430060838B504460D4682B17C
:107F90006DB12A8D282A134638BF2823283B9BB26F
:107FA000A34228BF23469BB2002A18BF1C46204686
:107FB00038BD044B0449054840F6C50207F0EEFD04
:107FC000E6E700BFA4440608284C0608143006085B
:107FD000F8B5446FE4B1D4E90053074600262146C2
:107FE00003207BB11846FEF76DFC03206660214636
:107FF000FEF764F955B12C46D4E90053214603201D
:10800000002BEFD1FEF75AF9002DF4D100237B6746
:10801000F8BD00BF224B10B51C6844B1237DFBB1F5
:10802000012B27D00A2B2FD0E468002CF6D11D4B52
:108030001C6874B194F814C01B4B1C491C48BCF15B
:108040000A0F40F6DE1206D007F0A8FDE468002C07
:10805000F0D1012010BDE468002CEBD1012010BD4F
:10806000114B1449124840F6D91207F097FD237DB1
:10807000012BD7D10C4B10490D4840F6DA1207F00E
:108080008DFD237D0A2BCFD10C49074B084840F6C4
:10809000DB1207F083FDE468002CBFD1C7E700BF07
:1080A000605D01205C5D0120A4440608E44C0608E4
:1080B000143006085C4C0608884C0608B44C0608C8
:1080C00038B50C460546002951D0002D58D02B68F4
:1080D000A3423CD02BB1DA68A24240D01346002B19
:1080E000F9D1237D0022E26023BB638BDA074FD4F2
:1080F000E36E33B12B4B2C492C4840F6930207F02A
:108100004DFD236F33B1274B2949284840F694028F
:1081100007F044FD636F33B1224B2649234840F6F4
:10812000960207F03BFD00232375E382BDE838404B
:10813000FFF770BF0A2BDBD0012BF4D02046FEF7EF
:1081400057FF237D0A2BD3D0012BECD0CDE7E3687A
:108150002B60237D0022E260002BEBD1C5E7E268B3
:10816000DA60237D0022E260002BE3D1BDE70D4BF6
:1081700011490E4840F6830207F010FD002DA6D1EC
:10818000084B0E49094840F6840207F007FD9EE7B8
:1081900043F002036383204603F008FB237D012B99
:1081A000C1D0A5E7A44406084C4D060814300608C3
:1081B000644D0608804D0608104D06082C4D060833
:1081C00030B5044685B00D46002800F0A280237D1E
:1081D0001DB1042B18D0072B16D0012B76D0022B03
:1081E0004BD0002B5ED1E38A002B50D0544A136849
:1081F000A34200F09B80002B00F09580DA68A24239
:1082000000F08F801346F6E7A36F002B46D0638BF8
:10821000DB064DD5208BE18A626ACDE90110231D72
:10822000216D00932046234603F0A2F9237D012B04
:1082300004D90A2B02D02046FEF7DAFE414A136821
:10824000A34240D033B1DA68A24201D01346F9E725
:10825000E268DA603C4B3D4A1B6800200121A342E2
:10826000E06011702CD0237D012B10D1384B39499F
:108270003948D42207F092FC09E021463148FFF743
:108280001FFF237D314A01218B421170EED0214620
:108290000120FEF713F8002005B030BD238DB3F5A3
:1082A000066FB4D1204605B0BDE83040FEF76EBE83
:1082B000274B2A4928484FF4B27207F06FFCA9E710
:1082C00002F0A6F8E7E7E3681360C3E7244900205B
:1082D00001F10C0C51F8043F1B682BB1DA6F94428A
:1082E00012D0DB68002BF9D18C45F3D11D48214613
:1082F000FFF7E6FE237D012B1BD021460220FDF770
:10830000DDFF002005B030BDD867DB68002BE5D16C
:10831000EAE70F4B144910484FF4AF7207F03EFCE8
:1083200055E7E268DA600023E360B0E7E3681360D2
:10833000F9E7074B0D490848DF2207F02FFCDCE77F
:10834000685D0120605D0120705D01205B5D0120A2
:10835000A44406088C45060814300608B84D0608E3
:10836000B8C00708645D0120984D0608D44D060882
:1083700010B5B8B10446104807F010FC0F4B227D31
:108380000F4853F8221007F009FC237D012B03D07E
:10839000638B43F01003638320460121BDE8104046
:1083A000FFF70EBF074B084908484FF4F47207F077
:1083B000F5FB6FF00F0010BD084E0608E0C007087F
:1083C000504C0608A4440608F04D06081430060870
:1083D00000B583B090B390F814C0BCF1010F034610
:1083E00023D081B1418B41F01001418302BB806FEA
:1083F00030B1CDE90032FEF765FADDE900329A6767
:10840000002003B000BD002AFAD0BCF1040F09D847
:10841000BCF1020F09D90021184603B05DF804EB46
:10842000FFF7CEBEBCF1070FF5D06FF00A00E8E70A
:10843000012103B05DF804EBFFF7C2BE044B054910
:10844000054840F2072207F0A9FB6FF00F00D8E7BC
:10845000A4440608204E060814300608F8B5002982
:1084600079D00C461546002A3DD00B7D1289012B90
:10847000164658D0238DF21892B2B2F5066F01D885
:1084800093424ED9394807F0F9FB4FF406631A4678
:10849000616AB4F832C0228508460F46E16A401A84
:1084A000BCF5866F034494BFA3EB0C0EA3F5866E58
:1084B000BEF1000F30DBB3F5067F628507D3638B17
:1084C00043F002032046638303F070F9228D2848AD
:1084D000C2F506639BB2314607F060FB2846FEF703
:1084E000F1F90020F8BD002BFBD1224807F056FB24
:1084F000214B227D214853F8221007F04FFB237DAA
:10850000012B03D0638B43F01003638320460121CA
:10851000BDE8F840FFF754BE00280CDD002363855A
:10852000D5E71346B4E7164B1649174840F2D23246
:1085300007F034FB9EE7CB1BB3F5803F1F4601D20B
:108540006785C4E740F2B6320D4B10490E4807F07C
:1085500025FB228DF4E70A4B0D490B484FF4D362FB
:1085600007F01CFB6FF00F00F8BD00BFE4460608E3
:1085700020470608084E0608E0C00708504C0608C9
:10858000A4440608BC4606081430060888460608B7
:108590003C4E060870B582B0002835D0826FD0F806
:1085A0008450517B002304460E46836765B1006901
:1085B00001922146A847019A68B10D3020D0A267E8
:1085C0006FF0040002B070BD11890192FEF710FF38
:1085D0000198FEF777F9B3060FD5238DD4F88450B0
:1085E000B3F5066F1CBF0133238535B10023206925
:1085F0001A462146A8470D3002D0002002B070BDB7
:108600006FF00C0002B070BD044B0549054840F204
:10861000096207F0C3FA6FF00F00D3E7A44406081D
:10862000584E060814300608F8B51F4D1F4F2B781A
:108630001F4E01332B703C68BCB1A37F2A78934254
:1086400014D0638BA277DA071DD41B0710D4A36F55
:1086500020460022E468002BEED03270FFF79AFF2C
:108660003378002BE7D1002CE7D1F8BDE468E3E7CD
:10867000104807F003FB638B23F008032046638355
:10868000FEF784FCE3E70C4807F0F8FA638B43F04D
:1086900002036383204603F089F8638B23F003030E
:1086A0009BB26383D1E700BF595D0120605D01206B
:1086B0005B5D01209C4E0608804E060808B5FFF75A
:1086C000B3FF054A137801331370DB0700D408BDEC
:1086D000BDE80840FEF7E6BF5A5D0120002800F023
:1086E000D9802DE9F04F037D012B87B00D4604465C
:1086F00000F0B7800A2B00F0BF80226DE78A934616
:10870000626A0592D4F89020914622699246002B25
:108710006FD1002F75D100273D46216FD9B1D1E926
:108720000083002603208BB118460491FEF7CAF897
:10873000049903204E60FDF7C1FDB8F1000F0AD087
:108740004146D1E900830320002BEDD1FDF7B6FDB2
:10875000B8F1000FF4D1E16ED9B1D1E90083002660
:1087600003208BB118460491FEF7ACF8049903205E
:108770004E60FDF7A3FDB8F1000F0AD04146D1E9E4
:1087800000830320002BEDD1FDF798FDB8F1000F19
:10879000F4D1616FD9B1D1E90083002603208BB1F8
:1087A00018460491FEF78EF8049903204E60FDF7F9
:1087B00085FDB8F1000F0AD04146D1E900830320BE
:1087C000002BEDD1FDF77AFDB8F1000FF4D13DBBE0
:1087D000237D012B32D021460120FDF76FFD4B4652
:1087E000002B38D06FF00C01504607B0BDE8F04FB9
:1087F00018472F482146FFF763FC2E4B01221A70C1
:108800008BE72D4A1368A34228D033B1DA68A2421D
:1088100001D01346F9E7E268DA600023E3607AE703
:108820000197238B0293231D0093059A23465946F3
:10883000204602F09DFE237D012BCCD11F4B204909
:108840002048D42207F0AAF921460120FDF736FD81
:108850004B46002BC6D107B0BDE8F08FE36813602C
:10886000DBE7164B184917484FF4107207F096F9DA
:10887000237D0A2B7FF441AF14482146FFF720FCEB
:10888000237D012B0DD02146012007B0BDE8F04F1C
:10889000FDF714BD094B0E490A4840F23D2207F08E
:1088A0007DB9064B06490748D42207F077F9EAE775
:1088B000605D01205B5D0120685D0120A444060825
:1088C0008C45060814300608D44E06085C5D01206D
:1088D000B84E06080121FFF701BF00BF10B50C46D6
:1088E00031B120460121FFF7F9FE6FF00C0010BDF9
:1088F000064B0749074840F20F3207F04FF9204670
:108900000121FFF7EBFE6FF00C0010BDA444060838
:10891000084F06081430060808B1026802B970470B
:1089200030B51E4B0446186883B00D4688B1016807
:10893000C368914206D063B1184622680168C368D3
:108940009142F8D101210193FFF7C8FE019B002B52
:10895000F2D1134B1B6863B1196822689142184623
:10896000DB68F8D101210193FFF7B8FE019B002BD2
:10897000F2D15DB12B684BB10A4B1B6833B1226851
:108980001968914204D0DB68002BF9D103B030BDE7
:108990002A681A60DB68002BF1D1F7E7605D0120DF
:1089A000685D0120645D012070B5064682B001203B
:1089B000FDF726FC044640B3A4220021204607F020
:1089C00096FA7149714A09681278714B2162A2774F
:1089D0007049714AA3624FF48660704BA4F864003A
:1089E000A3646F4820630923C4E925126D48C4F8C5
:1089F0009C30FF254FF006136675E572C4F88400BD
:108A0000C4F83E30204602B070BD674B1D6895B17A
:108A10002A46ED68518B0907F9D56448019207F0A1
:108A20002DF9019A518B21F0080110465183FEF770
:108A3000ADFA002DECD15E4807F020F95D4B1B68C4
:108A4000B3B1514A10680022196A411A8A4298BF8C
:108A50001C46DB688A4298BF0A46002BF4D13CB121
:108A60002146554807F09AF801212046FFF736FEC7
:108A70000120FDF7C5FB044600289DD14F4807F0B3
:108A8000FDF8494B1D68D5B13F4B196823462A7D37
:108A9000092A07D12A6A8A1A934298BF2C46934220
:108AA00098BF1346ED68002DF1D144B144494548C3
:108AB000224607F073F829462046FFF70FFE0120F3
:108AC000FDF79EFB044600287FF476AF3E4807F092
:108AD000D5F8354B1D68D5B12B4B196823462A7D37
:108AE000082A07D12A6A8A1A934298BF2C469342D1
:108AF00098BF1346ED68002DF1D144B13349314898
:108B0000224607F04BF829462046FFF7E7FD0120F3
:108B1000FDF776FB044600287FF44EAF2C48314623
:108B200007F03CF833062DD426B332461E4B1B68A3
:108B300003B31549013AD1F800C0D1B2002206E0D2
:108B40001D6AACEB050201461C46DB684BB1587D43
:108B50008842F5D3F9D11D6AACEB050E9645F4D3E6
:108B6000EFE73CB121461B4807F018F801212046E9
:108B7000FFF7B4FD0120FDF743FB044600287FF416
:108B80001BAF3FE77F22D1E76C5D0120595D0120DB
:108B90006008600800DD6D00F82401000100300469
:108BA000FFFF18025D840508605D01205C4F060828
:108BB000284F06085C5D0120804F0608BC4F060860
:108BC000F04F0608FC4F06083050060864500608AF
:108BD0006C500608AC5006084020FFF7E5BE00BF09
:108BE000664B2DE9F041B3F800E0BEF1000F2ED046
:108BF000634B1E68634B00251D80002E79D0624BAD
:108C0000624FB3F800C02A461446531C9BB2A3EB34
:108C10000C01013996451FFA84F8C9B240F2A480CC
:108C2000C44516D8715C012918D002291AD061B147
:108C30009C454CD9554909680B441B7D012B40F2DA
:108C4000998013449AB20125DEE74E4A1380BDE8AD
:108C5000F08139682144097D0129E6D101341A46A1
:108C60000125D2E7911C9C4589B224D9474C246840
:108C700023441B7D042B27D14B1C9E4524DDD31C94
:108C80008C4502F104029BB292B225D8A1EB0C01F3
:108C9000C9B29C45715C4FEA012125D8A3EB0C03B6
:108CA000DBB2F35C0B43591EB1F5067F28BF4FF4CE
:108CB00006734386C7E7A3EB0C03DBB2F35C042B1C
:108CC00002D14B1C7345DADB2E4B1980BFE7A3EBB7
:108CD0000C03DBB2F35CB1E72C4C246821449C45C7
:108CE000097D4FEA0121D9D9284C246823441B7DF2
:108CF000D8E7264B35461E682A4606F11307BC18EE
:108D0000531C96459BB22FD914F8011F0125A94287
:108D100028D002290AD0002997D033441B7D012B8B
:108D200028D913449AB20125BC18E9E73344911CB1
:108D30001B7D042B89B2C7D14B1C7345C4DAD31CED
:108D4000314416FA83F3097D1B7D43EA0123591E42
:108D5000B1F5067F02F1040228BF4FF4067392B208
:108D60004386E0E71A46CBE7002D3FF470AF054B92
:108D70001A806CE7034B02321A8068E7925D01208B
:108D80008C5D0120885D0120905D0120945D0120B3
:108D9000F8B50369054698890C46FAF727FFC3071B
:108DA00032D41B4E21692B893768486822893B449D
:108DB0001B1A9A1A002A1DDB8889FAF717FF10F090
:108DC000010F204607D12468FEF7E6FF002CE9D109
:108DD00000242C60F8BD2B6901209F89FAF706FF5B
:108DE0002B693843988120462468FEF7D5FF002C74
:108DF000D8D1EDE7002BECDDC11B89B26868298171
:108E0000FDF77AFE2C60F8BD2046FEF7A5FFDFE7F0
:108E1000845D0120002954D02DE9F8432A4F0C46E7
:108E20009046064623695868FAF7E4FE2369B4F8C9
:108E3000089005469889FAF7D9FE3B6810F00300C0
:108E4000A5EB030518BF01204D440544002D2DDC82
:108E5000D4E90050FDF7ACFEB6F866309842814682
:108E60001AD81A4922890888A3EB09030244A6F8F4
:108E7000663020460A80FEF78FFFB6F866302C4633
:108E80003BB1002DCED1B8F1000F12D00020BDE8CB
:108E9000F883002DC6D1F9E70D4B0E490E4840F27C
:108EA000574206F07BFEB6F86630DAE72046BDE8AA
:108EB000F883074B0949084840F2614206F06EFE0C
:108EC000E4E70020704700BF805D01207C5D012049
:108ED0002C5106086051060814300608885106080F
:108EE0002DE9F043037D032B83B0044640F2368125
:108EF0009E4B9F4D1B78DA0600F1A2809D4E328872
:108F00002B68002A00F08A80217D062900F28680E5
:108F1000616AC81A0128804606D4C3F10100821A8A
:108F20000A44002A40F3CE815A1A002AC0F2C581B1
:108F30005A1C208D9046521A121A002A44DC99427B
:108F400000F03384626F002A00F05A83D2F810C018
:108F5000DCF80410994200F09482581A0028C0F2FC
:108F6000998303F1FF3E17461268002A00F04B81F7
:108F7000D2F810C0DCF80410994200F083823869FE
:108F80004068AEEB00000028EDDBA8EB01000028F4
:108F9000E9DC79480092FEF715FF0646A0B13B696F
:108FA000296858683B89009A03445B1A002B06DD48
:108FB000091A89B278683981FDF79EFD009A3E60F2
:108FC00011463046FFF7E4FE204603B0BDE8F0430B
:108FD00002F05CBB674E3088002840F009814144B4
:108FE000E644714540F00481B4F930100029C0F224
:108FF000FF80914540F0FC8094F84310FF2900F079
:1090000055830131C9B2032984F8431000F24E831D
:1090100000F05783616B002940F0C580626A991A9D
:10902000002906DB218DC2F10102521A1A44002ADE
:1090300003DD638B43F00203638303B0BDE8F08379
:10904000D4E9151C2B684D4FB4F860E03A68C81A93
:1090500000280BDB994205D0944500F0CD80714685
:10906000E04611E0ACEB02010029F5DA4449096859
:10907000C989B4F86200A4F86010C4E915328842C6
:1090800038BFA4F862109046606C8146101A002820
:10909000A0DD236DD31A002B7CDC618B4B0709D537
:1090A000B4F84A30A4F8483021F004010023618369
:1090B000A4F86A30E38F6264B4F93C2003EBE20366
:1090C000A4F84030237D0022032BA4F8422013D9BA
:1090D000B4F84830B4F84A209A4280B200F266816F
:1090E000B4F86A20104480B2824200F2BD8183420B
:1090F00040F2BC81A4F86A00D4E91B212046FFF7A6
:1091000089FEE16E206702462046FFF783FE226F4C
:10911000E066B2FA82F35B095B4223860023237781
:10912000002800F04081174B1988B4F864300B44D4
:10913000A4F86430638B1E052FD5002A00F04B8104
:109140001369E66C5868FAF755FD361A002E24DCD0
:10915000638B084E23F4006363831FE00A4B0B49C3
:109160000B4840F27C4206F019FDC1E6795D012012
:10917000845D01207A5D0120985D0120805D0120E1
:10918000945D01207C5D01202C510608A851060841
:1091900014300608204602F079FAA94E616B0029C6
:1091A0003FF4ADAE3A68A36B9B1A002BBFF6A7AE97
:1091B000A44BB4F93C201868B4F93E30A3EBA307E4
:1091C000A0EBE2035B1AC0EBE2009BB2084413F48D
:1091D000004F80B21A4418BF03463B4412B2A28724
:1091E00003EBE202A4F840200022E387626386E6F4
:1091F000002384F84330D1E793490968C9898E4533
:10920000BFF42DAF35E7591A91427FF7DDAEBCF8B8
:109210000C00FAF7EBFCC1073FF5D6AE8B48FEF722
:10922000D1FD386000283FF4CFAE3B693A895968D8
:109230002B680A44D21A002A05DD5B1A99B27868B5
:109240003981FDF759FC2A6833881344626A9B1AF6
:10925000228D9B1A002B7FF7B7AE3B681B6998895C
:10926000FAF7C4FCC2073B6800F18C82218D2A8882
:109270005868891AA28C114489B21981FDF73CFC07
:109280003B681F891B699889FAF7B0FC10F003034B
:1092900018BF01232968228D3B4411FA83F13380E2
:1092A000636A134499423FF48FAE694B69496A4837
:1092B0004FF4DF6206F072FC86E6638B43F0020334
:1092C000638381E6614B00935F68002F00F0AF80FD
:1092D0004FF6FE73984500F29980009B5B681A89EF
:1092E0001FFA88F18A428846C0F085800098038979
:1092F000A3EB080303817B8998450CD9A2EB0802F4
:10930000002179813A813F68A8EB030398B27B89F9
:1093100083428046F5D341463846FDF74FFA238D08
:109320000099626A09692A60C3F10103002B4A604F
:109330003FF74AAE009B1F891B699889FAF756FCD4
:1093400010F0030318BF0123228D3B449BB29A42C5
:109350003380C0F05E81636F002B00F0C980009BFA
:109360001B699889FAF742FCC307676F56D4002F30
:1093700000F0F28138693288D5F800E03B89D0F8F6
:1093800004C002EB0E016344CB1A002BC0F29D8196
:109390008089FAF72BFCC00700F1898038463F68C6
:1093A000FEF7FAFCE3E7A4F86800BCE611F4006FEE
:1093B000628E0CBF0221012112FB01F292B28242A5
:1093C00094BF991819188AB2934257D94FF6FF7370
:1093D000A4F8483090E648B10369E66C5868FAF79B
:1093E00009FC361A002E3FF7D8AE638B144E23F4D7
:1093F00000636383D2E6164B1849174840F2975230
:1094000006F0CCFB009B5B681A896FE7104B144990
:10941000114840F2955206F0C1FB5EE7002F67D07D
:109420003B6863673846FEF7B7FC676FF6E7084BA3
:109430000C49094840F2945206F0B0FB48E700BFDF
:109440007A5D01206C5D0120945D0120985D012012
:109450002C510608F451060814300608E451060899
:10946000D4510608C45106084FF6FF70628E1A44A4
:1094700092B2C01A9342A4F86A00A7D8A4F8482070
:109480003AE6002794481389018999427FF69CADFA
:109490000092FEF797FC00283FF496AD009A002F4B
:1094A00000F06E8138601146FFF772FC8CE5009B7E
:1094B0001B699889FAF79AFB81073FF56FAF009A0D
:1094C000136901209B890193FAF790FB019B009A95
:1094D000184313691289988180B20192FAF786FBCA
:1094E000019A10F0030318BF01231A44328055E794
:1094F000328829681144238D61629342C0F0C08094
:109500009B1A23852046FDF735FF00994B681A8981
:109510001AB1724A136000234B60009B1B69988943
:10952000FAF764FBC30735D56D4A137843F020037F
:1095300013702FE0336937899889FAF757FB10F0D9
:109540000300238D18BF012038441B1A23852046B1
:10955000FDF710FF71680B893BB1604B186800285C
:1095600043D0FDF74DFB0023736033699889FAF708
:109570003DFBC70709D55A4A217D1378042943F0DA
:109580002003137004BF07232375336863673046D5
:10959000FEF702FC666F56B33269616A53688B420C
:1095A00025D12B6090893789FAF720FB636A10F088
:1095B000030018BF01201F44384433696062988952
:1095C0003389278D0093FAF711FB009B10F00300FD
:1095D00018BF012018448742ACD2424B424943484D
:1095E00040F22B6206F0DAFAA4E71960BBE7638B5E
:1095F000D8070AD523F0010343F0020363831CE577
:109600003548FEF7DFFB6067DEE443F00103638368
:1096100013E5009F3B699889FAF7E8FA3B69C107AF
:109620009F8900F19D803846009F238D3B81FAF78A
:10963000DDFA8207398902D5013989B23981009F63
:109640007868FDF759FA3B463F891B699889FAF714
:10965000CDFA10F003032A68616A18BF01233B4466
:10966000338012FA83F3228D0A4493423FF473AE9F
:109670001C4B1F491D4840F2CB5206F08FFA6AE698
:10968000184B1C49194840F2076206F087FA238DEF
:10969000328835E710480092FEF794FB00283FF42B
:1096A00093AC00996067FFF773FB8DE4B4F8482032
:1096B000638E13449BB29A4201D94FF6FF73A4F80C
:1096C0004830204601F01AFF68E5A1EB0C03002B9F
:1096D00012DC67670FE700BF985D0120745D012011
:1096E000785D01202C5106088852060814300608BF
:1096F000F451060868520608009AACEB0E0C136988
:10970000A2F808C09889FAF771FA820703D5009A7F
:109710001389013B1381009A11895068FDF7ECF918
:10972000009A1369128998890192FAF75FFA019AEF
:1097300010F0030318BF01231A4492B23B69328030
:1097400059682B6813448B42C3D0194B19491A48E6
:1097500040F2FC5206F022FA328829681144B8E738
:109760003846FAF743FA00F03E00FAF73FFA009A5B
:1097700027F47C57126940EA070393819FB252E7AE
:10978000606790E61B699B8900931846FAF72EFAEA
:1097900000F03E00FAF72AFA009B23F47C5340EADB
:1097A00003023B6819698A8160E5044B0093C1E5B7
:1097B0002C5106082C52060814300608985D01202A
:1097C0002DE9F043054689B0002800F0CB806B8975
:1097D000684E6A683260132B05D8284609B0BDE888
:1097E000F043FDF76FB8644F39687869FBF77CFD8B
:1097F00004460028F1D17B6903F0F003E02BECD0A4
:1098000033689889FAF7F2F9810A01F0FC0113290B
:10981000E3D92B898B42E0D3584B6A8958481C60A6
:109820008A42A1F11403038080F094812B68002BFD
:1098300000F0A88314212846FCF7C0FF504B6C8928
:109840001A88504B05921C80131B9BB22146284658
:109850000693FCF7B3FF2868069B42899A42BCD363
:10986000464A194643681360FCF7A8FF2B89059AFE
:1098700023449B1A6A899BB22B81002A40F089837A
:109880002A6812899A4205D03F4B40494048E0225D
:1098900006F084F934682088FAF7A8F92080346843
:1098A0006088FAF7A3F9608034686068FAF7A2F973
:1098B000384B606034681860A068FAF79BF9364B43
:1098C000A06034681860E089FAF790F93368E081A5
:1098D0009889FAF78BF9314A00F03F03810713703A
:1098E0002A8940F03D812E4B99461A802D4B1C68E9
:1098F000002C00F0E580A846002517E00A2B21D0B7
:10990000012B28D0227A32B17B6893F834300133AE
:10991000DBB29A4204D13368218B1A8891424BD032
:10992000E3682546002B00F0CA801C46237D002BEF
:10993000E4D1154B1C491648FB2206F02FF9237D74
:109940000A2BDDD1104B19491148FC2206F026F9EB
:10995000237D012BD6D116490B4B0D48FD2206F075
:109960001DF9CFE7084B13490948832206F016F981
:109970002DE700BF945D012094F800208C5D01204C
:10998000925D0120905D01202C510608E4520608EA
:1099900014300608845D0120805D0120795D01207E
:1099A0007A5D0120605D0120045306082C530608EF
:1099B00058530608B05206085B88E28A9A42AFD133
:1099C00062683B699A42ABD122687B699A42A7D10F
:1099D000E368A3422F46454600F0638447B16C4AD2
:1099E000FB601368E3601460E368A34200F06684E0
:1099F000684B69491A78694F00230B6068493B60DE
:109A00000B7068497D600B802B893B8133683B611B
:109A1000130703D56B7B43F001036B73A36F73B123
:109A20002046FEF7B7FD0D3000F0A682A36F23B1EC
:109A3000B9F80030002B40F09F82564B1A785A4DEF
:109A400050072C6040F15C81237D022B00F00183E4
:109A5000564A1168626A8A4200F010848B1A07D451
:109A6000208D1B1A002B03DC638B43F002036383FE
:109A70004F4806F093F84A4B1B781E0740F191823D
:109A8000D4F890301BB120696FF00D019847404821
:109A90002146FEF715FB2046FDF73EFB3E4B78685E
:109AA00000242C601C6010B1FCF70CFF7C60FEF7FA
:109AB000B1FA002800F0568209B0BDE8F0834546AF
:109AC0003C4B1C681CB954E0E468002C51D0237D49
:109AD0000A2B394B05D03949394840F21F1206F09C
:109AE0005DF8227A32B17B6893F834300133DBB20F
:109AF0009A42E9D13368218B1A889142E4D15A887D
:109B0000E38A9342E0D160683A699042DCD12068F0
:109B10007A699042D8D11F4A107842073FF55DAE6E
:109B20008707B9F8006040F1D583204A606A12685F
:109B3000101A04D4278DC01B002840F31E84002E69
:109B40003FF44BAE638B43F002032046638301F086
:109B50002DFE42E61B4A28461380FCF72FFE99E6AD
:109B6000531C19499BB29A4289460B807FF6BEAEC0
:109B700033E6164BD6F800C01A68002A00F05D8262
:109B800014469046D7F804E07A69002126E000BF29
:109B9000605D0120795D0120745D0120985D0120E8
:109BA000785D01207C5D0120705D0120845D0120D5
:109BB000785406085C5D01202C510608D85306082D
:109BC00014300608905D01207A5D0120645D01205B
:109BD000E3682146002B00F030821C46207A28B131
:109BE0009EF834300133DBB29842F1D1E08ABCF800
:109BF00002309842ECD12368934201D0002BE7D188
:109C000029B19E4B1C60E368CB60C4F80C809C4B70
:109C10001A7851073FF5E1AD12F01003984640F075
:109C2000AB8292077FF5D9ADBCF80220BCF80010DA
:109C3000944805F0B3FF607DFEF7B6FE002800F003
:109C40000E83D7E9041C0246059042F804CBD6F8EF
:109C500000C0416007928C4A9CF800109CF801C03B
:109C6000176841EA0C210137B4F816C001830321BB
:109C7000A0F816C001754762C762FEF769F9824A0B
:109C8000059B116898650139C3E91401216958647D
:109C9000D865DC671961617A7C4A01F00C01597260
:109CA000217A19721168D960136002F055F9784968
:109CB000012008700598FEF793FF3168059BC8895D
:109CC000079A5C8E0693414660F30F0160F31F41D3
:109CD000196610460592FBF7EDF8059A01462046F5
:109CE000FEF752F9069B059358861221184601F09B
:109CF000B3FA002840F0AD82059801F057FD6CE5FD
:109D00009107638B04D5227D023A012A00F20C826E
:109D1000DA0602D45F4B1B6823620023A4F8A2304A
:109D20002046FEF75DFF237D023B072B3FF6A3AEE7
:109D3000DFE813F0370016000800DC00BC00080064
:109D40007D006000FFF7CCF8534B1B789E067FF533
:109D500092AE638B43F002036383072323758AE685
:109D6000474B1B78D90640F13F824C4B1968636C16
:109D7000DB43CB4204D4236DCB1A002B40F3B182DA
:109D8000414A3368B9F8000012680244188802900A
:109D90005B880193424B00932046043301F0E8FBBB
:109DA00069E6374B1A78D3067FF565AE3B4B3068D2
:109DB0001968354B96071B6804D5626C01328A42DC
:109DC00000F06381B9F800201A44038802934388A5
:109DD0000193334B00932046043301F0C9FB94F800
:109DE0004230052B3FF647AE00232386204601F084
:109DF000CFFE40E6FFF774F8214B1B78DB067FF5BA
:109E00003AAE264B226D1B689A427FF434AEE36E65
:109E1000002B7FF430AE3B6922485A88198805F040
:109E2000BDFE1D4A137843F01003137023E6FFF7BD
:109E300057F8134B1B78DA067FF51DAE174B226DD2
:109E40001B689A427FF417AEE36E002B7FF413AECB
:109E50003B6915485A88198805F0A0FE2046FEF790
:109E600061F80A4B1B68A3426DD0002B6ED0DA68F4
:109E7000A24200F02C821346F7E700BF645D012088
:109E8000795D012008540608845D0120605D012091
:109E90005B5D01206C5D0120785D0120805D01200B
:109EA000A4F80020B055060884550608FFF718F8F6
:109EB0009F4B1B7899067FF5DEAD3B699D485A881C
:109EC000198805F06BFE638B43F002036383204621
:109ED000FEF728F8984B1B68A34234D0002B35D0EE
:109EE000DA68A24200F0F3811346F7E7FEF7F8FFC5
:109EF0008F4A924B12781B78900603F0100340F1C2
:109F0000808123B18E4B226D1B689A4206D0638BF1
:109F100043F00203638308232375ACE5E36E002B53
:109F2000F5D13B6987485A88198805F037FE638B5D
:109F300043F0020363832046FDF7F4FF7E4B1B686A
:109F4000A34240F0FF817C4AE36813607E4B7F4A66
:109F500019681C600A232375E1600123137001F066
:109F6000FBFF88E57A4B7B497B4840F2492209B0E8
:109F7000BDE8F04305F012BE638D002B00F0818038
:109F8000764D8BE5724B76497348C22205F006FE8A
:109F900050E46F4B73497048DF2205F0FFFD2B89B9
:109FA0006EE4714A12886AB1D4F880603EB12069CB
:109FB0002146B0470D303FF471AD5D4B1B786A49C7
:109FC00000220A80D8064ED4684A1268002A00F09F
:109FD000E880A36F43B15E4B65495F484FF4F3726D
:109FE00005F0DCFD614B1A68638B13F0100340F041
:109FF000F480D4F88460002E00F01381206921469B
:10A00000B04710F10D0F3FF449AD10B1574B1B682D
:10A01000A367474B1B78990607D5A26F002A00F06B
:10A02000C680517B41F02001517300222A60DA067C
:10A0300019D4204601F0BAFB30E5BCF80C00F9F762
:10A04000D5FD10F0040000F0F2802846FCF73AFC41
:10A050002DE53B4B226D1B689A4200F01781454B62
:10A06000626A196804E5638BDB063FF510ADD4F82E
:10A070009030002B3FF40BAD20696FF00E01984734
:10A0800005E5204601F002FB7AE762645A1C626231
:10A09000E262C289013B6365002362F30F0362F34E
:10A0A0001F4323660423E61823753046638E059309
:10A0B000FAF700FF324601460598FDF765FF41F2C9
:10A0C0001C1243009342194638BF1146B1EB800F72
:10A0D000608640F274818300A4F84830B4F866309A
:10A0E000002B00F05C81B4F86630266F013BA4F8C9
:10A0F0006630002E00F04E81336823673046FDF74E
:10A100004BFE236F002B00F02981002384F842309E
:10A110002386D4F8883033B120690022214698473D
:10A120000D303FF4BBAC638B43F002036383A2E4C6
:10A13000785D012054550608605D0120795D01209D
:10A14000805D0120245506085C5D01205B5D0120D7
:10A150002C510608FC55060814300608705D0120D5
:10A16000C8520608D85206087C5D0120745D0120A3
:10A17000E0550608845D0120954BB9F800201B6866
:10A180001A44944B1968BCF800300293BCF80230B2
:10A190000193914B00932046043301F0E9F9FFF756
:10A1A0001CBB13F020027FF438AF2A6041E7228DF8
:10A1B000D4F88460B2F5066F1CBF01322285002EF0
:10A1C0003FF433AF002320691A462146B0470D30D3
:10A1D0003FF464AC814B1B7827E71046FCF772FB19
:10A1E0002046FEF777FB59E49B077FF544AC784B9C
:10A1F0001A68636A013B93427FF43DAC01F038F981
:10A2000039E4002B3FF437AC724B226D1B689A4245
:10A210007FF431ACE36E002B7FF42DAC0623237565
:10A2200029E4334630462146FEF718F9E9E6684A44
:10A23000B9F80010126833680A4466491C88096836
:10A2400002945B880193644B0093043301F090F90E
:10A25000FBE605984146FEF741FAFFF7BEBA0590C6
:10A260005F4805F00BFDA669002E3FF4B6AA2069F1
:10A2700005994FF0FF32B047FFF7AFBA33B9594BEA
:10A2800059495A484FF44E7205F088FC534A1378E6
:10A2900043F008031370638B23F001036383FFF71C
:10A2A000EABB504B5249514840F20D1205F076FC82
:10A2B000002F3FF499ABE368FFF791BB494B4D4941
:10A2C0004A4840F2151205F069FCFFF791BBE268BD
:10A2D000DA603BE6C0077FF532AC474B1B68236270
:10A2E0002DE43B694548042222755A88198805F0F7
:10A2F00055FCE36F002B3FF473AF9B69002B30D00C
:10A30000206900222146984700285CD12046FEF7AC
:10A31000E7FD3B4A13880BB1013B1380628E41F28B
:10A320001C1153008B42184638BF0846B0EB820F11
:10A3300010D99300A4F84830284B1B789A067FF573
:10A340009AAB06E5002B3FF401AEDA68A242BED01C
:10A350001346F7E78B4238BF0B46EBE74FF0FF336E
:10A36000D6E6204B274921484FF46A7205F016FCC7
:10A37000E36F9B69002BC3D132E7CDE90131154B67
:10A380001968154B009332442046043301F0F0F86D
:10A39000FFF723BAE66E56B13368E366AEE6114BBB
:10A3A000194912484FF45B7205F0F8FB9BE60D4B20
:10A3B00016490E484FF45D7205F0F0FBECE793424E
:10A3C00038BF134688E60D303FF468AB08E700BF9E
:10A3D000845D0120805D0120A4F80020785D0120CB
:10A3E0002C5406082C510608585406081430060848
:10A3F00080530608AC5306086C5D0120DC54060847
:10A400007C5D012004550608B0540608C8540608AF
:10A41000024A137843F0100313707047785D0120EF
:10A420002DE9F04383B007469DF828500E4690462C
:10A430009946002846D00320FBF7E2FE0446002898
:10A440004CD0057333894660AD0005F00405002249
:10A45000AB4202602ED35B1B30460026238166810F
:10A460001421FCF77BF9002833D16268019052680F
:10A47000F88A22610092F9F7B9FB009A1080388BB4
:10A480002769F9F7B3FB788048462769F9F7B2FBEB
:10A490007860A80200F5A04048EA00002569F9F7B5
:10A4A000A5FB2269019BA8819674D374204603B052
:10A4B000BDE8F0830B4B0C490C48B02205F06EFB55
:10A4C0003389C8E7074B0A490848A32205F066FB11
:10A4D000B1E72046FDF760FC0024E7E73046FCF7D3
:10A4E000F1F9F9E7185606086C5606081430060804
:10A4F0004C5606082DE9F04704460D4692460028C2
:10A500003FD0636A1F46238B05F114019846638D83
:10A51000E58A89B24FF4207222209946FCF73AFA74
:10A52000064618B34389132B23D928467568F9F7D3
:10A530005DFB28804046F9F759FBC5F804A0688008
:10A540003846F9F757FBA86045F21000F9F74EFBC3
:10A55000A8814846F9F74AFB00232B746B74AB744F
:10A56000EB74628D636AE8811344E3623046BDE8B0
:10A57000F087084B0849094840F2237205F00EFBAA
:10A58000D3E7044B0649054840F2427205F006FB4A
:10A59000B7E700BF18560608AC5606081430060880
:10A5A000845606082DE9F04F8DB0CDE902210893BD
:10A5B000002800F06E84B0F86230458E5B08AB4234
:10A5C00028BF2B46002B18BF1D46039B8146002B3E
:10A5D00000F04B84037D9A1E022A06D9072B04D073
:10A5E0006FF00A000DB0BDE8F08F029B002B00F069
:10A5F00008811A46B9F864309342C0F01784B9F85C
:10A600006660082E00F21284D9F87030002E73D0E4
:10A61000D9F86C80002B00F08181B8F1000F7CD15B
:10A62000B9F86840002C40F01983089B099403F0A6
:10A630000103A2460794002B40F0BE81CDE90A3306
:10A640004FF00008DDF808B00695CDF8108040E026
:10A65000012229463620FCF79DF9002800F03F82B0
:10A66000039A05902244426000214FF42072362064
:10A67000FCF790F9059B0746002800F0B2821946C6
:10A68000FCF7BEFA3846FCF793FA304486B2092E3E
:10A6900000F2AD82D9F85C300022394623440092A2
:10A6A0004846FFF7BDFE0746002800F01882049BCD
:10A6B000A0F80AA0002B00F0E681B8F1000F00F02E
:10A6C000E481C8F800702544ACB2A34540F29582FD
:10A6D000B846069BABEB0405ADB29D4228BF1D46B4
:10A6E000ADB2BAF1000FB3D0944B9549954840F202
:10A6F000712205F053FAABE7002B00F0EE808F4B90
:10A70000914990484FF4AC7205F048FAD9F86C8042
:10A71000B9F86660B8F1000F82D043461A461B684C
:10A72000002BFBD1147B07929846A400138904F0F8
:10A7300004041A199542C0F2D5812C1BE41A079B18
:10A74000B3F80AB0B9F868305B45A4B208D07B4BC7
:10A750007E497C4840F2F31205F020FAB9F868B05F
:10A76000BBF1000F5DD1029B002B00F0F580089B30
:10A7700003F001021346002C00F051820799098969
:10A780000991002900F09482CDF824B05B4602992B
:10A79000CB1AA342A8BF23461F469BB20B93002AA5
:10A7A00040F0F782079BD3F80480424613461268B4
:10A7B000002AFBD190461A7B3F2A06D85A895B684B
:10A7C0001344039A9A4200F03E830B9C01222146D7
:10A7D0000020FCF7DFF80A90002800F05183099F61
:10A7E000039B3B444360FCF7E3F983193C449EB26E
:10A7F000029BA4B2A34240F2988300230B93DA4653
:10A800001EE7D9F86C80B9F86660B8F1000F84D102
:10A81000B9F86830002B40F07D830027C9F86C80C0
:10A82000A0E05C45C0F0BC80029FA7423B4628BF29
:10A8300023469BB25B4528BF5B469BB2ABEB030A4A
:10A840001FFA8AFA0993BAF1000F00F029829F4299
:10A8500049D1002F00F08F820023079F0A930B93AA
:10A86000079B5C68DCB12389DDF824B0039D5B4461
:10A870002381236833B11C4623895B4423812368E9
:10A88000002BF8D1638960685A461844294605F0C0
:10A8900088FB63895B4463812368002BEBD1079AB3
:10A8A000099913890B44138153898B42C0F0678245
:10A8B000099A9B1A079A53810A9BA9F868A0002B52
:10A8C00000F04D82079C0A9D60682946FCF798F9C4
:10A8D0002A8923891344238141E0D9F86C30002B65
:10A8E0007FF40DAF9CE6154B194916484FF40072E2
:10A8F00005F054F9099B9F4240F23A820998089961
:10A90000241A01F00102A4B21346002C50D007997A
:10A91000098900294CD0D346034638E7B8F1000F27
:10A920007FF4FBAE054B0B49064840F2551205F08B
:10A9300035F9D9F86C80B9F866606EE618560608E5
:10A94000605806081430060864570608B057060811
:10A950000058060828570608A9F868301F46079BC4
:10A96000C3F80080D9F85C30029AA9F866601344F5
:10A97000C9F85C30B9F864309B1AA9F8643026B184
:10A98000D9F87030002B00F09F812FB13B691BB1CB
:10A99000089A920740F18F8100200DB0BDE8F08F3A
:10A9A000A74BA849A8484FF4FC7205F0F7F83BE71D
:10A9B0000446002B3FF442AE089B4FF0000B03F01F
:10A9C0000203CDF828B0002B40F09E80CDE904337F
:10A9D000029BCDF818B01B1B9BB29D42A84628BF16
:10A9E00098469D421FFA88F804D9B9F81A305906DA
:10A9F00040F1468141464FF420723620FBF7CAFFF2
:10AA0000074600284BD04FF0000B036868F30F0B8C
:10AA100068F31F4B33B18A4B8C498B4840F20B12C1
:10AA200005F0BCF8039BB7F80AA07868C7F808B02F
:10AA30004246191905F0B5FA3846FCF7B9F8304422
:10AA400086B2092E00F25281D9F85C3000223946D4
:10AA5000234400924846FFF7E3FC0746F8B1059B04
:10AA6000AAEB080AA0F80AA0BBB1049B002B43D0B4
:10AA7000049B1F60029BA0441FFA88F4A34240F28B
:10AA800038810497A7E704901DE671496C4B6E4826
:10AA900040F2AB2205F082F813E60590EAE7DDF814
:10AAA0001480B9F81A3043F08003A9F81A300A9BD1
:10AAB00013B11846FBF706FFB8F1000F02D040466D
:10AAC000FDF74AF9B9F8663023B1D9F87030002B98
:10AAD00000F0A8804FF0FF300DB0BDE8F08FDDF83A
:10AAE0001080DEE7564B5B4957484FF4F37205F090
:10AAF00055F8079B1B8920E65549514B524840F2B7
:10AB0000AB2205F04BF8B3E74FF00008CDE904881D
:10AB1000029BCDF818B04EE008F21B2121F0030192
:10AB2000A94228BF294689B24FF420723620FBF78C
:10AB300031FF07460028B2D04FF0000B036868F3DE
:10AB40000F0B68F31F4B33B13D4B40493E4840F279
:10AB50000B1205F023F8039BB7F80AA07868C7F832
:10AB600008B04246191905F01CFA3846FCF720F8DF
:10AB7000304486B2092E00F2B980D9F85C30002248
:10AB80003946234400924846FFF74AFC074600280E
:10AB900085D0059BAAEB080AA0F80AA0BBB1049BCC
:10ABA000BBB1049B1F60029BA0441FFA88F4A34220
:10ABB00040F29F8004971B1B9BB29D42A84628BF72
:10ABC00098469D421FFA88F8A6D84146ACE7059002
:10ABD000E9E71F491A4B1C4840F2AB2204F0DEFFA4
:10ABE000DFE71846DDF81080FBF76CFE59E7DDF86B
:10ABF00010803846FBF766FE53E7DDF810804FF013
:10AC0000000B079A002A79D0BBF1000F69D0538955
:10AC10005B445381099B002B7FF422AE4CE6A24695
:10AC2000099408E5D9F86C30002B7FF453AF044B3E
:10AC30000949054840F2273204F0B0FF4AE700BF57
:10AC400018560608E057060814300608205806086B
:10AC50007058060898570608205906089C4B9D49CD
:10AC60009D4840F24A2204F099FF089B4FF0000AE9
:10AC7000CDF824A003F001035446CDF81CA0DAE47B
:10AC8000059B23B9D9F86C30002B00F0E88008F25E
:10AC90001B2121F00301A94228BF294689B2AAE657
:10ACA000099A97423FF62AAECDE90AAA079FD7E54F
:10ACB0005C46DA46BFE408209C89F8F797FF3A69BA
:10ACC00040EA0403938167E6D9F86C30002B7FF4E7
:10ACD0005CAE7F4B8149804840F2123204F05EFF47
:10ACE00053E6099B002B7FF4BBADE5E5DDF814804E
:10ACF0007FE70023DDE9058B0B9382E7099B002B9F
:10AD000040F028810A9BA9F868A0002B40F025811B
:10AD10000B9B002B3FF482AD6D4B71496E4840F2A6
:10AD2000E62204F03BFF079B59680A68002A00F0FE
:10AD3000AE800B9800E01A460B8903440B81136820
:10AD40001146002BF7D113890B990B4413815389BA
:10AD50000B445381079A13890B441381FFE50B9B26
:10AD6000002B3FF4FCAD079B59680029DDD1D3E7E8
:10AD7000002B7FF471AD079FA9F868B0EFE5544B45
:10AD80005849554840F2D32204F008FF079B5B89DD
:10AD90008EE5A34255D2089B9B0707D4B9F81A3019
:10ADA00058064ED4D9F86C30002B46D0B9B201F217
:10ADB0001B2121F00301A14228BF214689B24FF493
:10ADC00020720020FBF7E6FD0A90002858D0BAB2A6
:10ADD0000024036862F30F0462F31F4433B13C4B59
:10ADE00041493D4840F20B1204F0D8FE0A9B0399FA
:10ADF000B3F80AB058689C601C46099BBAB2194463
:10AE00000B9F05F0CEF82046FBF7D2FE099A831976
:10AE1000BC189EB2029BA4B2ABEB070BA3421FFA75
:10AE20008BFB69D9089B03F00203CCE5B9F81A3013
:10AE300043F08003A9F81A304CE6D9F87030002BA3
:10AE4000B4D1B9B2BBE7099B5BBB029B0B9A93429F
:10AE500072D9099B0A931446DA46FFF7F1BBD9F879
:10AE60007030002B7FF413AFC4E5194B1F491A480B
:10AE700040F2AD1204F092FE6FF00F00FFF7B2BB8C
:10AE8000B9F81A3043F08003A9F81A301AE60A46D6
:10AE900059E70F4B164910484FF4CF7204F07EFE6D
:10AEA000EAE70B4B13490C4840F2312204F076FEDE
:10AEB0000B9B099A9C18029BA4B2A34288BFCDF8B1
:10AEC00028803FF69CAC079FCDF82880DA46C7E47F
:10AED0001856060840590608143006082059060876
:10AEE000E85806088458060820580608F45606084C
:10AEF000DC56060834580608BBF1000F20D0079A2C
:10AF000053895B445381099B93B10023079F0B93A3
:10AF1000DA46A5E4164B1749174840F24A2204F0D6
:10AF20003DFE029BA9F8683077E4099B002BECD129
:10AF3000A9F868B0079FC5E4079FA9F868B012E7B1
:10AF4000099B13B9A9F86830F4E7079FCDF82CB036
:10AF5000DA4685E4079B5B68FFDE054B0749064838
:10AF60004FF4387204F01AFE099B5B68FFDE00BFE5
:10AF7000185606084059060814300608B058060846
:10AF80002DE9F04F054683B00F46002800F0A98058
:10AF9000EC6E002C00F0B080002F00F0B08026890D
:10AFA000BE427DD96B8EBB42C0F08480237BA6EB72
:10AFB00007084FEA830A1FFA88F80AF0040A0AEB26
:10AFC000080189B24FF4207236209B46FBF7E2FC61
:10AFD0008146002800F09080606822890389D9F8B2
:10AFE00004109B1A3B449BB251444246FBF75EFF60
:10AFF00040457ED123699889F8F7F8FD10F0080ADA
:10B0000052D100F03F08012318F0010F18BF9A46F3
:10B010002369586818BF08F0FE08F8F7EBFD5246A0
:10B020003B18CDF800B049462846FFF7F9F98246AB
:10B0300000285ED06068FBF7BBFD6268B5F866303B
:10B040001189BE1B1B1A3144104689B2A5F866301F
:10B05000FBF752FD23891E442369268140469E89C1
:10B06000F8F7C4FD22690023304390816381606852
:10B07000FBF79EFDB5F866300344DAF80400A5F846
:10B080006630FBF795FDB5F8663018442368A5F8DF
:10B090006600CAF80030C4F800A0DAF80030EBB15E
:10B0A000002003B0BDE8F08F00F0370809234FF00F
:10B0B000080AA9E7174B1849184840F25B3204F018
:10B0C0006DFD2689002E7FF471AF124B1449134891
:10B0D0004FF4577204F062FD268967E7A5F86830DF
:10B0E000DEE70C4B0F490D4840F24B3204F056FDA1
:10B0F0004EE74846FBF7E6FB4FF0FF30D1E7054B44
:10B100000949064840F2533204F048FD6FF005004B
:10B11000C7E700BF18560608B859060814300608D5
:10B12000C8590608705906089459060830B50446EF
:10B1300085B0002865D0E36E4BB11D461B68002B1F
:10B14000FBD12B699889F8F751FD420761D04FF484
:10B15000207200213620FBF71DFC002868D0002259
:10B16000E36D0092014601222046FFF759F905469A
:10B1700000285DD003699B073BD12B89002B2CD184
:10B18000E36E002B33D01A461B68002BFBD11560F1
:10B19000E26D638B686843F0200300210132638312
:10B1A000A4F86810E265FBF703FDB4F866301844B4
:10B1B00080B2A4F8660010B9002005B030BD236F3E
:10B1C000002BF9D1E36E002BF6D11D4B1D491E4813
:10B1D00040F2654204F0E2FCEEE7194B1B491A48C5
:10B1E00040F2434204F0DAFCE36E002BCBD1E5667B
:10B1F000CEE7134B1649144840F2424204F0CEFC0D
:10B20000BBE70F4B1349104840F2EB3204F0C6FC89
:10B2100091E72B69012099890391F8F7E7FC638B8B
:10B2200003992A69084343F0200390816383C3E7AD
:10B23000638B43F0800363834FF0FF30BDE700BFB3
:10B2400018560608385A0608143006080C5A06081C
:10B25000F4590608D8590608F0B50D46890783B099
:10B26000044650D0002800F08F80AA0753D54FF431
:10B27000207204213620FBF78DFB0646002800F0E3
:10B280008B804389032B06D8474B4849484840F2F6
:10B29000394204F083FC0227012300933146E36D19
:10B2A0002A462046FFF7BCF80646002874D00369FA
:10B2B0009B074ED13389002B3FD1E36E002B46D044
:10B2C0001A461B68002BFBD116600023A4F86830D7
:10B2D00005F001055FBB35B1E36D0133E365638BB9
:10B2E00043F0200363837068FBF762FCB4F86630B8
:10B2F000184480B2A4F8660010B1236F002B38D038
:10B30000002003B0F0BD284B2A49294840F21142E1
:10B3100004F044FC2CB34FF4207200213620FBF7DC
:10B3200039FB0646002837D000273B46B5E7E36DDA
:10B330000133E365002DD6D0D1E71B4B1E491C48D5
:10B3400040F2434204F02AFCE36E002BB8D1E666DB
:10B35000BBE7154B1949164840F2424204F01EFC67
:10B36000A8E7114B1649124840F2134204F016FCAC
:10B37000D1E7E36E002BC3D10B4B12490C4840F2CE
:10B38000654204F00BFCBBE7074B0D49084840F24F
:10B39000134204F003FC68E7638B43F0800363838C
:10B3A0004FF0FF30ADE700BF18560608D85A060820
:10B3B00014300608605A06080C5A0608F4590608A4
:10B3C000B85A0608385A060830B5044683B0002833
:10B3D00040D0206F38B103686BB101464A68927B58
:10B3E000012A194603D06FF0050003B030BD1A687A
:10B3F00012B11346F2E703465A68927B012AF2D152
:10B40000E26E1A6012B3618BD3F810C00193002270
:10B41000C4E91B0241F400616183DCF80400F8F721
:10B42000E9FB019B19691B89019305468889F8F797
:10B43000DDFB019B10F0030018BF0120EB1818443E
:10B440000022E0641046626303B030BD5A89A4F85C
:10B450006820D8E7034B0449044840F2636204F0D3
:10B460009DFBB6E718560608145B0608143006085C
:10B47000F8B50746002832D03E6F56B373689B7B01
:10B48000012B26D1FB6E32683A6707F16C051BB9B8
:10B490000FE01D461B6863B11B695868F8F7AAFBEB
:10B4A000336904465868F8F7A5FB241A002C2B686A
:10B4B000EFDB33602E60336873B197F84230FF2BB7
:10B4C00018BF01334FF0000018BF87F8423078638F
:10B4D000F8BD6FF00500F8BDA7F86830EDE7044B44
:10B4E0000449054840F2C16204F058FBC4E700BFBC
:10B4F00018560608385B06081430060810B50446CE
:10B5000040B3236F13B1638B5B0700D510BD20469A
:10B51000FFF7AEFF0028F9D1B4F84810B4F8603056
:10B52000628E8B4228BF0B465B10B3EB420F618BE0
:10B53000A4F84A3038BF530002EB420238BFA4F8E7
:10B540004A30134441F004020021A4F848306283D9
:10B55000218610BD034B0449044840F2F96204F00F
:10B560001DFBCEE718560608505B06081430060887
:10B570002DE9F04F85B098460E9FBDF83C40BDF8D0
:10B58000409005460E469246002B5BD0002F62D0BD
:10B590003046F8F72FFB4FF4207283461421222007
:10B5A000FBF7F8F90646002846D04389132B3BD910
:10B5B00020467468F8F71AFB20804846F8F716FB17
:10B5C000C4F804B060805046F8F714FBA06045F260
:10B5D0001400F8F70BFBA08146F20800F8F706FB11
:10B5E0000023E08123746374A374E374002D3AD0C4
:10B5F000287AA0B93846F9F75DFC50B1EB7AAD7AFC
:10B600000290062400953A46414630460194F9F7E7
:10B6100067FD304605B0BDE8F04FFBF753B9FBF7C7
:10B620004DF80028EAD1F4E7124B1349134840F2D1
:10B63000237204F0B3FABBE7114805B0BDE8F04F40
:10B6400004F01CBB0B4B0F490C4840F2C47204F0D1
:10B65000A5FA002F9CD1074B0B49084840F2C57250
:10B6600004F09CFA94E73846F9F724FC0028D0D07F
:10B67000FF23C5E718560608AC560608143006081E
:10B68000A85B0608705B06088C5B06082DE9F0478E
:10B69000044684B0002878D0006DF8F7ABFA636AEE
:10B6A000E58A1F46238B9846638D82464FF42072AD
:10B6B000142122209946FBF76DF90646002857D041
:10B6C0004389132B4CD928467568F8F78FFA2880E0
:10B6D0004046F8F78BFAC5F804A068803846F8F7BA
:10B6E00089FAA86045F21000F8F780FAA881484668
:10B6F000F8F77CFA00232B746B74AB74EB74E8815D
:10B70000628D636A207A1344E36200283AD1201DD7
:10B71000F9F7D0FBB8B10622A37A0093CDE9012056
:10B720002146E37A221D3046F9F7DAFC0546304619
:10B73000FBF7C8F865B9638B284623F003036383DE
:10B7400004B0BDE8F0873046FBF7BCF86FF00305A6
:10B75000638B284643F00303638304B0BDE8F0879E
:10B760000E4B0F490F4840F2237204F017FAAAE774
:10B77000638B6FF0010543F003032846638304B035
:10B78000BDE8F087FAF79AFFC4E7044B064905487D
:10B7900040F2EA7204F002FA236DFFDE1856060842
:10B7A000AC56060814300608D45B06082DE9F04FA5
:10B7B000054685B0002800F0A5812B7D012B00F007
:10B7C0008181AC4B1B68AB422FD0EC6E34B3287A2E
:10B7D000B5F84860B5F86070002840F09B81281DDE
:10B7E000F9F768FB8046B8F1000F00F0A7812B68DD
:10B7F000BE4228BF3E4613B9D8F804302B602369F7
:10B800005868F8F7F7F923896A6C9B1A0344B34226
:10B810000FD9B5F86030B34200F062816B8B9907A5
:10B8200000F1588123F080036B83002005B0BDE850
:10B83000F08F2B6F002285F8A120002B00F0608193
:10B840001F461B685BB11F461B68002BF8D106E042
:10B850002046FCF7A1FAEC6E002C00F05F81236912
:10B860005868F8F7C7F96B6CC01A23891844B042BE
:10B8700000F2598123699889F8F7B8F9420700F175
:10B88000BD802B6F5BB16B8B13F0440F07D1EA6E59
:10B89000002A00F0DC801168002900F0D3802A7DA6
:10B8A000D4F810A0022A0AD01020BAF80CA0F8F799
:10B8B0009DF940EA0A00D4F810A0AAF80C006268CA
:10B8C000927B012A55D1686AF8F794F9CAF8080002
:10B8D000688DD4F810A0F8F789F96A8D6B6AAAF818
:10B8E0000E001344EB62227BD4F810B0D30700F1B2
:10B8F00098800BF1140AB5F93020002ABCBF002251
:10B900002A866A6B002A00F081806068426841895B
:10B91000C0F804B0ABEB0202891A418101894FF0F3
:10B92000000C8A1A02818BF810C08BF811C0227BA0
:10B9300012F0010F0CBF142218220BEB02039A45E0
:10B9400007D04D494D4B4E4840F21C6204F026F999
:10B950006068CDF80880AB7A009306230193EB7AF8
:10B960002A1D2946F9F7BCFB002840F0E280D4F8F4
:10B9700010A02168002262812A7DE966022A03D094
:10B980006A8B22F003026A83DAF80400F8F732F9CE
:10B990002369B4F808B082469889F8F727F910F0BF
:10B9A00003032A6DDA4418BF01235344D21A002A34
:10B9B000B8BF2B652369B4F808A09889F8F716F981
:10B9C00000F003005AEA000A3FF442AF002323606C
:10B9D0002B6F83B123695868F8F70CF93B698246ED
:10B9E0005868F8F707F9AAEB000ABAF1000F4DDB27
:10B9F0003C6027462FE72C6727462CE71F4B214941
:10BA00001F4840F2365204F0C9F83AE71E4A12685D
:10BA10006A63DBF80400F8F7EDF8D4F810B0A86317
:10BA200073E72A1D41464FF40670FCF7ADFA40F06B
:10BA30000170F8F7DFF80BF1180ACBF81400D4F80E
:10BA400010B058E71089698E8842BFF428AFB5F866
:10BA5000641000293FF423AFB5F8661008293FF6BB
:10BA60001EAF13F0A00F7FF41AAF002A7FF4DAAEF6
:10BA700055E000BF705D01204C5C060818560608B2
:10BA800014300608345C06086C5D01202B6F05F14C
:10BA9000700B1BB912E09B461B687BB11B69586891
:10BAA000F8F7A8F8236982465868F8F7A3F8AAEBD4
:10BAB000000ABAF1000FDBF80030ECDB2360CBF8B2
:10BAC0000040C8E61F4B2049204840F2E34204F002
:10BAD00065F876E6284605B0BDE8F04FFFF7D6BD1D
:10BAE0002B6F002B7FF49AAE95F8A130002B7FF4DA
:10BAF00095AE4FF48072A5F8A02085F8A2308DE6AF
:10BB00001F46ACE60F4B1249104840F2E14204F0E8
:10BB100045F852E6FAF7D2FD804664E66B8B0022C8
:10BB2000A5F868207EE6EA6E6B8B002A7FF47AAE79
:10BB3000F5E76B8B43F080036B8377E66FF00300D0
:10BB400074E600BF185606080C5C06081430060898
:10BB5000F45B060810B5044658B194F84230FF2B48
:10BB60001CBF013384F842302046BDE81040FFF787
:10BB70001DBE044B044905484FF4D36204F00EF88F
:10BB8000EBE700BF18560608605C0608143006088C
:10BB900010B5044618B1FFF717FC98B110BD0F4B54
:10BBA0000F49104840F2AD6203F0F8FF2046FFF75E
:10BBB0000BFC0028F2D1094B0B490A484FF4D36221
:10BBC00003F0ECFF94F84230FF2B1CBF013384F8E4
:10BBD00042302046BDE81040FFF7E8BD1856060881
:10BBE000845C060814300608605C060870B50446DC
:10BBF00086B0002847D02D4803F0D0FF61682C485C
:10BC00000B0EC1F307220093C1F30743C9B203F03F
:10BC1000C5FF0A2003F0D4FF264994F8A330226A16
:10BC20000968254803F0BAFF206D0138F7F7E2FFF5
:10BC3000002102462046FEF75DFC064678B3207AD6
:10BC4000F0B9201DF9F736F928B30622A37A00933C
:10BC5000CDE901202146E37A221D3046F9F740FA6A
:10BC60000546034630460593FAF72CFE216D626ABD
:10BC7000059B1248013903F091FF284606B070BDBC
:10BC8000FAF71CFDE0E70E4B0E490F4840F6240280
:10BC900003F084FFAFE76FF003031D46E2E70B48B4
:10BCA00003F0ECFF4FF0FF35E7E700BFBC5C060890
:10BCB000C04906086C5D0120E85C0608605D060866
:10BCC00018560608A05C0608143006082C5D060805
:10BCD00070B5044686B0002800F088804C4803F018
:10BCE0005DFF61684B480B0EC1F307220093C1F35F
:10BCF0000743C9B203F052FF0A2003F061FF46492F
:10BD0000464894F8A330226A096803F047FFE56EBD
:10BD1000002D4AD094F8A230FF2B1CBF013384F8C9
:10BD2000A2302B699889F7F761FF2B695A68C3071E
:10BD30003ED401212046FEF7DDFB0646002861D0F7
:10BD4000716868682A8903899B1A14319BB20122A1
:10BD5000FBF7ACF82B695868F7F74CFF236D0130FF
:10BD60001B1A002BB8BF2065207A251D00283AD168
:10BD70002846F9F79FF8002840D00622A37A0093BE
:10BD8000CDE901202146E37A2A463046F9F7A8F9A1
:10BD90000546034630460493FAF794FD216D626A26
:10BDA000049B1F48013903F0F9FE284606B070BD18
:10BDB0002B890493191E18BF01212046FEF79AFB18
:10BDC000049B0646F0B14168002BBAD18B890591DE
:10BDD00023F47C5311200493F7F708FF049B059983
:10BDE00018438881B6E7FAF769FCC4E70D4B0E49A2
:10BDF0000E4840F64F0203F0D1FE6FE76FF00303E9
:10BE00001D46C7E70A4803F039FF4FF0FF35CCE77E
:10BE1000B05D0608C04906086C5D0120E85D0608B3
:10BE2000605E0608185606088C5D06081430060881
:10BE3000345E060830B583B004460A2001920D46F0
:10BE4000FAF7DEF9019A98B10E49446000230360C5
:10BE50000B68C0E902521BB907E019461B681BB109
:10BE60005A68A21A002AF8DA0360086003B030BDED
:10BE7000054B06490648BE2203B0BDE8304003F03A
:10BE80008DBE00BFB45D0120945E0608C85E060842
:10BE90001430060800B583B043680190984701F05C
:10BEA000C1FE019A074BD2F800C01B686344191AFF
:10BEB00000290549B4BF6044184603B05DF804EB9F
:10BEC000FFF7B8BFB05D012095BE050810B5FCF7BF
:10BED000F5FB194B1B68FBB101F0A4FE04460A20D8
:10BEE000FAF78EF9F8B1DFF86CC0144B8360DCF818
:10BEF0000030002204F1FA010260C26041601BB907
:10BF000007E09C461B681BB15A688A1A002AF8DAB7
:10BF10000360CCF8000010BD094B1B68002BDBD17F
:10BF2000084A136010BDBDE81040074B0749084898
:10BF3000BE2203F033BE00BF605D0120CDBE050808
:10BF40005C5D0120AC5D0120945E0608C85E0608B9
:10BF500014300608B45D01201B4B1A6802B170470B
:10BF60001A4A126812B310B501221A6001F05AFE83
:10BF700004460A20FAF744F9E8B1DFF868C0144B28
:10BF80008360DCF80030002204F1FA010260C26034
:10BF900041601BB907E09C461B681BB15A688A1AAE
:10BFA000002AF8DA0360CCF8000010BD094A1268D4
:10BFB000002AD8D17047BDE81040074B0749084810
:10BFC000BE2203F0EBBD00BFAC5D0120605D01202F
:10BFD000CDBE05085C5D0120945E0608C85E0608BB
:10BFE00014300608B45D01202DE9F843DFF8AC8079
:10BFF000244F254D08F11006D8F80840B4F1804FC1
:10C0000027D201F00FFE81460A20FAF7F9F800283E
:10C010002ED02B6804EB0901002208F10808C0E9C2
:10C0200002780260416023B15A688A1A002A09DA4C
:10C0300003602860B045DFD1BDE8F8835A688A1AEA
:10C04000002A03DB1C461B68002BF7D1036020602D
:10C05000F0E70E4B0E490F4840F2291203F09EFD07
:10C0600001F0E0FD81460A20FAF7CAF80028D0D195
:10C07000064B09490748BE2203F090FD08F1080865
:10C08000D8E700BF95BE0508B45D0120945E0608A0
:10C09000085F060814300608C85E06080CC10708C9
:10C0A0002DE9F84301F0BEFD0E4CDFF83C80074659
:10C0B0000EE05A68A7EB020CBCF1000F0DDBD3E9D0
:10C0C00002591E682660C8F80020FAF7F7F835B95B
:10C0D00023680A201946002BEBD1BDE8F8834846B7
:10C0E000A847F5E7B45D0120B05D012008B5074B16
:10C0F0001A6842B101F096FD044B1B685B68181A80
:10C1000048BF002008BD4FF0FF3008BDB45D0120DE
:10C1100008B502F0B5FF034B6FEA80406FEA90402C
:10C12000188008BDC20100202DE9F04F074685B0F8
:10C130008A46002800F0ED80BAF1000F00F0F3808D
:10C140007B89072B58D9DFF814827C68D8F8001057
:10C15000D8F81400F9F7C8F803902088F7F746FDDF
:10C1600083466088F7F742FD754B039A1C680546C5
:10C17000002C00F0AB80BAF1000F00F0DB80002A49
:10C1800040D1D8F80410D8F81400914616469646C7
:10C1900004E0E3682646002B70D01C46638AAB425D
:10C1A000F7D194F808C0BCF1000F40F087802368F5
:10C1B0000BB18342EDD1237C5A0703D4B9F1000FB0
:10C1C00008BFA146A38A5B45E3D163681BB1D8F8D9
:10C1D00010209342DDD1A146002E53D0584AE36887
:10C1E000F3601368E36014604CE0564B56495748BF
:10C1F0004FF4B87203F0D2FC384605B0BDE8F04FFA
:10C20000FAF760BB4FF00009D8F804104E46964686
:10C2100004E0E3682646002B30D01C46638AAB421C
:10C22000F7D1207A002842D1637A9806F1D52068A8
:10C2300050B1D8F814305A1C06D080EA030CDAF852
:10C2400008301CEA030FE4D1237C5B0708D4B9F162
:10C25000000F00F0DC80D8F81430013300F0E080EB
:10C26000A38A5B45D5D160680028B4D0D8F81030D7
:10C270009842B0D0E3682646002BCED17246B9F181
:10C28000000F23D008213846FAF798FA0028ACD1DD
:10C29000D9F81840002CAFD0D9F81C002C4BCDF8A1
:10C2A00000B03A464946A04705B0BDE8F08F91F886
:10C2B00034300133DBB29842B6D0AAE791F834307B
:10C2C0000133DBB29C457FF464AF70E7DAF8041009
:10C2D000D8F8143099428FD1082138460392FAF7E2
:10C2E0006DFA039A002880D1002A85D1D8F814303D
:10C2F00003F0F003E02B3FF47FAFB8F80C100831E7
:10C30000384609B2FAF78AFA03213846F8F72AFDC7
:10C3100072E70C4B0F490D48CF2203F03FFCBAF1F6
:10C32000000F7FF40DAF074B0B490848D02203F0F4
:10C3300035FC05E70397D1465646174615E000BF82
:10C34000B85D0120405F0608CC5F0608143006087F
:10C35000A4F80020705F0608885F060894F80020A3
:10C36000E3682646002B4FD01C46638AAB42F7D1C8
:10C370008822324B3249334803F010FC227A3AB11A
:10C38000D8F8043093F834300133DBB29A42E7D165
:10C3900067B3637A9B06E3D5226842B1D8F81430BC
:10C3A000581C04D00021534089680B42D8D1237C0B
:10C3B00059070FD4B9F1000F3DD0D8F8143001332C
:10C3C00008D10023D9F800105B68994202D093424B
:10C3D00008BFA146A38A5B45C2D163681BB1D8F8E8
:10C3E00010209342BCD1039FA146F5E6236883B198
:10C3F000D8F814209342B3D1237C5B07EAD4B9F177
:10C40000000F08BFA146E5E73A46039F37E7A1467C
:10C4100026E7237C5A07DDD4B94508BFA146D9E7F2
:10C42000DAF80430D9F800209A423FF419AF834279
:10C4300008BFA14614E7A146CCE700BF405F06084D
:10C44000A45F060814300608384B70B5002914BFE5
:10C450008E469E4600285BD0354D2C6804B321469D
:10C4600001E0C96811B18842FBD10121D2B1DEF8E7
:10C4700000E0234601E0DB682BB38342FBD0B3F836
:10C4800012C09445F7D1D3F800C0F44505D0BEF1F1
:10C49000000F02D0BCF1000FEDD16FF0070070BDAE
:10C4A000BAB92146234B1B884FF6FF7293421ABF3D
:10C4B00001339AB24FF440424FF48046DCB91D4B31
:10C4C000DEF800E01A80C0F800E0428229B10020C6
:10C4D00070BDDEF8003003604282C4602860002036
:10C4E000F6E7731E9BB21E46E3B14FF6FF739A4206
:10C4F0000BD0013292B2234602E0DB68002BDED083
:10C50000B3F812C09445F8D1EBE74FF44042F2E79C
:10C51000094B0A490A4840F2B73203F03FFB6FF07B
:10C520000F0070BD034B1A80B7E700BFB0BF07080C
:10C53000B85D0120C2010020405F0608E85F0608E0
:10C54000143006082DE9F04385B0002800F09B80E8
:10C550000E46002900F08F809046002A00F083806C
:10C5600099460D9B002B76D00C9B002B69D0437A0B
:10C570009B06044637D5628A002A3DD032894FF6A1
:10C58000F7739A425AD808213046FAF7E7F800289C
:10C590003DD135466B89072B48D9608A6F68F7F71C
:10C5A00025FB38804846F7F721FB00237880BB71D4
:10C5B000FB712889F7F71AFB0C9BB8800293A37ACA
:10C5C00000931120E37A0D99019042462846F8F72E
:10C5D0000DFEB542074602D02846FAF773F93846F1
:10C5E00005B0BDE8F08310680C99F8F77DFE0028CF
:10C5F000C1D06FF00507F2E721462046FFF724FF80
:10C6000007460028BAD0384605B0BDE8F0834FF49D
:10C61000207208212220FAF7BDF9054670B133894E
:10C62000002BB7D03146FAF731FBB3E71A4B1B4961
:10C630001B4840F20D3203F0B1FAAEE74FF0FF377E
:10C64000CDE7154B1749164840F2D52203F0A6FA5C
:10C650006FF00F07C3E7104B134911484FF43572C1
:10C6600003F09CFAF4E70C4B10490D4840F2D3223A
:10C6700003F094FAECE7084B0D49094840F2D22246
:10C6800003F08CFAE4E7044B0A49054840F2D12252
:10C6900003F084FADCE700BF405F0608AC600608E0
:10C6A00014300608886006086460060840600608C2
:10C6B000206006080060060870B584B000283FD0EE
:10C6C000B1B35AB30446007A1E46C8B1CDE902128E
:10C6D000F9F7F4FFDDE90212E8B12368C3B103F012
:10C6E000F00EBEF1E00F13D04568AB4213D1A44663
:10C6F000CDE9000C33462046FFF724FF04B070BD9F
:10C70000104603910292F8F7D5FBDDE90221E3E739
:10C7100000F1040CECE76FF00300EFE70C4B0D4960
:10C720000D4840F21A2203F039FA6FF00F00E5E7E6
:10C73000074B0A49084840F2192203F02FFAF4E7A0
:10C74000034B074904484FF4067203F027FAECE75D
:10C75000405F06081061060814300608F4600608F9
:10C76000DC60060870B584B0002836D059B30446A2
:10C77000007AA38A03911E46221DC0B10292F9F7E6
:10C780009DFFDDE90221D8B12368BBB103F0F00CB5
:10C79000BCF1E00F12D04568AB4211D12346CDE980
:10C7A000000333462046FFF7CDFE04B070BD1046AF
:10C7B0000292F8F77FFBDDE90221E4E7031DEEE7D3
:10C7C0006FF00300F1E7094B09490A484FF4EB7297
:10C7D00003F0E4F96FF00F00E7E7044B0649054862
:10C7E00040F2D51203F0DAF9F4E700BF405F060823
:10C7F00044610608143006082C61060870B558B369
:10C800000D46F9B11646428A0446AAB116492A686D
:10C81000237C62600A68A68243F0040323741346F3
:10C8200012B905E0DB681BB1A342FBD1002070BD4B
:10C83000E2600C600020FAE70146FFF705FE0028E1
:10C84000E4D070BD094B0A490A4840F2364203F071
:10C85000A5F96FF00F0070BD044B0749054840F281
:10C86000354203F09BF9F4E7B85D0120405F06080C
:10C8700078610608143006085C61060810B1C0E94A
:10C8800006127047034B0449044840F28A4203F001
:10C8900085B900BF405F0608946106081430060899
:10C8A000A8B10E4A136883420BD033B11A46DB6835
:10C8B0001BB18342FAD1C368D36001460020F9F767
:10C8C000FDBCC368136001460020F9F7F7BC044BB8
:10C8D0000449054840F2A14203F060B9B85D012067
:10C8E000405F0608AC6106081430060800B5002059
:10C8F00083B0F9F785FC034638B12022002101906E
:10C9000003F0F5FA019BFF22DA72184603B000BD6E
:10C9100080B1026872B169B10B685BB1094B1B68E9
:10C9200043B110B41C68944205D0DB68002BF9D1E8
:10C9300010BC704770470A681A60DB68002BF7D09C
:10C940000268EFE7B85D012030B542890E2A83B056
:10C95000034622D9C27B0C461AB991F83420013221
:10C96000C2735868818902780D46D1070CD5012A17
:10C9700037D021490193062203F090FA019B18B9A0
:10C980005A7B42F008025A73082D0CD0B5F5C16FDE
:10C9900003D194F83120120716D41846F9F792FF04
:10C9A000002003B030BD94F831201107F5D51846AA
:10C9B0000E210193F9F702FF019B0028EDD12146DA
:10C9C0001846F8F7B1FAEBE718460E210193F9F78C
:10C9D000F5FE019B0028E0D121461846F7F72AFE14
:10C9E000DEE74278002ACFD182785E2ACCD15A7B0A
:10C9F00042F010025A73C7E72CC1070870B582B025
:10CA00000546BDF818000C46CDE90032F7F7EEF800
:10CA10000E2106462046F9F7A1FEF0B96168009B99
:10CA20008E81186808609B88019A8B801368C1F812
:10CA3000063093884B8195F83030062B06D0094B91
:10CA400009490A484FF4997203F0A8F8AB692146E6
:10CA5000284602B0BDE8704018476FF0010002B0F0
:10CA600070BD00BFC4610608F861060814300608EE
:10CA700010B50022044608460421F1F74BFDB0FA38
:10CA800080F35B092060584210BD00BF10B504461A
:10CA90000068F1F7E7FD2068BDE81040F1F7ECBD54
:10CAA00010B582B00446019120684FF0FF33002298
:10CAB00001A9F1F76DFD0028F6D102B010BD00BF4D
:10CAC00000B583B0002301911A4601A90068F1F76F
:10CAD0005FFD003818BF0120404203B000BD00BF19
:10CAE00030B583B0CDE900210546F1F777FADDE9ED
:10CAF00000210446286842B113460022F1F77CFD6C
:10CB000038B14FF0FF3003B030BD4FF0FF33F1F7D5
:10CB100073FDF1F763FA001B03B030BD08B50023C5
:10CB20001A460068F1F768FD003818BF012040423E
:10CB300008BD00BF0068003818BF0120704700BF63
:10CB400000230360704700BF10B582B00446002286
:10CB50004FF6FF700191F1F70BFC206038B101999D
:10CB600011B1002002B010BDF1F764FCF9E74FF0FD
:10CB7000FF30F7E730B583B004460191F1F72EFAA4
:10CB80000199054659B920684FF0FF31F1F752FC81
:10CB90000028F8D1F1F722FA401B03B030BD20681D
:10CBA000F1F748FC0028F5D04FF0FF3003B030BD5E
:10CBB0000068F1F771BC00BF0068F1F797BC00BFD7
:10CBC0000068003818BF0120704700BF00230360D1
:10CBD000704700BF08B50020F1F720FB014B18603B
:10CBE00008BD00BFBC5D012010B504460020F1F770
:10CBF00015FBB0FA80F35B092060584210BD00BFFE
:10CC000000684FF0FF31F1F76DBB00BF0068F1F72E
:10CC10008DBB00BF70B58CB006460D461446002192
:10CC2000202204A8019303F062F9019B0893214696
:10CC3000109B0396284603AA0993F1F7D7F90CB085
:10CC400070BD00BF08B5044B4FF0FF311868F1F715
:10CC500049FB012008BD00BFBC5D0120014B1868E5
:10CC6000F1F764BBBC5D01202DE9F04F804E3478B4
:10CC7000532C83B082468B46904635D078220021D3
:10CC800006F1300003F033F9032232617949726111
:10CC90007948B16100224FF48064F06134627748D2
:10CCA000B2627262F262316610217066B1663267FA
:10CCB000F2667267BFF35F8F4524472553273770AD
:10CCC000522074705421B570F57034712024707145
:10CCD000B471F07131727172B272F2723273727336
:10CCE000B273F273BFF35F8FEFF311834FF0200144
:10CCF00081F311880AEB4A0706EBC7070193D7F8BF
:10CD00002C90B9F1010F49D0B9F1020F13D0B9F14C
:10CD1000000F74D1BA6A7C6AA2429CBF386A1218AA
:10CD2000013A121B904575D9019B83F3118848463F
:10CD300003B0BDE8F08F0AF1010A7D6A0AEB4A0AE6
:10CD40004FF00009BA6A3C6AAA4202F1FF319CBF67
:10CD5000121902F1FF32A4EB05048CBF4A1B521BCF
:10CD600006EBCA01444528BF44469442486828BFA0
:10CD7000144622465946284403F013F93A6A2544DA
:10CD8000A144A344A8EB0408954208BF0025BFF3C3
:10CD90005F8F7D62B8F1000FD4D1C5E7BA6AD7E9D9
:10CDA0000874A24298BF02EB07090AF1010594BF7B
:10CDB00009F1FF3902F1FF3905EB4505A9EB04093B
:10CDC00006EBC505C14528BFC1466868A7EB040846
:10CDD000C145204416D3E41B424659464C4403F057
:10CDE000E0F868680BEB0801224603F0DAF8BFF3BD
:10CDF0005F8F0AEB4A0A06EBCA035C6294E74FF0C6
:10CE0000000991E759464A4603F0CBF8BFF35F8F1C
:10CE10004C44EEE70AEB4A0206EBC202156A0AF13D
:10CE2000010202EB420206EBC207A5EB0409786897
:10CE3000C8452044444413D34A465946641B03F072
:10CE4000B0F878680BEB0901224603F0AAF8BFF3AB
:10CE50005F8F0AEB4A0A06EBCA03C1465C6263E7CE
:10CE60005946424603F09DF8BFF35F8FF1E700BFDC
:10CE7000D46101202C620608D45D0120C45D01202C
:10CE800010B57822274C2748002103F030F8032002
:10CE900044F8200C244944F81C0C244844F8181C7D
:10CEA000002244F8140C4FF4806044F8100C44F84D
:10CEB000082C1F4844F80C2C44F8042C2163102142
:10CEC0006063A1632264E2636264BFF35F8F452104
:10CED0004FF0470C532004F8300C04F82F1C52205C
:10CEE00004F82ECC04F82DCC04F82C1C4FF0200CA8
:10CEF000542104F82B0C04F82ACC04F8290C04F86B
:10CF0000281C04F8271C04F8262C04F8252C04F807
:10CF1000242C04F8232C04F8222C04F8212CBFF331
:10CF20005F8F10BD046201202C620608D45D0120D1
:10CF3000C45D012000B583B0114600201A4601935C
:10CF4000FFF792FE019803B000BD00BF2DE9F84F36
:10CF50000F469742DDF828900B99154606469A46EB
:10CF6000C0F0B2803A464FF00108B2FBF5F29542AC
:10CF700008F10108F9D9D04538BFD04611F00103B6
:10CF80009B4602D1B9F1000F6DD1F168002968DB31
:10CF9000BAF1010F4FF0010406D90AF1FF3ABAF1D4
:10CFA000010F05FB04F4F8D8B7FBF4F39D4205D854
:10CFB00005FB04F4B7FBF4F39D42F9D9B268DFF83E
:10CFC00014A10AE00029B7FBF4F304FB137720DB7C
:10CFD000B4FBF5F3AC421CD31C467368501C98425A
:10CFE0000BD8B7FBF4F133681AF801109954F168C3
:10CFF0007368B0600131F16002469A42E2D1316853
:10D000003069FFF731FEB368984253D04FF0FF33D9
:10D01000F360BBF1000F24D0B9F1000F21D0202420
:10D0200004E0F368002B09F1FF391ADBC14518D978
:10D03000D6E90132511C994207D833689C54F368F1
:10D04000B1600133F36073680A469A42E9D13168EE
:10D050003069FFF709FEB368984238D04FF0FF33CC
:10D06000F360BDE8F88F8B0728D4202407E0F1682F
:10D07000002909F1FF39F4DBB9F1000F88D0C84568
:10D0800083D2D6E90112501C884207D831688C54EB
:10D09000F168B0600131F160716802468A42E6D100
:10D0A00031683069FFF7E0FDB2689042D6D10022C6
:10D0B000B260DCE70022F168B26083E7BAF1000FEA
:10D0C0000CBF30242024DAE74FF0010853E7002397
:10D0D000B360A6E734C107082DE9F04F9FB0CDE952
:10D0E00002004FF000080C46924640270DF1380927
:10D0F00046462378002B00F0C480252B04F1010460
:10D1000017D0721C974204D309F8063008F10108C1
:10D110001646B742EDD102983A464946FFF7A4FDBC
:10D12000874200F0A9804FF0FF3840461FB0BDE8AD
:10D13000F08F4FF0000B2278A2F1230321460D2B34
:10D1400008D8DFE803F07807070707070707750720
:10D150007B070771A2F13003092B4FF000050BD8B4
:10D1600005EB850502EB450511F8012FA2F130030F
:10D17000092BA5F13005F3D92E2A00F08F8000236A
:10D1800018464C1C02F0FB0168295AD0252A60D0B1
:10D19000583AD1B22029ACD8202AAAD801A151F8F6
:10D1A00022F000BFE5D20508F3D00508F3D005084A
:10D1B000F3D00508F3D00508F3D00508F3D005082F
:10D1C000F3D00508F3D00508F3D00508F3D005081F
:10D1D0001FD30508EDD30508F3D00508F3D00508E3
:10D1E000F3D00508F3D00508F3D00508F3D00508FF
:10D1F000F3D00508F3D00508F3D00508F3D00508EF
:10D20000F3D0050853D30508F3D00508F3D005087B
:10D21000ABD40508F3D0050897D40508F3D005086A
:10D22000F3D00508E5D205084BF0020B013482E784
:10D230004BF0040BFAE74BF0080BF7E74BF0010B50
:10D24000F4E714F8012B02F0FB016829F9D0252A34
:10D250009ED1731C9F4204D309F8062008F10108EF
:10D260001E46B7427FF445AF02983A464946FFF75B
:10D27000FBFCB8427FF457AF23780026002B7FF4E5
:10D280003CAF3246B8F1000F3FF44FAF002E40F0F4
:10D290003A81904440461FB0BDE8F08F4A782A2A70
:10D2A00009D1DAF8003002311A1DCAF800200A78D4
:10D2B0001B68012065E7A2F13003092B01F1010190
:10D2C0004FF0000300F2E18103EB830302EB430222
:10D2D000A2F1300311F8012FA2F130000928F3D98F
:10D2E00001204EE7CDE90897CDE90A68029ADAF8FD
:10D2F00000000C92102201680430CDE9005BCAF8EE
:10D30000000008A8FFF722FEDDE90A680C9B0293E3
:10D31000B8F1000FDDE90897BFF6EBAE05E7DAF8E4
:10D320000020731C111DBB42CAF8001005D81268FA
:10D3300009F8062008F101081E46BE427FF4D9AE66
:10D34000029832464946FFF78FFC86427FF4EBAEE7
:10D3500092E7DAF80020136804320F2BCAF8002095
:10D3600003D91A4612090F2AFCD84FF0010B0822E4
:10D37000013A012A59464FEA0B1BF9D1B3FBFBF2E4
:10D380000F2A0BD94FEA012BB3FBFBF20F2A05D969
:10D390004FEA0B1BB3FBFBF20F2AF9D804941C468F
:10D3A0004346AF4DC846994609E0BBF10F0FB4FBA9
:10D3B000FBF30BFB134440F20A814FEA1B1B731C67
:10D3C0009F4207D3B4FBFBF2AA5C08F8062009F1E0
:10D3D00001091E46B742E8D102983A464146FFF796
:10D3E00043FC87427FF49FAE0026DEE7DAF8002098
:10D3F000116805910432CAF8002081EAE172A2EBBB
:10D40000E172092A40F34381DFF85CC20120114632
:10D410006329ACFB02E200F101004FEAD202F6DC24
:10D42000984238BF18460BF0020106900491002D77
:10D4300075D0059A002AC0F2CF801BF0040200F0DC
:10D44000F080013D002940F011811BF0010F40F0F8
:10D450001081002D68D0324607934E46A146069CA7
:10D4600001E0013D57D0AC4202F1010053D28742A6
:10D4700005D34FF02003B35408F101080246974248
:10D48000EFD102983A463146FFF7EEFB87427FF430
:10D490004AAE0022E5E7029A0C92CDE90897CDE961
:10D4A0000A68DAF800000A2225E7DAF80020111DE0
:10D4B000CAF800101568002D64D005EB030B002896
:10D4C00061D02B78701C002B3FF413AE5D453FF408
:10D4D00010AE874204D309F8063008F10108064669
:10D4E000B74205D06B780135701C002BEED100E6F9
:10D4F00002983A464946FFF7B7FB87427FF413AEDE
:10D5000001350026DDE7039802960EA9FFF7ACFB74
:10D51000029A9044BEE6079B4C46B1461646059AD1
:10D52000002A63DB0BF00402002A40F0A280049A78
:10D53000002A7DD00BF001021A4379D1002D77D05B
:10D540004946A1461C4602E0013D00F0D080069B02
:10D55000AB4206F1010280F0CA80974205D34FF03A
:10D5600030038B5508F101081646B742ECD10298FA
:10D5700004913A46FFF778FBB84204997FF4D3ADA3
:10D580000026E1E7374DDDF808B0013D15F8013F11
:10D59000002B3FF4AEAD721CBA4204D809F8063035
:10D5A00008F101081646B742F0D1324649465846BE
:10D5B000FFF75AFBB0427FF4B6AD15F8013F0026E5
:10D5C000002B3FF459AE0122002FE7D1EDE74B4687
:10D5D000049CC14698468CE5013D002933D0002BC0
:10D5E00068D002221BF0010F049256D0059A711CDC
:10D5F00052428F4205924CD332460E462D21B742FD
:10D6000009F8021008F1010891D1029807933246F7
:10D610004946FFF729FBB042079B7FF484AD002603
:10D6200085E700293DD11BF0010204923FF413AFBE
:10D63000029A0C92CDE9005BCDE90897CDE90A6822
:10D6400005990A225DE61BF0010F26D0059A711C90
:10D650005242B9420592CFD9BE42E9D1D5E700BFC7
:10D6600034C1070838620608CDCCCCCC6BBB022293
:10D670000492721C97420CD34FF02B0109F806104C
:10D6800008F101083BD0164651E7184679E501201C
:10D69000C6E6B7427FF44BAFB7E7002D7FF4DBAEB1
:10D6A000A4E7002B3FF446AF1BF0010F16D1022276
:10D6B0000492D0E6059A711C52428F42059210D313
:10D6C00032460E460221049198E71BF0010F05D166
:10D6D00002220492002D7FF4BEAE20E702220492C3
:10D6E0001DE7BE427FF426AF022204928DE7B8F117
:10D6F000000F23464C468946FFF617AD98E73E4695
:10D7000083E700BF0EB400B582B003AB01AA53F8A3
:10D71000041B0193FFF7E0FC02B05DF804EB03B0DB
:10D72000704700BFE8F7B4BE00487047C83A002011
:10D73000D0B1C9B170B5164604460D46EBF75CFA98
:10D7400031462046EBF7F6FA064620463EB9EBF79F
:10D7500053FB28602046EBF7D1FA304670BDEBF75B
:10D76000CDFA4FF0FF3070BD4FF0FF30704700BF73
:10D770000148EBF74BBB00BFC83A0020E8F708BFF1
:10D7800000487047103B002041EA0200D31C80078C
:10D790004FEA930318D030B5402BC3B028BF4023C5
:10D7A0000D46144600219A0002A8019302F09FFB47
:10D7B0002246294602A802F0F4FB019A044802A975
:10D7C000EBF71CFD43B030BD01481A46EBF716BD20
:10D7D000103B0020E8F704BF0148EBF7A5BE00BFEF
:10D7E000443B00200148EBF79FBE00BFA43B002054
:10D7F0000749084BD1F8FC20002042F08072C1F8A4
:10D80000FC2058601A6842F001021A60704700BF9D
:10D8100000ED00E0001000E0014B5868704700BFC9
:10D82000001000E0EBF712B92DE9F041134CDFF8DE
:10D83000548082B00646002720684FF0FF31F0F791
:10D84000F9FD0028F8D198F800300197002BF3D1AA
:10D8500001A90B48ECF78EFB019D31462846002DAF
:10D86000EAD0336998470028EDD02846F9F72AF81E
:10D8700098F800300197002BDED1E9E77C630120A6
:10D88000C8620120C064012030B58DB00C46302242
:10D890000021684602F02BFB4CB3D4E900316289C9
:10D8A000CDE90012EBB1D3E900205989049103AB13
:10D8B00003900293A2B1D2E900305189079106AAE0
:10D8C00006900592002B34D0D3E9002059890A91A3
:10D8D00009AB0990089372B36FF00B000DB030BD27
:10D8E000012303EB43030DEB830300229A60134DE6
:10D8F00023896B602046C5F808D06C63F9F762F99C
:10D900000F482946ECF7FEFA0028E7D00C48ECF760
:10D910002FFE83074FF4FA6107D50A4B1868F0F71A
:10D9200089FD0748ECF7F8FBEAE72046F8F7CAFF5D
:10D93000D2E70223D5E70323D3E700BF8C6201209F
:10D94000C86201207863012008B501460748F8F74E
:10D950008BFC074B1A78012A00D008BD054900222C
:10D960001A70BDE808400868F0F796BD7CC107084A
:10D97000C06401207C630120014B1868F0F78CBD66
:10D980007C630120014B1868F0F786BD78630120A5
:10D9900008B5ECF7F1FD030600D408BD024B18688A
:10D9A000BDE80840F0F778BD7C630120014B1860AA
:10D9B000704700BF8462012010B51C4C217882B0F2
:10D9C000002931D10191EBF753F80090EBF756F8AD
:10D9D000174B1849009A1A71000E587116480860C2
:10D9E0001648C8601648086102201870100E58705A
:10D9F000100C120A4B609870DA7008464FF4C0633E
:10DA00004FF400024B618A60EBF76CFF01990D48FF
:10DA1000342202F06CFA0B4821214FF4400201231A
:10DA200040F8041C0261237002B010BD886201201E
:10DA30007C620120C86201200080024080630120D6
:10DA4000206401209062012070B50446A4B0002833
:10DA500000F0B7805F4A604B604E47F27341C4E903
:10DA600005236186642200210BA802F040FA317878
:10DA7000002973D05A4D5B48F8F74CFB6B680622BF
:10DA800084F830201A7884F82A205A7884F82B20D9
:10DA90009A7884F82C20DA7884F82D201A7984F882
:10DAA0002E2094F83120587984F82F0042F00A0390
:10DAB00040F2DC510022218584F8313011460120EA
:10DAC000F0F756FC484B0022186011460120F0F791
:10DAD0004FFC464B20221860002103A802F007FAF1
:10DAE000434902914FF4806307934248302302AACE
:10DAF00021460893F0F77AFA3F4B1B68984720B30A
:10DB00000138C0B202281BD83C4A3D4B52F8206075
:10DB100053F8205032480BA9ECF7FCFB0BA9304816
:10DB2000CDE91056ECF764FC2D48ECF727F82046B9
:10DB3000F8F708FD2046F8F76FFD002024B070BD0F
:10DB40004FF480454FF40066E4E72046F8F798FD6F
:10DB50002046F8F735FD002024B070BD0191EAF7AA
:10DB600087FF0090EAF78AFF264B1D4D009A1A7135
:10DB7000000E5871244828602448E8602448286131
:10DB800002201870100E5870100C120A9870DA707B
:10DB90006B604FF40003AB6028464FF4C0636B61C9
:10DBA000EBF7A0FE342201991A4802F0A0F9194AB5
:10DBB000212342F8043C4FF44003136101233370E6
:10DBC00059E7154B1549164840F26F1201F0E6FF70
:10DBD00040E700BFDD48050889D8050888620120B4
:10DBE000C86201207CC107087C63012078630120A2
:10DBF0007C62060829D805088462012070C10708E4
:10DC000064C107087C62012000800240806301201B
:10DC1000206401209062012064620608243906080D
:10DC200014300608EAF70CBF30B501683C4B8DB0E4
:10DC300000229942CDE90622CDE908220A9201D0BC
:10DC40000DB030BDA3F590430092196B41F0007107
:10DC50001963196B01F00071009100990192196B21
:10DC600041F080611963196B01F0806101910199A4
:10DC70000292196B41F000611963196B01F00061A8
:10DC8000029102990392196B41F004011963196B17
:10DC900001F00401039103990492196B41F0010111
:10DCA0001963196B01F00101049104990592196B34
:10DCB00041F0400119631B6B03F0400305933220D0
:10DCC0000221CDE9060103240B250598154806A974
:10DCD000CDE90945ECF72CFE02238621CDE9061398
:10DCE000002206A910480A95CDE90824ECF720FE89
:10DCF0000223079306A94FF4D04300220B48069352
:10DD0000CDE908240A95ECF713FE002205213D20F9
:10DD1000EBF70AFA3D20EBF739FA0DB030BD00BF42
:10DD2000008002400008024000000240001802404B
:10DD300008B50248ECF7EEFB002008BDC8620120E0
:10DD400000207047844608B5054813460A466146D8
:10DD5000ECF796FA003818BF0120404208BD00BF1A
:10DD6000C8620120844608B5054813460A46614644
:10DD7000ECF7ACFA003818BF0120404208BD00BFE4
:10DD8000C8620120EAF75CBE2DE9F0479AB0002690
:10DD9000044664220021684602F0A9F81F4DDFF80E
:10DDA00084A0DFF88490B046374603E058B9642079
:10DDB000F0F796F92B68984794F831305A07F5D563
:10DDC000F0B15B07F3D40138C0B2032822D85AF867
:10DDD000206059F8208012486946ECF79BFA6946A2
:10DDE0000F48CDE90568ECF703FB0D48EBF7C6FEDD
:10DDF0002046F8F7A7FB2046F8F70EFC0127D6E7E8
:10DE00000748ECF70BF82046F8F7DAFB2046F8F75E
:10DE100037FCCCE7002FCAD0DDE700BF84620120C9
:10DE2000C862012054C1070844C1070810B5044660
:10DE300082B00D48F8F7B4F980B100F120030B4926
:10DE400023604FF4C06201610021CDE90032034636
:10DE500041220846F8F760FC02B010BD044B206078
:10DE600001221A7002B010BD7CC1070849D905080B
:10DE7000C06401204FF0000C00B542F820CC8E4663
:10DE800022F8163CA2F1200122F818CC02686AB1EF
:10DE9000DEF800201160CEF8001002682AB1118966
:10DEA000194411811268002AF9D100BD0160F2E71E
:10DEB000F8F708BD0148ECF765B900BFC86201205A
:10DEC000184B00221A805A609A811A611A83DA610B
:10DED0009A849A621A865A639A871A64A3F8482029
:10DEE000DA64A3F854209A65A3F860205A66A3F870
:10DEF0006C201A67A3F87820DA67A3F88420C3F8A7
:10DF00008820A3F89020C3F89420A3F89C20C3F89D
:10DF1000A020A3F8A820C3F8AC20A3F8B420C3F82D
:10DF2000B820704750AE01202F4B00B58646586888
:10DF300028B3186968B3D86988B3986A90B3586BE6
:10DF400098B3186CA0B3D86CA8B3986DB0B3586EE2
:10DF5000B8B3186FC0B3D86FC8B3D3F88800C8B3CC
:10DF6000D3F89400C0B1D3F8A000B0B3D3F8AC009C
:10DF7000B0B3D3F8B8004FF00F0C08B100BD844621
:10DF80000CEB4C0C23F82CE003EB8C03C3E90112DF
:10DF900000BD4FF0010CF3E74FF00C0CF0E74FF031
:10DFA000020CEDE74FF0030CEAE74FF0040CE7E753
:10DFB0004FF0050CE4E74FF0060CE1E74FF0070CDB
:10DFC000DEE74FF0080CDBE74FF0090CD8E74FF025
:10DFD0000A0CD5E74FF00B0CD2E74FF00D0CCFE752
:10DFE0004FF00E0CCCE700BF50AE01204FF4807014
:10DFF000ECF786BF08B54FF48060ECF781FF4FF473
:10E000000060ECF77DFFBDE808404FF48050ECF76E
:10E0100077BF00BF70B5564C636805461BB12288B8
:10E02000824200F0A18023691BB1A289AA4200F0BC
:10E030009780E3691BB1228BAA4200F08D80A36A0E
:10E040001BB1A28CAA4200F08380636B13B1228EB5
:10E05000AA4279D0236C13B1A28FAA4270D0E36C8C
:10E060001BB1B4F84820AA4266D0A36D1BB1B4F826
:10E070005420AA425CD0636E1BB1B4F86020AA425F
:10E0800052D0236F1BB1B4F86C20AA4248D0E36F82
:10E090001BB1B4F87820AA423DD0D4F888301BB127
:10E0A000B4F88420AA4231D0D4F894301BB1B4F82B
:10E0B0009020AA4225D0D4F8A0301BB1B4F89C20FF
:10E0C000AA4219D0D4F8AC301BB1B4F8A820AA42A7
:10E0D0000DD0D4F8B8301BB1B4F8B420AA4200D0A7
:10E0E00070BDD4F8BC102846BDE870401847D4F87D
:10E0F000B01028469847ECE7D4F8A4102846984773
:10E10000E0E7D4F8981028469847D4E7D4F88C1064
:10E1100028469847C8E7D4F8801028469847BCE7B7
:10E12000616F28469847B2E7A16E28469847A8E74E
:10E13000E16D284698479EE7216D2846984794E769
:10E14000616C284698478AE7A16B2846984781E783
:10E15000E16A2846984778E7216A284698476EE79B
:10E1600061692846984764E7A16898475BE700BF64
:10E1700050AE0120ECF7DEBAECF7F0BA014BF32217
:10E18000DA607047003C024000B50B4B87B053F893
:10E1900021300593024601210023CDE9032101A886
:10E1A0006946CDE901330093ECF748FB003818BF0E
:10E1B0000120404207B000BD8CC1070808B50A46DF
:10E1C000002301460220ECF717FA003818BF01209F
:10E1D000404208BDE8F74ABA07280BD8DFF818C054
:10E1E00001235CF820008B4012B19BB28361704721
:10E1F0001B048361704700BF9CC1070807280AD829
:10E20000064A52F82020012312698B40134214BFA2
:10E210000120002070470020704700BF9CC1070804
:10E22000084B00220121C3F88012C3F88C22C3F8E6
:10E230008422C3F89C22C3F89822C3F89422C3F81E
:10E240009022704700804142E8F734BB0048704795
:10E25000183B0020ECF78CBE024B034A03490448EC
:10E26000F8F762B810AF012014AF012018AF0120F9
:10E2700058AF012038B590F83130DA070BD55B077D
:10E2800009D5054C04F1200554F8043F012003B1E1
:10E290009847AC42F8D138BD8CAF0120104B1A68BA
:10E2A0007AB15A6862B19A6872B1DA6872B11A6961
:10E2B00072B15A6972B19A6972B1DA6972B1704712
:10E2C000012243F8220070470222FAE70322F8E70E
:10E2D0000422F6E70522F4E70622F2E70722F0E738
:10E2E00090AF012070B5204E0368204D204C84B0C3
:10E2F00033600B682B600021136823600846F5F734
:10E300002FFC1C4A2B6813601B4B20681B491860AC
:10E3100036681B480E60002402901A480190009451
:10E320001948F8F775F81848F8F706F91648F8F795
:10E3300009F916491448F8F7BDF921462022144876
:10E3400001F0D5FD1248134A40F8042C0E49124A38
:10E3500012484FF480631024C2E9053404B0BDE8CC
:10E360007040EFF743BE00BF48AF012044AF01202B
:10E3700040AF012050AF01204CAF012054AF01202D
:10E38000DD39050849DA050858AF012075E20508AE
:10E3900020AF0120DC6206081CAF012089DD0508E2
:10E3A0000D4BD0F800C0C3F800C00C4BD1F800C032
:10E3B000C3F800C00A4BD2F800C0C3F800C0094B34
:10E3C00000681860084809680160084B126808482E
:10E3D0001A600021F5F75ABB18AF012014AF0120D5
:10E3E00010AF012048AF012044AF012040AF012011
:10E3F00059E20508E8F78EBA00487047243B002030
:10E4000008B5EDF72DFB012008BD00BFFEF738BDB4
:10E41000E8F7E0BA024A034B13601046704700BFAA
:10E42000B0AF0120083C002078B1006868B100B5A9
:10E4300083B04FF0640CCDF800C0EDF7B9FD0038A3
:10E4400018BF0120404203B000BD4FF0FF307047BD
:10E4500008B1C0E901127047A0B1D0F800C0BCF10A
:10E46000000F0FD010B5044664236046EDF7ACFCF6
:10E4700023681A6893681B06FCD4003818BF012073
:10E48000404210BD4FF0FF30704700BF50B10068F0
:10E4900040B108B56423EDF7E3FE003818BF012052
:10E4A000404208BD4FF0FF30704700BF48B10068E0
:10E4B00038B108B5EEF77CF8003818BF01204042AB
:10E4C00008BD4FF0FF307047044B984200D07047B2
:10E4D000034A5368002BFAD090681847083C002084
:10E4E000B0AF0120044B984200D07047034A5368F4
:10E4F000002BFAD090681847083C0020B0AF0120EC
:10E500000148EEF795B900BF083C0020000000006C
:10E5100000B5002395B0CDE90A33CDE90333CDE949
:10E520000533274901930C930793086C254A40F063
:10E5300080500864096C01F08051019101990293A7
:10E54000136843F48043136013689FED1B7B03F44F
:10E5500080430221029301204FF480030422CDE97D
:10E560000D010F9308A8A8238DED087BCDE910239A
:10E57000CDE91212DDF808C0ECF700FD98B90F21C3
:10E580000223CDE903134FF0000C4FF4A0524FF4D7
:10E59000805303A80521CDE905C20793ECF70CFFD2
:10E5A00020B915B000BDE8F7B3F9E8E7E8F7B0F92E
:10E5B00015B000BDAFF300800900000000000100AD
:10E5C0000038024000700040BFF34F8F0549064BF2
:10E5D000CA6802F4E0621343CB60BFF34F8F00BF01
:10E5E000FDE700BF00ED00E00400FA0508B5E8F71C
:10E5F000B5FBE8F7EDFBE8F725FC054BDFF820C09D
:10E6000004480549054AC3E900C0C3E9021208BD30
:10E61000D0AF0120243D0020DC3C0020603C0020E5
:10E620006C3D002003289CBF014B43F8201070472D
:10E63000BCAF012003289ABF024B53F820000020F2
:10E64000704700BFD0AF012008B1EEF78BBA70471A
:10E6500003060CD44309064900F01F0020330122B1
:10E66000824041F82320BFF34F8FBFF36F8F704775
:10E6700000E100E0030607D4044A4109012300F049
:10E680001F00834042F82130704700BF00E100E0E6
:10E6900018B1054B02689A4200D07047034A93684C
:10E6A00043F002039360704700040040002004E040
:10E6B000154B02689A4225D0144B1A68904209D033
:10E6C0005A6890420BD09A6890420FD0DB68834220
:10E6D00013D070470E4A1268002AF1D010470C4A36
:10E6E0005268002AFAD19A689042EFD1084A92689B
:10E6F000002AF3D1DB688342EBD1054BDA68002AAC
:10E70000ECD17047EAF790B900140040D0AF012077
:10E71000BCAF01200148EEF71DBB00BF6C3D0020DF
:10E720000148EEF717BB00BF243D00200148EEF77B
:10E7300011BB00BFDC3C00200148EEF70BBB00BF63
:10E74000603C002008B5E8F70FFCE8F729FCE8F783
:10E7500043FC044B04480549054A186059629A6411
:10E7600008BD00BFE0AF0120683F0020203F00202F
:10E77000D83E00201E4B1A68904206D05A6A90423A
:10E7800032D09A6C904231D07047002202EBC20224
:10E7900003EB820393F82020002AF5D0DA8A002ABE
:10E7A000F2D030B599690A4483B09A619C69DA69FC
:10E7B000944217D05D68ADB1D8699A8AD969B0FB27
:10E7C000F2FC02FB1C00611A121A89B292B2914249
:10E7D00028BF114631B11A69019310449A68A847BD
:10E7E000019BDC6103B030BD0122CFE70222CDE7FF
:10E7F000E0AF01201E4B1A68904206D05A6A904240
:10E8000032D09A6C904231D07047002202EBC202A3
:10E8100003EB820393F82020002AF5D0DA8A002A3D
:10E82000F2D030B599690A4483B09A619C69DA697B
:10E83000944217D05D68ADB1D8699A8AD969B0FBA6
:10E84000F2FC02FB1C00611A121A89B292B29142C8
:10E8500028BF114631B11A69019310449A68A8473C
:10E86000019BDC6103B030BD0122CFE70222CDE77E
:10E87000E0AF01201A4A1368984206D0536A9842C2
:10E880002AD0936C984229D07047002110B501EB33
:10E89000C10102EB810182B091F820200C46CAB17F
:10E8A0000A69BAB1CA8AAAB1D86B01934FF48072CF
:10E8B000C261EAF7BBFC68B9A061A28AE061216984
:10E8C0000198EFF761F828B9019B1A68D36843F003
:10E8D0001003D36002B010BD0121D7E70221D5E7B4
:10E8E000E0AF012002289DBF034B00EBC00003EB0B
:10E8F00080000020704700BFE0AF0120F0B170B58C
:10E900001546026882B0B2B1C668044636B101202D
:10E91000CDE90013B047DDE9001322681046AAB222
:10E92000EEF7AAFBE36806460BB10020984716B93C
:10E93000284602B070BD4FF0FF30FAE74FF0FF30CD
:10E94000704700BF08B1C0E90112704700B1C16053
:10E95000704700BF28B338B505680446F5B1E9B182
:10E96000012A1BD9E86BA2825308E38201224FF4EB
:10E970008073216184F82020C361EAF757FC68B9ED
:10E98000A061A28AE06121692846EEF7FDFF28B95F
:10E990002A68D36843F01003D36038BD4FF0FF30CE
:10E9A00038BD4FF0FF307047002832D070B5056891
:10E9B00004465DB351B3EB6B0E4613B12846EEF738
:10E9C000F1FB2846EEF73AFB6E602846EEF7A4FA14
:10E9D000E0B923690BB1A38A0BB9002070BD25688B
:10E9E000E86B4FF48073C361EAF720FC70B9A06153
:10E9F000A28AE06121692846EEF7C6FF30B92A688D
:10EA0000D36843F01003D3600020E7E74FF0FF30F6
:10EA100070BD4FF0FF30704730B5224883B0EEF73D
:10EA200063FD214B19680A681068C00609D50020EB
:10EA300001901068019052680192019A93F8202089
:10EA40000AB903B030BDCA6B9C691268B3F814C030
:10EA50005268D98AD869ACEB020292B2B2FBF1FEDD
:10EA600001FB1E2214FA82F48442EAD05D68002D74
:10EA7000E7D0D869D969B0FBFCF20CFB1200611A2F
:10EA8000ACEB000C89B21FFA8CFC614528BF6146D3
:10EA90000029D6D01A6910449A68A847024BDC6155
:10EAA00003B030BD683F0020E0AF012030B5224800
:10EAB00083B0EEF719FD214B596A0A681068C00649
:10EAC00009D5002001901068019052680192019AC6
:10EAD00093F844200AB903B030BDCA6BDC6B1268EE
:10EAE000B3F838C05268598F186CACEB020292B27E
:10EAF000B2FBF1FE01FB1E2214FA82F48442EAD03A
:10EB00009D6A002DE7D0186C196CB0FBFCF20CFB71
:10EB10001200611AACEB000C89B21FFA8CFC614543
:10EB200028BF61460029D6D05A6B1044DA6AA8473C
:10EB3000024B1C6403B030BD203F0020E0AF012039
:10EB400030B5234883B0EEF7CFFC224B996C0A68AE
:10EB50001068C00609D50020019010680190526825
:10EB60000192019A93F868200AB903B030BDCA6BCC
:10EB70001C6E1268B3F85CC05268B3F85E10586E31
:10EB8000ACEB020292B2B2FBF1FE01FB1E2214FAC0
:10EB900082F48442E9D0DD6C002DE6D0586E596EC7
:10EBA000B0FBFCF20CFB1200611AACEB000C89B25A
:10EBB0001FFA8CFC614528BF61460029D5D09A6DAB
:10EBC00010441A6DA847034B5C6603B030BD00BF0C
:10EBD000D83E0020E0AF01200148EAF7A5BC00BF05
:10EBE000143E00200148EAF79FBC00BFB43D00205E
:10EBF0000148EAF799BC00BF743E00202DE9F047B8
:10EC000082B00646DDF828E00846B4460D46002BE3
:10EC10004ED18A4214466DD9B2FA82F242B1C2F1A3
:10EC20002003954026FA03F394401D4306FA02FCA4
:10EC3000260CA7B2B5FBF6F14FEA1C4306FB1155B3
:10EC400043EA054301FB07F0984209D9E31801F1B3
:10EC5000FF3580F00381984240F20081023923445D
:10EC60001B1A1FFA8CFCB3FBF6F006FB10334CEAC0
:10EC7000034C00FB07F363450AD914EB0C0C00F1BD
:10EC8000FF3580F0ED80634540F2EA80A44402380D
:10EC900040EA0140ACEB030C0021BEF1000F04D0B0
:10ECA0002CFA02F30022CEE9003202B0BDE8F08770
:10ECB0008B4209D9BEF1000F01D0CEE900610021DD
:10ECC000084602B0BDE8F087B3FA83F11746002981
:10ECD0004DD1834202D3B24200F20F81B6EB070C52
:10ECE00060EB030301201D46BEF1000FDDD0CEE92D
:10ECF00000C5DAE7002A00F098801A46B4FA84F3D7
:10ED0000002B40F0AF800B1B270CA6B20121B3FBF8
:10ED1000F7F54FEA1C4007FB153340EA034306FBB7
:10ED200005F8984507D9E31805F1FF3002D2984558
:10ED300000F2E8800546A3EB08031FFA8CFCB3FB46
:10ED4000F7F007FB10334CEA034C06FB00F3634576
:10ED500008D914EB0C0C00F1FF3602D2634500F227
:10ED6000CE803046ACEB030C40EA054095E7C1F19C
:10ED700020058B4022FA05FC4CEA030C00FA01F452
:10ED800026FA05F3E84002FA01F943EA04084FEADB
:10ED90001C4206FA01FAB0FBF2F71FFA8CF602FBEE
:10EDA00017004FEA184444EA004407FB06F0A0426B
:10EDB0000AD91CEB040407F1FF3380F09C80A042C9
:10EDC00040F29980023F6444241A1FFA88F3B4FB8E
:10EDD000F2F002FB104443EA044300FB06F69E42B5
:10EDE00009D91CEB030300F1FF3480F082809E42BE
:10EDF0007FD90238634440EA0740A0FB09749B1B9B
:10EE0000A3423E46A04664D361D0BEF1000F0AD0B3
:10EE1000BAEB060263EB080303FA05F5CA40154393
:10EE2000CB40CEE9005300213FE7730843EAC173AA
:10EE30004A08190C41EA02414FEAC67C9BB2B2FB78
:10EE4000F4F02646A04627461F2243EA0143B1FBC1
:10EE5000F4F1A3EB080341EA004158E72946FFE635
:10EE6000284615E71A46C3F120019C4026FA01F313
:10EE700020FA01F190400343270C06FA02FCB1FB93
:10EE8000F7F0A6B207FB1015190C41EA054100FB8B
:10EE900006F58D423BD9611801D28D4220D8491B1D
:10EEA0000138B1FBF7F5019505FB06F8019D9BB212
:10EEB00007FB151143EA0143434526D2E31805F148
:10EEC000FF31C6D24345C4D2A91E2344C1E7BA4587
:10EED0009BD2B7EB090664EB0C040138A04694E71B
:10EEE000651B29440238B1FBF7F5019505FB06F8CF
:10EEF000DCE720467FE71F4666E70846F4E6A444C1
:10EF000002382FE7023D234415E70199A1E7491B89
:10EF1000B1FBF7F5019505FB06F8C7E7024B014683
:10EF2000186800F025B800BF3C03002070B50F4CF6
:10EF30000E462168054611B901F01AF820603146E5
:10EF4000284601F015F8431C03D14FF0FF3420464A
:10EF500070BDC41C24F00304A042F8D0211A284636
:10EF600001F006F80130F2D1EFE700BF4CB001200C
:10EF70002DE9F843CD1C25F0030508350C2D38BFCD
:10EF80000C25002D064601DBA94204D90C23336071
:10EF90000020BDE8F883334F00F066F83B681C465C
:10EFA0003CBB29463046FFF7C1FF431C044656D1FF
:10EFB0003C68A046B8F1000F40D1002C49D023682E
:10EFC0004146304604EB030900F0D2FF814540D1B1
:10EFD00021686D1A29463046FFF7A8FF013038D066
:10EFE00023682B4423603B685A685ABBC7F80080EB
:10EFF0000EE02268521B1ED40B2A16D96119A342B7
:10F00000256018BF5960636808BF396062514B6062
:10F01000304600F02FF804F10B00231D20F007000C
:10F02000C21A1CBF1B1AA350B3E76268A3420CBFED
:10F030003A605A60ECE723466468B1E74446D8F882
:10F040000480B7E71A465B68A342FBD100235360F4
:10F05000DEE70C233360304600F00CF898E70560DB
:10F06000D6E700BF50B00120014800F098BF00BFB4
:10F0700090B10120014800F093BF00BF90B1012082
:10F08000164B10B51C68226BB2B91820FFF746FF6B
:10F090000246206320B9124B1248522100F090FF23
:10F0A0001149124BC0E90013114B83600B2383817C
:10F0B00000210120C2E9040113690E4854690E4978
:10F0C000584301FB0400A3FB0131013340EB010075
:10F0D000C2E9043020F0004010BD00BF3C03002016
:10F0E000ACC20708C3C207080E33CDAB34126DE6BD
:10F0F000ECDE05002DF451582D7F954C2DE9F041A3
:10F10000074615460C4621B9BDE8F0411146FFF708
:10F110002FBF2AB901F0D2FD2C462046BDE8F08170
:10F1200002F0C2F98542064602D8B5EB500FF4D87A
:10F1300029463846FFF71CFF804608B94446ECE7ED
:10F14000B5422A46214628BF324600F02AFF214612
:10F15000384601F0B3FDF1E72DE9FF4757EC106B9E
:10F16000002F0C469146DDF830A019464FF0000202
:10F1700003DA07F100431F462D220D9D0A7025F08A
:10F180002005462D04D0452D00D10134022100E098
:10F19000032103AB019302AB009347EC106B534682
:10F1A000224600F0B5FF472D80461AD119F0010F15
:10F1B0000ED000EB04090022002330463946E1F767
:10F1C000F9F908B1CDF80C903022039B4B451ED3C2
:10F1D000039B0E9AA3EB08034046136004B0BDE8FE
:10F1E000F087462D00EB0409E5D10378302B0AD1D6
:10F1F0000022002330463946E1F7DCF918B9C4F1A2
:10F200000104CAF80040DAF800309944D3E7591CE9
:10F2100003911A70D9E7F7B50029BABF49422D23E7
:10F220002B230929027043702ADD0DF10704871C86
:10F23000A6460A26A446B1FBF6F506FB15123032A7
:10F24000632904F1FF340CF8012C2946F2DC30313B
:10F25000ACF1020204F8011C411C144672450AD3A9
:10F260000DF10903A3EB0C03A64538BF00233B4473
:10F27000181A03B0F0BD12F8013B01F8013FEDE7A9
:10F28000302330318370C170031DF1E72DE9F04F59
:10F290008FB00C46DDF8608016461F46054600F02C
:10F2A0002FFE036807931846E1F762FA00230C93D8
:10F2B000D8F8003094F818A0D4F800B008900733BC
:10F2C00023F00703B3EC027B8DED047BC8F800301C
:10F2D000DDE9048323F0004984ED127B9A4B4FF063
:10F2E000FF3240464946E1F797F970BB964B4FF025
:10F2F000FF3240464946E1F771F930BBDDE90401D0
:10F3000000220023E1F760F910B12D2384F8433087
:10F310008E4A8F4BBAF1470F8CBF90469846032315
:10F3200023612BF0040323604FF00009009733465C
:10F330000DAA2146284600F0CDF9013040F08C801E
:10F340004FF0FF300FB0BDE8F08FDDE90423104629
:10F350001946E1F761F940B1059B7E4A002BBCBF1D
:10F360002D2384F843307C4BD4E763685A1C0AF0A1
:10F37000DF093BD1062363604BF4806200232260E7
:10F3800003930CABCDE901A30BAB009361689DED3A
:10F39000040B0DF12B032846FFF7DEFEB9F1470FF2
:10F3A0000B99804629D1C81C02DB63688B4241DA85
:10F3B000AAF1020A5FFA8AFA0139524604F15000B2
:10F3C0000B91FFF728FF0C9A1318012A814623613D
:10F3D00002DC2268D20701D5013323619DF82B306E
:10F3E000002BA3D02D2384F843309FE7B9F1470FBA
:10F3F000C2D1002BC0D10123BDE7BAF1650FDBD923
:10F40000BAF1660F18D1002963680BDD216113B9C9
:10F410002268D00702D501330B442361A1654FF068
:10F420000009DBE713B92268D20701D50233F4E7FC
:10F430000123F2E74FF0670A0C9B8B4205DC23683F
:10F440002161D807EAD54B1CE7E70029D4BFC1F1F9
:10F45000020201221344E0E723685A0507D4236916
:10F46000424631462846B847013028D168E7BAF10C
:10F47000650F40F2DB80D4E9120100220023E1F79E
:10F4800099F890B3354A012331462846B8470130F0
:10F490003FF456AFDDE90B38434502DB2368D8075C
:10F4A0000DD5DDE9072331462846B84701303FF442
:10F4B00047AF4FF0000908F1FF38C84509DC236861
:10F4C0009B0700F10481E0680D9B9842B8BF184685
:10F4D00038E7012304F11A0231462846B8470130C3
:10F4E0003FF42EAF09F10109E7E70B9B834237DCBC
:10F4F0001A4A012331462846B84701303FF420AF6D
:10F50000DDE90B3959EA030302D12368D907D6D5BF
:10F51000DDE9072331462846B84701303FF410AFF4
:10F520004FF0000A0B9B5B42534501DC4B4697E7CB
:10F53000012304F11A0231462846B84701303FF44E
:10F54000FFAE0AF1010AEDE7FFFFEF7F20C30708D6
:10F550001CC3070828C3070824C307082CC30708CF
:10F56000A36DDDF830B05B45A8BF5B46002B04936C
:10F5700037DC4FF0000904F11A02049BD4F858A0BC
:10F58000002BACBFAAEB030353464B4531DC0B9B6E
:10F590009B453ADC2368DA0737D40B9BABEB0309B6
:10F5A000ABEB0A039945A8BF9946B9F1000F34DCCB
:10F5B0004FF000080B9BB9F1000FABEB0303A8BFA2
:10F5C000A3EB090343457FF77AAF012304F11A0245
:10F5D00031462846B84701303FF4B2AE08F1010881
:10F5E000E8E7049B424631462846B8470130C0D17F
:10F5F000A6E60123314628460992B84701303FF478
:10F600009FAE099A09F10109B7E7DDE90723314601
:10F610002846B8470130C0D192E64B4608EB0A02B3
:10F6200031462846B8470130C2D189E6DDF830A01E
:10F63000BAF1010F01DCDB0735D501234246314623
:10F640002846B84701303FF47BAEDDE90723314659
:10F650002846B84701303FF473AED4E912010022C6
:10F6600000230AF1FF3AE0F7A5FFC8B9534608F1B5
:10F67000010231462846B84701300DD160E601232A
:10F6800004F11A0231462846B84701303FF458AE1B
:10F6900008F10108D045F2DB4B4604F15002E0E6E8
:10F6A0004FF00008F6E701234246E2E7012304F1A8
:10F6B000190231462846B84701303FF441AE08F1FF
:10F6C0000108E3680D995B1A4345EFDCFBE64FF058
:10F6D0000008F6E72DE9F047914698468A680B69DD
:10F6E000089E9342B8BF1346C9F8003091F84320F2
:10F6F00007460C4612B10133C9F800302368990659
:10F7000042BFD9F800300233C9F80030256815F03F
:10F71000060507D104F1190AE368D9F800209B1AFD
:10F72000AB4229DC94F843302268003B18BF012328
:10F7300092062ED404F1430241463846B0470130C8
:10F7400021D02368A168226903F00603042B01BFBE
:10F75000E568D9F80030ED1A25EAE57518BF0025EF
:10F760008B1A2B449142C8BF1D464FF000091A3432
:10F770004D451AD1002008E0012352464146384643
:10F78000B047013003D14FF0FF30BDE8F0870135BD
:10F79000C2E7E1185A1C302081F84300224494F853
:10F7A000451082F843100233C4E701232246414644
:10F7B0003846B0470130E6D009F10109D8E700002A
:10F7C0002DE9F04398460B7E85B0782B1746064608
:10F7D0000C9A0C4609D8622B01F1430108D8002B82
:10F7E00000F0DC80582B00F0BD8004F1420539E0C8
:10F7F000A3F163001528F8D801A555F820F000BF43
:10F8000059F805086DF80508EBF70508EBF705084A
:10F81000EBF70508EBF705086DF80508EBF70508A9
:10F82000EBF70508EBF70508EBF705087DF9050888
:10F8300099F805082BF90508EBF70508EBF705081B
:10F84000A5F90508EBF7050899F80508EBF7050891
:10F85000EBF7050833F905081368191D1B681160DB
:10F8600004F1420584F842300123A8E013682568BA
:10F87000181D1060280601D51B6803E06A06FBD539
:10F88000B3F90030002B03DA2D225B4284F84320C9
:10F89000DFF878C10A2213E02568106815F0800FA0
:10F8A00050F8043B02D16D0648BF9BB21060227E27
:10F8B000DFF858C16F2A5DD10822002084F8430088
:10F8C0006568A560002D05DB20681D4320F004005D
:10F8D000206051D00D46B3FBF2F002FB103E9A427D
:10F8E0001CF80EE005F801ED0346F4D9082A0BD107
:10F8F0002368DA0708D5236962689A42DEBF30239D
:10F9000005F8013C05F1FF35491B2161CDF8008068
:10F910003B4603AA21463046FFF7DCFE013053D1B7
:10F920004FF0FF3005B0BDE8F083236843F02003BB
:10F930002360DFF8DCC0782384F845302068156840
:10F9400010F0800F55F8043B03D110F0400F18BFA2
:10F950009BB21560C50744BF40F02000206023B172
:10F960001022AAE7DFF8A4C0E6E7226822F020020E
:10F970002260F5E70A22A0E70D46B7E71368D4F83E
:10F9800000C060691D1D15601CF0800F1B6801D050
:10F99000186003E01CF0400FFAD0188000232361A8
:10F9A0000D46B3E71368191D11601D6862680021D8
:10F9B0002846E0F78DFE08B1401B60606368236154
:10F9C000002384F84330A1E723692A4639463046AC
:10F9D000C0470130A4D023689B0714D4E068039B80
:10F9E0009842B8BF18469DE7012304F11902394631
:10F9F0003046C047013093D00135E36803995B1A64
:10FA0000AB42F1DCEAE70025F7E700BF2EC30708A9
:10FA10003FC30708002310B50446C0E90033C0E91E
:10FA20000433836081814366C28183611946082261
:10FA30005C3000F05CFA0D4B63620D4BA3620D4B22
:10FA4000E3620D4B23630D4B24629C4206D003F10D
:10FA50006802944202D0D0339C4205D104F1580090
:10FA6000BDE8104000F09ABA10BD00BFF1FC0508D7
:10FA700013FD05084BFD050871FD050854B0012074
:10FA8000024A0349034800F06BB800BFC4010020DC
:10FA9000FD1A06084003002041680C4B994210B53E
:10FAA000044601D002F02AF8A168094B994202D01D
:10FAB000204602F023F8E168064B994204D0204624
:10FAC000BDE8104002F01AB810BD00BF54B00120CC
:10FAD000BCB0012024B1012010B50A4B0A4A1A60BB
:10FAE0000A4800220421FFF795FF09480122092155
:10FAF000FFF790FFBDE81040064802221221FFF7F1
:10FB000089BF00BF8CB1012081FA050854B00120E3
:10FB1000BCB0012024B10120014800F040BA00BF70
:10FB200091B10120014800F03BBA00BF91B1012022
:10FB300010B50446FFF7F0FF236A1BB1BDE8104083
:10FB4000FFF7F0BF044B2362044B1B68002BF5D179
:10FB5000FFF7C2FFF2E700BF99FA05088CB1012058
:10FB60002DE9F8438046894614460026D4E90175FC
:10FB7000013F05D52468002CF8D13046BDE8F88354
:10FB8000AB89012B07D9B5F90E30013303D02946D3
:10FB90004046C84706436835EAE700000FB407B59A
:10FBA000064904AB086853F8042B8168019301F0FF
:10FBB00011FE03B05DF804EB04B070473C03002075
:10FBC000024B01461868826802F02FB83C030020FF
:10FBD000036A70B5846805460E460BB9FFF7A8FFA7
:10FBE000636EDB0705D4A389980502D4A06D00F0ED
:10FBF000D6F9A389190702D52369002B35D12146EF
:10FC0000284600F0F7F880B34FF0FF35636EDA074F
:10FC100005D4A3899B0502D4A06D00F0C1F9284644
:10FC200070BD002B04DAA269934217DB0A2915D0B4
:10FC300023685A1C22601970A36816F8011F013B43
:10FC4000A3600029EDD18B4211DA22460A21284611
:10FC500000F092F80130D7D00A25D7E7224628468F
:10FC600000F08AF80130E7D1CEE7013EE4E72368EF
:10FC70005A1C22600A221A70EEE70000024B01466D
:10FC80001868FFF7A5BF00BF3C0300200CB430B5D7
:10FC9000154B0C1E1D689DB008DA8B232B604FF0AE
:10FCA000FF301DB0BDE8304002B070474FF0000398
:10FCB0001B9318BF0123E31A049307930B4B029085
:10FCC00006900593209A21AB02A92846019301F0E2
:10FCD00061FC431CBCBF8B232B60002CE1D0029B3A
:10FCE00000221A70DDE700BF3C0300200802FFFF7E
:10FCF00010B50C46B1F90E1000F028F90028ABBF82
:10FD0000636DA3891B1823F48053ACBF6365A38183
:10FD100010BD2DE9F0411F468B89DB0505460C46D9
:10FD2000164605D5B1F90E100223002200F0FCF8AA
:10FD3000A389B4F90E1023F48053A38132463B46C5
:10FD40002846BDE8F041FDF7F5B810B50C46B1F90D
:10FD50000E1000F0E9F8B4F90C30421C0BBF23F48C
:10FD6000805343F48053A381A38118BF606510BD05
:10FD7000B1F90E1000F0C8B8F8B505460F461446A4
:10FD800018B1036A0BB9FFF7D3FEA369A360A38977
:10FD90001A0701D5236943B92146284600F02AF8FD
:10FDA00018B14FF0FF363046F8BD23692068C01AFD
:10FDB0006369834205DC2146284601F09FFE002846
:10FDC000EFD1A368013BA36023685A1C22601F7017
:10FDD000636901308342FEB204D0A389DB07E2D518
:10FDE0000A2EE0D12146284601F088FE0028DAD00C
:10FDF000D7E7000038B5284B054618680C4618B1FF
:10FE0000036A0BB9FFF794FEB4F90C30190720D43C
:10FE1000DA0607D409222A6043F04003A3814FF099
:10FE2000FF3031E0580711D5616B41B104F1440353
:10FE3000994202D0284600F041FF0023636300226C
:10FE4000A38962602269226023F0240343F008033F
:10FE5000A38123694BB9A38903F42073B3F5007F11
:10FE600003D02146284601F0A7FEB4F90C3013F068
:10FE700001020AD00022A26062695242A261226994
:10FE800042B913F08000C7D138BD990758BF6269E5
:10FE9000A260F4E70020F7E73C03002010B5013929
:10FEA0000244904201D1002005E0037811F8014F8F
:10FEB000A34201D0181B10BD0130F2E7884210B5F3
:10FEC00001EB020402D98442234607D8431EA14213
:10FED00007D011F8012B03F8012FF8E70244824202
:10FEE00000D110BD13F8011D02F8011DF7E702440F
:10FEF0000346934200D1704703F8011BF9E7000065
:10FF000000487047C002002038B5064C0023054663
:10FF100008462360E6F7E6FE431C02D1236803B1DE
:10FF20002B6038BDC05D012038B5074C054608463A
:10FF30001146002222601A46E6F7E0FE431C02D179
:10FF4000236803B12B6038BDC05D012038B5074C74
:10FF5000054608461146002222601A46E6F7B4FE1E
:10FF6000431C02D1236803B12B6038BDC05D012062
:10FF700038B5064C0023054608462360E6F7C0FE68
:10FF8000431C02D1236803B12B6038BDC05D012042
:10FF9000014B1868704700BF3C0300207047704752
:10FFA00070470A44914200F1FF3300D1704710B509
:10FFB00011F8014B03F8014F9142F9D110BD000037
:10FFC0001FB51D46094B1B680646D86852B1084C40
:10FFD0000091CDE90142074933462A4601F0B6FDBA
:10FFE00001F07AFE044C2246F2E700BF3C030020F9
:10FFF0005AC3070867C3070895C307082DE9F74FD9
:020000040806EC
:1000000003690C69A34280467EDB013C01F11407C1
:10001000A30000F11405009305EB8403019357F846
:10002000243055F8242001339A4207EB8409B2FBAF
:10003000F3F62ED34FF0000ABC46AE46D3465CF82A
:10004000043B98B206FB00A0020C1B0C06FB03232A
:10005000DEF8002080B292B2121A5A44DEF8000094
:100060004FEA134A9BB2C3EB224303EB104392B215
:1000700042EA0342E1454EF8042B4FEA234BDED21D
:10008000009BEB582BB9019B1A1F954230D3C8F83F
:100090001040404601F0FCF8002825DB01362946D7
:1000A000002057F8042BD1F800C01FFA82FE1FFA77
:1000B0008CF3A3EB0E030344120CC2EB234202EBBE
:1000C0001C429BB243EA0243B94541F8043B4FEA64
:1000D0002240E6D255F8242005EB840322B9043BE4
:1000E0009D420BD3C8F81040304603B0BDE8F08FF6
:1000F0001368002BCBD1043A013CC6E71A68002AEA
:10010000F0D1043B013CEBE70020EEE700000000EB
:100110002DE9F04F99B08DED0E0B0C92C269229C27
:100120000A9157EC106B8146139382B91020FEF7A9
:10013000F5FE0246C9F81C0020B9A94BEF21A948D9
:10014000FFF73EFF0023C0E901330360C36011687D
:1001500059B152684A60012393408B60484600F0D1
:1001600049FED9F81C3000221A60B7F10008B5BF6B
:1001700001230023236023609B4BBCBF28F0004871
:10018000CDF83C8033EA08031AD1139AC8F3130858
:1001900042F20F7358EA0608136000F06185239B52
:1001A00053B9924B21E0924B00930833239A13608A
:1001B000009819B0BDE8F08F8C4B00930333F5E73E
:1001C0009DED0E7B002251EC170B00238DED067B7D
:1001D000E0F7F0F9824650B1139A01231360239B94
:1001E00013B1239A834B1360834B0093E0E79DED9B
:1001F000060B16AA17A9484601F0FEF85FEA185444
:10020000169D019079D0079BCDF850A0C3F313033E
:10021000DDE9060143F07F5343F44013A4F2FF34B9
:1002200019460022754BDFF7B7FF67A3D3E9002318
:10023000E0F7A6FA66A3D3E90023DFF7AFFF06468F
:1002400020460F46E0F7F6F863A3D3E90023E0F772
:1002500097FA02460B4630463946DFF79FFF0646BF
:100260000F46E0F7EFF9002280460023304639467A
:10027000E0F7AAF948B14046E0F7DCF832463B46E1
:10028000E0F798F908B908F1FF38B8F1160F51D81E
:100290005B4B03EBC803D3E90023DDE90601E0F77C
:1002A00093F9002848D008F1FF38002312932D1B42
:1002B0006B1E089343BF0023C5F101070893002775
:1002C000B8F1000F3ADB089BCDF834804344089323
:1002D000002309930A9B092B62D8052BC4BF043B5A
:1002E0000A930A9BA3F10203CCBF00240124032B31
:1002F00062D8DFE803F05153362B179C2C4404F2EC
:100300003243202BC1BFC3F1400308FA03F804F2C3
:10031000124326FA03F3D6BFC3F1200348EA0300D1
:1003200006FA03F0E0F776F80122A1F1F873013C38
:10033000149275E70123B9E71290B8E7C8F10003FA
:1003400009930023A7EB08070D93C3E701230B9341
:100350000C9B434405930133012B0493B8BF012345
:1003600006E001230B930C9B002B28DDCDE9043321
:10037000D9F81C000021042202F114059D4243D942
:100380004160484600F0F8FC009000283FD11D4B2A
:10039000024640F2AF11D2E60023E3E70023D6E79E
:1003A00001240023CDE90A344FF0FF330022CDE9C8
:1003B00004330C921223DBE701230B93F4E70123B0
:1003C000CDE904330C93D3E761436F63A787D23F32
:1003D000B3C8608B288AC63FFB799F501344D33F34
:1003E000ACC20708A3C307080000F07F9FC307083B
:1003F00096C307082DC307082CC307080000F83F61
:10040000B0C50708FCC3070801315200B4E7D9F8AA
:100410001C30009A1A60049B0E2B75D8002C73D0E8
:10042000B8F1000F40F3C4809F4B08F00F0203EBBC
:10043000C20318F4807FD3E900AB4FEA281500F01F
:10044000A3809A4BDDE90601D3E90823E0F7C2FA5D
:10045000CDE9020105F00F050324944E002D40F074
:10046000998052465B46DDE90201E0F7B3FA824625
:100470008B46129B002B00F0C3808D4B0022504610
:100480005946E0F7A1F8002800F0BA80049B002B41
:1004900000F0B680059B002B36DD08F1FF33029398
:1004A00050465946834B0022E0F76AF9059E824682
:1004B0008B4601342046DFF7BDFF52465B46E0F72E
:1004C0005FF97D4B0022DFF769FE0446A1F150750C
:1004D000CDE91045002E40F09780784B0022504621
:1004E0005946DFF759FE22462B4682468B46E0F7F7
:1004F00089F8002840F0BD82224605F100435046AD
:100500005946E0F761F820BB179B002BC0F28D81A4
:10051000B8F10E0F00F38981634B03EBC803D3E9F5
:1005200000AB0C9B002B80F21B81049B002B00F383
:1005300017810ED1614B002250465946E0F720F951
:1005400002460B46DDE90601E0F748F8002800F016
:10055000938200252C460C9B009EDB43029327468A
:1005600000242946484600F045FC002F00F0EE80AC
:100570002CB1BC4203D02146484600F03BFC394632
:10058000484600F037FCE1E09DED067B02248DED4E
:10059000027B62E7E90708D550465946D6E90023B1
:1005A000E0F7EEF8013482468B466D10083655E7C9
:1005B00022D0C8F100053C4B3C4E05F00F0203EB86
:1005C000C203D3E90023DDE90601E0F7D9F82D11D4
:1005D00082468B460224002D3FF44BAFEA0708D534
:1005E00050465946D6E90023E0F7CAF8013482465E
:1005F0008B466D100836EEE7DDE906AB022438E7DE
:10060000049ECDF8088055E7274B03EBC60353E95A
:1006100002010B9B002B55D002460B4600202849B7
:10062000E0F7D8F9DDE91023DFF7B6FD009BCDE94F
:1006300010019D191E4659465046E0F703F800F197
:100640003004DFF7F7FE02460B4650465946DFF707
:10065000A3FDDDE9102306F8014B82468B46DFF748
:10066000B3FF002872D152465B4611490020DFF7E4
:1006700093FDDDE91023DFF7A7FF002840F0B680E7
:10068000AE423FF441AFDDE910010A4B0022E0F732
:1006900077F8084BCDE91001002250465946E0F7A3
:1006A0006FF882468B46C6E7B0C5070888C50708BD
:1006B0000000F03F0000244000001C4000001440F7
:1006C0000000E03FDDE91023E0F75AF8009B009CB2
:1006D000CDE910013344159359465046DFF7B2FF78
:1006E00000F13005DFF7A6FE0B460246594650469C
:1006F000DFF752FD04F8015B159B9C4282468B4656
:1007000027D1009B0022DDE910011E44AA4BDFF730
:1007100045FD02460B4650465946DFF773FF002859
:1007200064D1DDE91023A4490020DFF735FD02463E
:100730000B4650465946DFF747FF00283FF4E4AE2A
:10074000334616F8012D302AFAD01E46DDF808800F
:100750003AE09A4B0022E0F713F882468B46BBE75B
:10076000009E52465B46DDE90601E0F733F9DFF70C
:1007700069FF0746DFF75EFE52465B46E0F700F88A
:1007800002460B46DDE90601DFF706FD07F1300CF6
:10079000009C06F801CBA6EB040C049C64450246C1
:1007A0000B4633D1DFF7FAFC52465B4604460D4652
:1007B000DFF728FFC0B952465B4620462946DFF7DF
:1007C000F9FE08B1FB070FD40199484600F012FB6F
:1007D0000023139A337008F101031360239B002B4D
:1007E0003FF4E6AC1E60E3E4CDF8088033461E46D5
:1007F00013F8012D392A06D1009A9A42F7D1029AAC
:1008000001320292302201321A709FE76B4B0022B4
:10081000DFF7B6FF02460B46CDE906230022002390
:10082000DFF7C8FE00289CD0CEE70B9A002A00F024
:10083000DF800A9A012A00F3C380149A002A00F08C
:10084000B78003F23343099D3E46089A01211A44BA
:1008500048461F44089200F081FB044656B1089BAD
:10086000002B07DDB342089AA8BF3346FF1AF61AD9
:10087000D31A0893099B0BB30B9B002B00F0BF808E
:10088000002D00F0B98021462A46484600F032FC8F
:10089000019A01460446484600F076FB01998246DB
:1008A000484600F0A7FA099B5B1B099300F0AA8059
:1008B000099A5146484600F01DFC01900121484626
:1008C00000F04CFB0D9B0546002B00F0D0811A4632
:1008D0000146484600F00EFC0A9B012B054600F33A
:1008E00099800E9B002B40F090800F9BC3F3130365
:1008F000002B40F08A800F9B23F000431B0D1B054B
:10090000002B00F08580089B0133013708934FF0DE
:10091000010A0D9B002B00F0B0812B6905EB8303CE
:10092000186900F0CFFAC0F12000089B184410F0BD
:100930001F0076D01B2870DCC0F11C000744064461
:1009400003440893002F05DD01993A46484600F01C
:100950002DFC0190089B002B05DD29461A464846D0
:1009600000F024FC0546129B002B5FD0019829461D
:1009700000F08EFC002859DA08F1FF330293019948
:1009800000230A22484600F057FA0B9B0190002BE7
:1009900000F07581002321460A22484600F04CFAF7
:1009A000059B002B044671DC0A9B022B47DC6DE0A3
:1009B000169BC3F1360346E70000E03F00002440E9
:1009C000049B5D1E099BAB4208DB5D1B049B002B57
:1009D000BFF63AAF049BFE1A002336E7099B0D9A37
:1009E0000995EB1A1A440D92049B3E4600252CE70C
:1009F000099D0B9C3E4631E7DDF804A058E7099AB3
:100A0000019957E7CDF804A058E74FF0000A80E7B6
:100A10009A467EE74FF0000A7FE71C2892D0C0F18B
:100A200020001C30089B0744064489E7049BCDF84E
:100A30000880002B24DC05930A9B022B22DD059BFA
:100A4000002B7FF488AD2946059B0522484600F01F
:100A5000F3F901460546019800F01AFC00287FF7DB
:100A60007AAD009E312306F8013B029B01330293CD
:100A700075E535462C46F4E7049DCDF80880F9E786
:100A8000049B05930B9B002B00F0FD80002E05DDE1
:100A900021463246484600F089FB0446BAF1000F71
:100AA00058D06168484600F067F9064628B9814B7E
:100AB000024640F2EF21FFF742BB22690232920068
:100AC00004F10C010C30FFF76CFA01223146484664
:100AD00000F06CFB0746009B009A03F10108059BA0
:100AE000134406930E9B03F00103089329460198D3
:100AF000FFF784FA2146049000F1300B019800F0D2
:100B0000C7FB3A4605902946484600F0DDFBC2681F
:100B100008F1FF3A0646FAB90146019800F0B8FB21
:100B2000024631464846099200F064F9DDE909239E
:100B300042EA0301089B194346460FD1BBF1390F26
:100B400028D0059B002B02DD049B03F1310B8AF8B2
:100B500000B006E52746BEE70122E2E7059B002B31
:100B600004DB0A990B4308990B4320D1002AEEDDE0
:100B700001990122484600F019FB2946019000F036
:100B800087FB002803DCE2D11BF0010FDFD0BBF1B3
:100B9000390FD9D139238AF8003033461E46013B3C
:100BA00016F8012C392A52D001321A70D9E4002AE1
:100BB00007DDBBF1390FEDD00BF101038AF80030EE
:100BC000CFE4069B08F801BC43452AD001990023D5
:100BD0000A22484600F030F9BC4201904FF0000371
:100BE0004FF00A022146484606D100F025F9044696
:100BF000074608F1010879E700F01EF93946044676
:100C000000230A22484600F017F90746F1E7059B42
:100C10005E1E002B009BD8BF00265A1C2746164498
:100C2000002401990122484600F0C0FA29460190AB
:100C300000F02EFB0028B0DC02D11BF0010FACD17C
:100C400033461E4613F8012D302AFAD089E4009A63
:100C50009A42A3D1029B013302933123137080E4A3
:100C6000239B002B7FF49FAA134BFFF7BEBA0A9B6E
:100C7000012B7FF736AEDDF834A0012055E6059B49
:100C8000002B7FF7D9AE009E01982946FFF7B6F9F1
:100C900000F1300B009B06F801BBF21A059B934252
:100CA000B5DD019900230A22484600F0C5F80190FD
:100CB000EAE700BFFCC3070896C3070837B5002959
:100CC00044D051F8043C0190002BA1F10404B8BFBA
:100CD000E418FEF7C9F91E4A0198136833B9636036
:100CE000146003B0BDE83040FEF7C4B9A34208D990
:100CF000256861198B4201BF19685B684919216039
:100D0000EDE71A465B680BB1A342FAD91168551892
:100D1000A5420BD1246821445418A3421160E0D1AC
:100D20001C685B6853600C441460DAE702D90C233A
:100D30000360D6E7256861198B4204BF19685B68B8
:100D4000636004BF491921605460CAE703B030BD35
:100D500050B0012082B001B901A942B14BB1137862
:100D60000B601278101E18BF012002B070471046A9
:100D7000FBE76FF00100F8E770B5C46905460E4661
:100D800084B91020FEF7CAF80446E86128B9024683
:100D9000164B17486B21FFF713F90023C0E9013305
:100DA0000360C360E36853B921220421284600F0A0
:100DB0009AFFEB69E060DB680BB9002070BD53F867
:100DC000260030B1026843F826200023C0E903332F
:100DD000F4E7012101FA06F4621D9200284600F0B2
:100DE00082FF0028E9D0C0E90164EEE7ACC2070841
:100DF0000DC4070870B5C46906460D4674B91020C5
:100E0000FEF78CF80246F06120B9094B09488F21A2
:100E1000FFF7D6F8C0E901440460C4603DB1F3694E
:100E20006A68DB6853F82210296043F8225070BDCD
:100E3000ACC207080DC407082DE9F0410D6907464B
:100E40000C461E4601F1140C0020DCF8003099B26B
:100E500002FB01611E0C0B0C02FB063389B2013050
:100E600001EB034185424CF8041B4FEA1346ECDCCE
:100E70000EB3A368AB4219DC616838460131FFF755
:100E80007BFF804628B902460C4B0D48BA21FFF77C
:100E900097F82269023204F10C0192000C30FFF73E
:100EA00080F821463846FFF7A5FF444604EB85034A
:100EB00001355E6125612046BDE8F081FCC307086D
:100EC0000DC40708B0F5803F034636BF0304002079
:100ED0001020B3F1807F3CBF1B020830B3F1805F6C
:100EE0003CBF1B010430B3F1804F3CBF9B0002307C
:100EF000002B04DB5B0001D50130704720207047D8
:100F0000036813F0070201460BD0DA0722D49807D2
:100F100049BF5B089B0801200B605CBF0B6002208F
:100F2000704798B2A0B91B0C1020DAB20AB9083089
:100F30001B0A1A0704BF1B0904309A0704BF9B0849
:100F40000230DA0702D45B0806D001300B6070472C
:100F50001046EAE7002070472020704710B50C4685
:100F60000121FFF709FF024628B9054B054840F269
:100F70004511FFF725F801234461036110BD00BF4F
:100F8000FCC307080DC407082DE9F04FD1F8108005
:100F9000D2F81090C84585B00E46144604DB4B4687
:100FA0000C46C14616469846A368616809EB0807D7
:100FB000BB42B8BF0131FFF7DFFE30B902464B4BF1
:100FC0004B484FF4B171FEF7FBFF00F1140505EB40
:100FD000870B2B4600225B4522D306F1140101EB5F
:100FE000880304F1140C0CEB890C029304F1150333
:100FF00063458CBF002301230093ACEB0403153B36
:101000009B080193029B03918B420CD8002F03DDB8
:101010005BF8043D002B67D0076105B0BDE8F08F99
:1010200043F8042BD7E7B1F800A0BAF1000F28D09D
:1010300004F11408A9464FF0000E58F8042BD9F813
:10104000003096B29BB20AFB0633D9F80060120C4E
:10105000360C73440AFB026606EB13469BB243EA66
:101060000643C44549F8043B4FEA164EE5D8009ABA
:10107000019B002A4FEA830308BF00232B44C3F8D7
:1010800004E0039BB3F802E00431BEF1000F29D065
:101090002B6804F114069846A9464FF0000A3288DE
:1010A0000EFB02A202EB18429BB243EA024349F84C
:1010B000043B56F8043BD9F800804FEA134A1FFA64
:1010C00088F30EFB0A3303EB1243B4454FEA134A8D
:1010D000E5D8009E019A002E4FEA820208BF002246
:1010E0002A44536004358DE7013F8FE7FCC30708AE
:1010F0000DC407082DE9F843174612F00302804695
:101100000D4607D0264C013A002354F82220FFF761
:1011100093FE0546BF103FD0D8F81C4094B910206C
:10112000FDF7FCFE0446C8F81C0030B902461D4B12
:101130001D4840F2B311FEF743FF0023C0E901331D
:101140000360C360A66846B940F271214046FFF7CC
:1011500005FF0023A060064603602C464FF00009FF
:1011600007F001037F1053B1294632464046FFF78E
:101170000BFF214605464046FFF73CFE67B130684D
:1011800038B9324631464046FFF7FEFE3060C0F8BF
:10119000009006462C46E3E72846BDE8F88300BFEA
:1011A0007CC50708ACC207080DC407082DE9F84F35
:1011B0000C4649682669A36806EB62160746914605
:1011C0004FEA621A06F1010843450BDB3846FFF788
:1011D000D3FD054648B902462B4B2C484FF4EF711E
:1011E000FEF7EEFE01315B00EEE700F11401002393
:1011F0000A461846534539DB20692AEAEA7A01EBA8
:101200008A0104F1140319F01F098C4603EB8000D6
:1012100030D0C9F1200A4FF0000E1A68E34602FAF6
:1012200009F242EA0E02CBF8002053F8042B984250
:101230000CF1040C22FA0AFEEFD8031B153B23F035
:10124000030304F11502904238BF00231944C1F88A
:1012500004E0BEF1000F00D1B0463846C5F810805A
:101260002146FFF7C7FD2846BDE8F88F42F8040B7A
:101270000133BFE753F8041BCCF8001098420CF17F
:10128000040CF7D8E8E700BFFCC307080DC4070843
:1012900003690A699B1A30B50ED11430143100EB82
:1012A000820401EB820154F8045D51F8042D95424B
:1012B00004D006D24FF0FF33184630BDA042F2D31F
:1012C000FAE70123F8E700002DE9F74F8A460646C2
:1012D000114650461446FFF7DBFF051E12D1294682
:1012E0003046FFF749FD024628B9414B40F237210D
:1012F0004048FEF765FE0123C0E90435104603B0FF
:10130000BDE8F08FBCBF5346A2463046DAF8041061
:10131000BABF1C4601250025FFF72EFD024618B96D
:10132000334B40F24521E3E7DAF810702669C560D7
:101330000AF1140904F1140E00F114050AF1100366
:1013400009EB87080EEB86060193AB464FF0000CC5
:10135000019B5EF8040B53F804AF01931FFA8AF166
:1013600083B2CB1A000C6344C0EB1A4000EB23405D
:101370009BB243EA004376454BF8043B4FEA204CCE
:10138000E6D8331B153B153423F00303A64238BFC0
:101390000023E8184B441C1D04302646A5EB090524
:1013A00046450ED308F10301091B21F00301013367
:1013B000984538BF0021014451F8043DABB1176195
:1013C0009CE706EB050E56F8041BE2464FEA11496E
:1013D0001CFA81FC514409EB2C4989B241EA0941CC
:1013E0004FEA294CCEF80010DAE7013FE4E700BFEE
:1013F000FCC307080DC407082DE9F7430F46012178
:1014000059EC108B1646FFF7B7FC054630B902467B
:10141000234B244840F20F31FEF7D2FDC9F30A54A2
:10142000C9F313030CB143F480130193B8F1000323
:1014300023D068460093FFF763FD0099D8B1019A65
:10144000C0F1200302FA03F30B43C2406B61019227
:10145000019BAB61002B0CBF012202222A61A4B1C7
:10146000A4F2334404443C60C0F1350030602846A7
:1014700003B0BDE8F0836961EAE701A8FFF740FD2A
:10148000019B6B6120300122E8E705EB8203A0F2AB
:10149000324038601869FFF715FDC0EB4210E5E7F0
:1014A000FCC307080DC4070851F8043C181F002BA3
:1014B000BCBF0B58C018704749B1FF2A85BF8A23AB
:1014C00003600A704FF0FF3098BF01207047084654
:1014D00070472DE9F0478E681F46BE4282460C4693
:1014E0009046334653D8B1F90C0010F4906F2BD0CE
:1014F00065692368096905EB4505A3EB010905EB5F
:10150000D5757B1C6D104B44AB422A4684BF1D46EB
:101510002A46430527D511465046FDF729FD0646C4
:1015200058B321694A46FEF73CFDA38923F4906332
:1015300043F08003A381266165614E44A5EB090554
:101540002660A5603E463B461F4620683A46414617
:10155000FEF7B4FCA3689B1BA36023683B44236095
:101560000020BDE8F0875046FDF7C8FD064600287C
:10157000E1D121695046FFF7A1FB0C23CAF80030E6
:10158000A38943F04003A3814FF0FF30E9E73E46D3
:10159000DBE700002DE9F0471F468B891B069CB056
:1015A00006460D46144610D50B6973B94021FDF768
:1015B000DFFC2860286130B90C2333604FF0FF3026
:1015C0001CB0BDE8F08740236B6100230993202302
:1015D0008DF8293003973023654F8DF82A304FF06E
:1015E000010823461A7899461AB1252A03F1010306
:1015F000F8D1B9EB040A0BD05346224629463046AF
:10160000FFF767FF013000F0A380099A5244099266
:1016100099F80030002B00F09B8000224FF0FF3340
:10162000CDE9053209F10109049207928DF85320A2
:101630001A924C46052214F8011B4D48DFF748F872
:10164000049AD0B9D00644BF20238DF85330110737
:1016500044BF2B238DF8533099F800302A2B13D038
:1016600007994B4600204FF00A0C1A78303A092AA5
:101670001C464AD9A8B1079113E0C01B08FA00F034
:1016800010430490A146D4E7039B191D1B680391E6
:10169000002BBBBF5B4242F0020207930793B8BF27
:1016A000049223782E2B0AD163782A2B32D1039B04
:1016B0001A1D1B68039243EAE37302340593DFF8B3
:1016C000C090217803224846DFF702F838B1049B26
:1016D000A0EB090040228240134301340493217897
:1016E00024488DF828100622DEF7F2FF002835D0B6
:1016F000214818BB039B073323F0070308330393E8
:10170000099B0344013409936BE701330CFB01216E
:101710000120AAE700230593611C18464FF00A0C2C
:101720000A78303A092A0C4603D9002BC7D0059015
:10173000C5E701310CFB00200123F1E703AB009367
:101740002A460E4B04A93046FDF7A0FD421CD7D116
:10175000AB895B063FF532AF099831E703AB0093E5
:101760002A46064B04A93046FEF72AF8EEE700BFEA
:1017700067C4070871C407088DF20508D31406086A
:101780006DC407089368013B002B10B4936007DA1F
:101790009469A34201DB0A2902D110BCFEF7ECBA1E
:1017A0001368581C10601970084610BC7047F8B5D3
:1017B00006460F461446D518AC4201D1002007E07A
:1017C00014F8011B3A463046FFF7DCFF431CF3D107
:1017D000F8BD00002DE9F04706469CB00D461446C2
:1017E0001F4618B1036A0BB9FEF7A2F96B6ED90751
:1017F00005D4AB899A0502D4A86DFEF7D0FBAB895E
:101800001B0701D52B699BB929463046FEF7F2FA32
:1018100070B16B6EDE0704D54FF0FF301CB0BDE831
:10182000F087AB899C05F7D4A86DFEF7B9FBF3E709
:101830000023099320238DF82930039730236A4F22
:101840008DF82A304FF0010823461A7899461AB1CC
:10185000252A03F10103F8D1B9EB040A0BD0534652
:10186000224629463046FFF7A2FF013000F0A38050
:10187000099A5244099299F80030002B00F09B809D
:1018800000224FF0FF33CDE9053209F1010904923E
:1018900007928DF853201A924C46052214F8011B2A
:1018A0005148DEF715FF049AD0B9D00644BF202373
:1018B0008DF85330110744BF2B238DF8533099F81E
:1018C00000302A2B13D007994B4600204FF00A0C0A
:1018D0001A78303A092A1C464AD9A8B1079113E070
:1018E000C01B08FA00F010430490A146D4E7039B04
:1018F000191D1B680391002BBBBF5B4242F0020223
:1019000007930793B8BF049223782E2B0AD16378EC
:101910002A2B32D1039B1A1D1B68039243EAE373FF
:1019200002340593DFF8D090217803224846DEF791
:10193000CFFE38B1049BA0EB090040228240134344
:1019400001340493217829488DF828100622DEF707
:10195000BFFE00283ED0264818BB039B073323F068
:10196000070308330393099B0344013409936BE78E
:1019700001330CFB01210120AAE700230593611C20
:1019800018464FF00A0C0A78303A092A0C4603D957
:10199000002BC7D00590C5E701310CFB00200123C7
:1019A000F1E703AB00932A46124B04A93046FDF73A
:1019B0006DFC431CD7D16B6ED90705D4AB899A0552
:1019C00002D4A86DFEF7ECFAAB895B063FF524AFB5
:1019D000099823E703AB00932A46064B04A9304637
:1019E000FDF7EEFEE5E700BF67C4070871C407080E
:1019F0008DF20508AF1706086DC40708B1F90C2071
:101A00002DE9F041160705460C4651D44B68002BD2
:101A100002DC0B6C002B49DDE66A002E46D0002369
:101A200012F480522F682B6031D0626DA389590760
:101A300005D56368D21A636B0BB1236CD21A0023ED
:101A4000E66A216A2846B047421CB4F90C3006D138
:101A500029681D2945D8284ACA40D60741D5002201
:101A60006260D9042269226004D5421C01D12B682E
:101A700003B96065616B2F60C1B104F14403994201
:101A800002D02846FFF71AF9002363630EE0216AAB
:101A900001232846B0470246501CC7D12B68002BB3
:101AA000C4D01D2B01D0162B1AD12F6000201DE0B1
:101AB0000F69002FFAD093070E6808BF4B690F60BB
:101AC00018BF0023A6EB07088B60B8F1000FEDDD0F
:101AD000216AA66A43463A462846B047002807DCF2
:101AE000A38943F04003A3814FF0FF30BDE8F081AC
:101AF0000744A8EB0008E8E70100402038B50B696F
:101B000005460C4613B91D46284638BD18B1036A70
:101B10000BB9FEF70DF8B4F90C30002BF3D0626E60
:101B2000D00704D4990502D4A06DFEF738FA2846F0
:101B30002146FFF763FF636EDA070546E4D4A38905
:101B40009B05E1D4A06DFEF72BFADDE70EB403B5DB
:101B5000014603AB054853F8042B00680193FFF7D7
:101B600039FE02B05DF804EB03B070473C0300207F
:101B700070B50E46B1F90E10002996B014461D46F8
:101B80000ADAB28912F0800213D14FF4806100208A
:101B90002A60216016B070BD6A4600F07BF800280C
:101BA000EFDB019A02F47042A2F500535A425A4107
:101BB000EBE700224021EAE78B8973B59E070546D3
:101BC0000C4607D504F147032360236101236361B9
:101BD00002B070BD01AB6A46FFF7CAFF009E2846FF
:101BE0003146FDF7C5F9B4F90C3038B99A05EFD490
:101BF00023F0030343F00203A381E3E743F08003F0
:101C0000A381019B2060C4E90406002BE0D0B4F955
:101C10000E10284600F050F80028D9D0A38923F0F0
:101C2000030343F00103A381D2E770B506460D46D6
:101C3000144618B1036A0BB9FDF77AFF636ED80733
:101C400005D4A389990502D4A06DFEF7A8F9A3686D
:101C5000013B002BA36005DAA269934212DBEBB2D1
:101C60000A2B0FD023685A1C22601D70EDB2636EE0
:101C7000DA0705D4A3899B0502D4A06DFEF790F97D
:101C8000284670BD294622463046FEF775F80546BF
:101C9000EDE7000038B5074C00230546084611461D
:101CA0002360E5F723F8431C02D1236803B12B60BE
:101CB00038BD00BFC05D012038B5064C0023054685
:101CC00008462360E5F718F8431C02D1236803B1E6
:101CD0002B6038BDC05D012008B5062000F040F83B
:101CE0000120E4F7EBFF70B5A1FB026535B9314681
:101CF000FDF73EF9044628B9204670BD0C23036069
:101D00000024F9E732462946FEF7F1F8F4E71F29E7
:101D100038B505460C4604D9162303604FF0FF3052
:101D200038BDC26B12B152F821304BB9284600F0D1
:101D300031F8224601462846BDE8384000F018B880
:101D4000012B0AD0591C03D1162303600120E7E7B9
:101D5000002142F82410204698470020E0E70000C8
:101D6000024B01461868FFF7D2BF00BF3C030020BA
:101D700038B5074C00230546084611462360E4F7B2
:101D800095FF431C02D1236803B12B6038BD00BF0F
:101D9000C05D0120E4F788BFF8B500BFF8BC08BCFF
:101DA0009E467047F8B500BFF8BC08BC9E46704719
:101DB0000101000001010100D50C040872733233E7
:101DC000325F305F7461736B0000000072733233F6
:101DD000325F305F7278000072733438355F74613F
:101DE000736B000072733438355F72780000000046
:101DF0007463705F636C69656E745F7461736B00AC
:101E00007463705F636C69656E745F636F6E6E5F41
:101E10007461736B000000007463705F73657276A9
:101E200065725F7461736B00554E4B4E4F574E2871
:101E30006E6F742073746172746564290000000011
:101E40005B677A5F6F6C5D206E65745F6366672E9B
:101E5000706F727420696E76616C6964202D3E200B
:101E6000554450207365727669636520706F727493
:101E70002066616C6C6261636B2025750A0000004E
:101E80005B677A5F6F6C5D20554450207365727696
:101E900069636520706F727420257520627573798F
:101EA00020287265736964656E742025752F257509
:101EB00029202D3E20736B69702062696E640A00D0
:101EC00076616C69640000005B646961675D20672E
:101ED0007A6F6C2055445020736572766963652073
:101EE000626F756E64204F4B20706F72743D257564
:101EF00020286E65745F6366672E706F727420258C
:101F000073290A005B677A5F6F6C5D20554450202F
:101F10007365727669636520706F72742025752011
:101F200062696E64206661696C65642028657272FE
:101F30003D2564290A00000046414C4C4241434B78
:101F400028393532382C206E65745F6366672E70D1
:101F50006F727420696E76616C69642900000000FC
:101F6000534B495050454428706F7274206275730A
:101F70007920776974682031303031312F4351290D
:101F8000000000004641494C2862696E6420657279
:101F9000722900007564705F677A6F6C5F7461739B
:101FA0006B0000007564705F677A6F6C5F636F6EC3
:101FB0006E6563745F7461736B0000007564705FBD
:101FC00063715F7461736B007564705F63715F63ED
:101FD0006F6E6E6563745F7461736B007564705FC0
:101FE0007461736B000000007564705F636F6E6EE8
:101FF0006563745F7461736B000000005B667776E5
:1020000065725D2072656A6563743A20626164205E
:1020100076657273696F6E2061726720286C656ED9
:102020003D2564290A0000005B66777665725D20B5
:10203000736563746F7220656D7074792F64616D60
:1020400061676564202D3E2066756C6C20696E6941
:10205000742C207772697465207665723D25730A49
:10206000000000005B66777665725D2072656675BC
:1020700073653A2075706772616465206D69642DBF
:102080007374617465207570645F7374613D256C51
:10209000750A00005B66777665725D2073616D6519
:1020A000207665723D25732C20736B6970206572F4
:1020B0006173652F77726974650A00005B667776D5
:1020C00065725D20657261736520736563746F72FC
:1020D00031206661696C6564207265743D256C64AD
:1020E0000A0000005B66777665725D20777269741E
:1020F0006520736563746F7231206661696C656415
:10210000207265743D256C640A0000005B6677767A
:1021100065725D207772697465206F6B20766572D9
:102120003D25730A000000005F6170705F626F619F
:1021300072645F6E65745F6366675F73746F72610C
:1021400067655F696E6974006961705F68616E647C
:102150006C655F7461736B006961705F6D6F64754E
:102160006C655F696E69740070726F746F5F69612E
:10217000705F717565756500677A5F6F6C5F686128
:102180006E646C655F7461736B000000677A5F6FEB
:102190006C5F70726F746F5F696E6974000000002D
:1021A000677A5F6F6C5F7175657565003F00000051
:1021B000202A2A2A20676C79706820434C495050A5
:1021C00045442062792073637265656E206564679B
:1021D000652028647261775F6269746D617020693F
:1021E0006E74657273656374696F6E29202A2A2A7A
:1021F0000000000047424B004153434949000000A2
:1022000057323551363400004D5832354C32353660
:1022100000000000494E56414C49440045525228A6
:1022200065726173652F7772697465206661696C88
:10223000656429005B677A5F6F6C5D2030783230AF
:1022400020706C656E3D2575207061796C6F6164DE
:102250005B302E2E31355D3D25730A005B677A5F5A
:102260006F6C5D203078323020783D257520793DC7
:1022700025752073697A653D256420747970653D04
:10228000256420636F6C6F723D25642074657874DB
:102290005F6C656E3D2575202D3E2072656E646510
:1022A0007220783D257520793D257520773D25756F
:1022B00020683D257520777261703D3120656E6321
:1022C0003D47424B0A0000005B677A5F6F6C5D2000
:1022D000307832302073697A652D6D6170206669BF
:1022E000656C643D25752F2575202D3E20464F4E8B
:1022F000545F256420676C7970685F626F783D2554
:10230000757825750A0000005B677A5F6F6C5D2049
:10231000307832302073637265656E3D257578259F
:102320007520636F64653D257320676C7970685F05
:1023300076697369626C653D2575782575206F66D1
:1023400020257578257525730A0000005B677A5F84
:102350006F6C5D20666F6E742D70726F62653A20CF
:10236000656D70747920746578742C20736B697056
:102370000A0000005B677A5F6F6C5D20666F6E74A9
:102380002D70726F626520636869703D25732063EC
:1023900061703D257520656E633D257320747970ED
:1023A000653D25642063683D253032782C25303228
:1023B000780A00005B677A5F6F6C5D20202073698C
:1023C0007A653D257520616464723D30782530362C
:1023D0007820696E4341503D25752072643D256427
:1023E000206E7A3D25752F257520686561643D2531
:1023F0003032782025303278202530327820253050
:10240000327820253032782025303278202530323D
:102410007820253032780A005B677A5F6F6C5D2028
:102420002020616C742D6C61796F75742825732977
:1024300020616464722031363D3078253036782052
:1024400032343D3078253036782033323D307825AF
:1024500030367820286172697468206F6E6C792933
:102460000A0000005B677A5F6F6C5D203078323065
:1024700020706978656C5F6D6170206265666F724F
:10248000652072656E6465723A206E6F6E626C6173
:10249000636B3D25750A00005B677A5F6F6C5D209A
:1024A0003078323020706F73742D72656E6465728F
:1024B0003A206E6F6E626C61636B3D2575206669B4
:1024C0007273745F636F6C6F723D257520636F6DFF
:1024D0006D6974733D25750A000000005B677A5FC3
:1024E0006F6C5D20307834302077726974652D62AE
:1024F00065666F72653A207265633D257320706F63
:1025000072743D2575207564705F706F72743D251F
:10251000750A00005B677A5F6F6C5D20307834303D
:10252000207265717565737465643A2069703D2524
:10253000752E25752E25752E2575206D61736B3DC5
:1025400025752E25752E25752E25752067773D2539
:10255000752E25752E25752E257520706F72743D8C
:10256000257520286B656570207564705F706F72CB
:10257000743D2575290A00005B677A5F6F6C5D20EA
:1025800030783430207772697465207265743D2527
:1025900064202825732920726561646261636B3D44
:1025A00025732069703D25752E25752E25752E25E0
:1025B0007520706F72743D2575207564705F706F43
:1025C00072743D25750A00005B677A5F6F6C5D2051
:1025D000307834302061636B3D307835302065636E
:1025E000686F20284E4F542065766964656E636578
:1025F00029202D3E207265626F6F7420696E203134
:1026000030306D733B206166746572207265626F55
:102610006F74206578706563743A20475A5F4F4C39
:1026200020554450207365727669636520706F721F
:10263000743D2575202843485F49445F5544505FE9
:10264000475A4F4C29202B205443502062697A204E
:10265000706F72743D2575202B2031303031312060
:10266000756E6368616E6765640A0000677A5F6F04
:102670006C5F64656661756C745F646973706C61CE
:10268000795F696E69740000E5AE8BE4BD9300006C
:10269000E4BBBFE5AE8B0000E6A5B7E4BD93000048
:1026A000E9BB91E4BD93000073635F6574635F6889
:1026B000616E646C655F7461736B000073635F656A
:1026C00074635F70726F746F5F696E69740000008D
:1026D00073635F6574635F71756575650000000005
:1026E00073635F6D74635F68616E646C655F746172
:1026F000736B000073635F6D74635F70726F746FF0
:102700005F696E697400000073635F6D74635F716D
:102710007565756500000000E8BDA6E59E8BEFBC01
:102720009A000000E98791E9A29DEFBC9A000000A1
:10273000E4BD99E9A29DEFBC9A000000E680BBE9E8
:10274000878DEFBC9A000000E8B685E9878DEFBC65
:102750009A000000E5858300E590A800E682A8E5E0
:10276000A5BDEFBC8CE8AFB7E4BAA4E8B4B9EFBC40
:102770008CE8B0A2E8B0A2E59088E4BD9CEFBC8CE8
:10278000E7A59DE682A8E4B880E8B7AFE5B9B3E570
:10279000AE890000E682A8E5A5BDEFBC8CE8AFB726
:1027A000E4BAA4E8B4B90000E682A8E5A5BD00003B
:1027B000E8B0A2E8B0A2E59088E4BD9CEFBC8CE74D
:1027C000A59DE682A8E4B880E8B7AFE5B9B3E5AE69
:1027D00089000000E69C88E7A5A8E8BDA6EFBC8CB0
:1027E000E8AFB7E9809AE8A18C000000E5858DE8A4
:1027F000B4B9E8BDA6EFBC8CE8AFB7E9809AE8A110
:102800008C000000E8BDA6E8BE86E997AFE585B379
:102810000000000073635F6F6C5F68616E646C65DD
:102820005F7461736B00000073635F6F6C5F707245
:102830006F746F5F696E69740000000073635F6F8F
:102840006C5F7175657565002D00000055500000C6
:10285000444F574E000000003030303030303030C0
:10286000303000000A5B646961675D203D3D3D3D9D
:102870003D3D3D3D3D3D3D3D3D3D3D3D2053454C78
:10288000462D50524F56494E472042414E4E4552DA
:10289000203D3D3D3D3D3D3D3D3D3D3D3D3D3D3D85
:1028A0003D0A00005365702031342032303236004A
:1028B0005B646961675D2066773D25732062756999
:1028C0006C743D257320257320747265653D2573F6
:1028D0000A0000006E6F2D66696E6765727072691E
:1028E0006E74000031373A35343A34370000000056
:1028F0005B646961675D206275696C642070726FEA
:10290000746F3D257320646973703D257320636F78
:102910006E6669673D257320746F6F6C63686169CB
:102920006E3D25730A0000005B646961675D206489
:102930006973706C61792073637265656E3D25758E
:1029400078257520636F64653D2573207363616E20
:102950005F6C696E65733D2575206368616E733DBC
:1029600025750A005B646961675D20646973706C3A
:102970006179206D6F64756C653D257578257520CE
:1029800063682F6D6F643D2575206D6F64733D2501
:1029900075782575207363616E5F6C696E655F7015
:1029A000783D2575206275663D25750A000000009A
:1029B0005B646961675D20646973706C6179206430
:1029C00065765F646973706C61795F6765742829E7
:1029D0003D4E554C4C202A2A2A206E6F2064697384
:1029E000706C617920647269766572206C696E6BB7
:1029F0006564202A2A2A0A005B646961675D206495
:102A00007269766572206C696E6B65643F20315F18
:102A10003236333D25752032325F313730333D2534
:102A200075202865786163746C79206F6E65206508
:102A300078706563746564290A0000005B646961ED
:102A4000675D20666F6E7420636869703D25732032
:102A5000726567696F6E733D25752061646170747E
:102A60003D25752061736369695F7261773D2575E6
:102A70002067626B3139303D2575206361703D25DB
:102A80007520646970323D25750A00005B646961D8
:102A9000675D206E65746366672056414C4944202B
:102AA00069703D25752E25752E25752E2575206D91
:102AB00061736B3D25752E25752E25752E25752088
:102AC00067773D25752E25752E25752E2575207069
:102AD0006F72743D2575207564705F706F72743D00
:102AE00025750A005B646961675D206E65746366C5
:102AF0006720494E56414C4944206D616769633DEA
:102B000030782578207570646174655F7374613DF9
:102B10002575207261775F706F72743D2575207224
:102B200061775F7564705F706F72743D25750A0020
:102B30005B646961675D20706F727473207430200C
:102B400075647031303031313D2575207463705FAC
:102B500062697A3D25752063715F7564703D2575E6
:102B600020677A6F6C5F6361636865643D257520DB
:102B700028677A6F6C2072756C653A206E65745F99
:102B80006366672E706F72743B20302F696E7661BA
:102B90006C69642D3E393532383B203D3D31303053
:102BA00031312F32303130332D3E736B69702062FA
:102BB000696E64290A00000046573A257300000038
:102BC0004D443A257300000025730A257300000068
:102BD00068616C665F7365635F7461736B000000AE
:102BE0005B646961675D202D2D2D2D20706F7374DE
:102BF0002D626F6F7420636865636B202863686162
:102C00006E6E656C73207374617274656429202D17
:102C10002D2D2D0A000000005B646961675D206353
:102C200068616E2075647031303031313D2573201C
:102C3000706F72743D2575207C2063715F756470C0
:102C40003D257320706F72743D25750A00000000E9
:102C50005B646961675D206368616E20677A6F6C91
:102C60003D257320706F72743D25752062696E6416
:102C70003D2573207C207463705F7372763D2573ED
:102C800020706F72743D25750A0000005B646961F5
:102C9000675D206E6574636667207265616462615A
:102CA000636B20706F72743D2575207564705F7062
:102CB0006F72743D25752028736F75726365206F80
:102CC00066207472757468290A0000005B6469618B
:102CD000675D2074697020475A5F4F4C20667261AF
:102CE0006D65733A203935323820286F722030787C
:102CF00034302D7365742076616C756529202F2022
:102D0000313030313120626F7468206163636570E7
:102D10007465643B2030783230202620307834309F
:102D2000207072696E74207065722D6672616D65B7
:102D30002065766964656E636520756E64657220D2
:102D40005B677A5F6F6C5D0A00000000696E6974F2
:102D50005F7461736B000000E6ACA2E8BF8EE8A16F
:102D60008CE9A9B60AE9AB98E9809FE585ACE8B79C
:102D7000AF0000006672616D655F646973706174B5
:102D800063685F7461736B006170705F6469737016
:102D9000617463685F696E697400000072625F72DB
:102DA0006A34350072625F72733438350000000097
:102DB00072625F727332333200000000675F6368D3
:102DC0005F71756575650000666163746F72795F28
:102DD0006D6F6E69746F7200554E4B4E4F574E00BB
:102DE000E9878DE5BA86E5889BE8BFAAE7A791E663
:102DF0008A80E58F91E5B195E69C89E99990E58512
:102E0000ACE58FB8E8AEBEE5A487E88081E58C9696
:102E1000E6B58BE8AF95000046573A25730A4D4456
:102E20003A257300E9809AE4BFA1E781AFE7BBBF11
:102E3000E7AEAD0AE68AA5E8ADA6E781AFE585B3C2
:102E4000E997AD00E9809AE4BFA1E781AFE7BAA2B4
:102E5000E58F890AE68AA5E8ADA6E781AFE5BC80E3
:102E6000E590AF005F666163746F72795F7465733C
:102E7000745F696E697400005F6170705F6B657983
:102E80005F696E69740000006C696768745F7365E0
:102E90006E736F725F7461736B0000006170705FBE
:102EA0006C696768745F73656E736F725F696E6972
:102EB000740000005F72656E6465725F696E6974AC
:102EC000000000006170705F756172745F6261750F
:102ED000645F696E697400006465765F727334388C
:102EE000355F696E697400007363616E5F7461734E
:102EF0006B0000006465765F646973706C61795F74
:102F000073746172740000006465765F6469737045
:102F10006C61795F696E6974000000006465765FBA
:102F2000646973706C61795F32325F313730335F5F
:102F3000696E697400000000323230303030313751
:102F4000303300006465765F696F5F6374726C5F35
:102F5000696E6974000000006465765F6B65795F77
:102F600073775F696E6974006465765F6B65795F1E
:102F7000696E6974000000006465765F6574685F5F
:102F8000696E6974000000006465765F77323571A0
:102F900078785F696E6974006465765F7732357141
:102FA00078785F72746F735F696E697400000000F7
:102FB000546D725100000000546D7220537663000E
:102FC0002E2F4D6964646C6577617265732F546848
:102FD0006972645F50617274792F4C7749502F7316
:102FE00072632F6170692F6170695F6C69622E6313
:102FF000000000006E6574636F6E6E5F72656376CD
:103000003A20696E76616C696420706F696E7465D0
:1030100072000000417373657274696F6E2022251F
:103020007322206661696C6564206174206C696E2E
:103030006520256420696E2025730A006E6574631F
:103040006F6E6E5F726563763A20696E76616C6949
:103050006420636F6E6E000062756620213D204E15
:10306000554C4C0066726565696E6720636F6E6EC5
:1030700020776974686F75742066726565696E671C
:103080002070636200000000636F6E6E20686173E1
:10309000206E6F20726563766D626F7800000000AD
:1030A000636F6E6E2D3E6163636570746D626F78E1
:1030B0002073686F756C646E27742065786973740B
:1030C00000000000636F6E6E20686173206E6F20D9
:1030D0006F705F636F6D706C6574656400000000F5
:1030E0006E6574636F6E6E5F62696E643A20696EBE
:1030F00076616C696420636F6E6E00006E65746348
:103100006F6E6E5F636F6E6E6563743A20696E7684
:10311000616C696420636F6E6E0000006E6574639D
:103120006F6E6E5F6C697374656E3A20696E76615E
:103130006C696420636F6E6E000000006E657463DE
:103140006F6E6E5F6163636570743A20696E76615D
:103150006C696420706F696E746572006E6574636B
:103160006F6E6E5F6163636570743A20696E76613D
:103170006C696420636F6E6E000000006E6574639E
:103180006F6E6E5F726563765F7463705F70627599
:10319000663A20696E76616C696420636F6E6E00BA
:1031A0006E6574636F6E6E5F73656E643A20696EF0
:1031B00076616C696420636F6E6E00006E65746387
:1031C0006F6E6E5F77726974653A20696E76616CB6
:1031D000696420636F6E6E006E6574636F6E6E5F00
:1031E00077726974653A20696E76616C69642063F0
:1031F0006F6E6E2D3E74797065000000646F5F77AE
:1032000072697465206661696C656420746F2077EB
:103210007269746520616C6C20627974657300005A
:103220006E6574636F6E6E5F636C6F73653A206971
:103230006E76616C696420636F6E6E002E2F4D692F
:1032400064646C6577617265732F54686972645F3A
:1032500050617274792F4C7749502F7372632F61CC
:1032600070692F6170695F6D73672E6300000000E5
:10327000726563765F756470206D75737420686124
:10328000766520612070636220617267756D656E7E
:1032900074000000726563765F756470206D7573ED
:1032A00074206861766520616E20617267756D6556
:1032B0006E740000726563765F7564703A207265A3
:1032C000637620666F722077726F6E67207063621C
:1032D00021000000636F6E6E20213D204E554C4C46
:1032E00000000000636F6E6E2D3E73746174652084
:1032F0003D3D204E4554434F4E4E5F575249544535
:1033000000000000636F6E6E2D3E63757272656E15
:10331000745F6D736720213D204E554C4C000000BA
:10332000636F6E6E2D3E7063622E74637020213D5C
:10333000204E554C4C000000636F6E6E2D3E637541
:103340007272656E745F6D73672D3E6D73672E7755
:103350002E6F6666736574203C20636F6E6E2D3E23
:1033600063757272656E745F6D73672D3E6D736702
:103370002E772E6C656E0000636F6E6E2D3E63754A
:103380007272656E745F6D73672D3E6D73672E7715
:103390002E766563746F725F636E74203E2030001A
:1033A0006C7769705F6E6574636F6E6E5F646F5F7C
:1033B00077726974656D6F72653A20696E76616CBB
:1033C0006964206C656E67746821000074686973B5
:1033D00020697320666F7220746370206E65746359
:1033E0006F6E6E73206F6E6C79000000636F6E6E8F
:1033F000206D75737420626520696E20737461742A
:1034000065204E4554434F4E4E5F434C4F5345004D
:1034100070636220616C726561647920636C6F73A4
:1034200065640000436C6F73696E672061206C698E
:103430007374656E20706362206D6179206E6F74A5
:10344000206661696C210000726563765F74637049
:10345000206D7573742068617665206120706362E9
:1034600020617267756D656E740000006572722070
:10347000213D204552525F4F4B20756E68616E644E
:103480006C656400726563765F746370206D75733C
:1034900074206861766520616E20617267756D6564
:1034A0006E740000726563765F7463703A207265B3
:1034B000637620666F722077726F6E67207063622A
:1034C00021000000756E68616E646C656420657231
:1034D000726F7200696E61766C6964206F705F63F1
:1034E0006F6D706C657465645F73656D00000000DE
:1034F000636F6E6E2D3E63757272656E745F6D7371
:1035000067203D3D204E554C4C000000636F6E6EB1
:103510002D3E7374617465203D3D204E4554434FEC
:103520004E4E5F434F4E4E454354000028636F6E2E
:103530006E2D3E63757272656E745F6D73672021C8
:103540003D204E554C4C29207C7C20636F6E6E2DA7
:103550003E696E5F6E6F6E5F626C6F636B696E6704
:103560005F636F6E6E65637400000000626C6F6372
:103570006B696E6720636F6E6E6563742073746130
:103580007465206572726F720000000065727220AF
:10359000213D204E554C4C006E6574636F6E6E5F1E
:1035A000616C6C6F633A20756E646566696E656404
:1035B000206E6574636F6E6E5F74797065000000D5
:1035C000504342206D757374206265206465616CA0
:1035D0006C6F6361746564206F75747369646520D2
:1035E000746869732066756E6374696F6E0000009D
:1035F000726563766D626F78206D75737420626595
:10360000206465616C6C6F636174656420626566DB
:103610006F72652063616C6C696E67207468697392
:103620002066756E6374696F6E0000006163636588
:1036300070746D626F78206D75737420626520649C
:1036400065616C6C6F6361746564206265666F723E
:10365000652063616C6C696E6720746869732066AD
:10366000756E6374696F6E00657870656374206E43
:103670006577706362203D3D204E554C4C206F7243
:1036800020657272203D3D204552525F4F4B000035
:103690006E6574636F6E6E207374617465206572FD
:1036A000726F7200616C72656164792077726974FF
:1036B000696E67206F7220636C6F73696E670000BC
:1036C0007374617465210000496E76616C696420D1
:1036D0006E6574636F6E6E20747970650000000013
:1036E0006D73672D3E6D73672E772E6C656E20218E
:1036F0003D2030002E2F4D6964646C6577617265E2
:10370000732F54686972645F50617274792F4C77BB
:1037100049502F7372632F6170692F6E65746275E3
:10372000662E63006E65746275665F616C6C6F63B4
:103730003A20696E76616C696420627566000000EB
:10374000636865636B207468617420666972737462
:1037500020706275662063616E20686F6C642073F0
:10376000697A65006E65746275665F7265663A2097
:10377000696E76616C696420627566006E6574625C
:1037800075665F646174613A20696E76616C696424
:1037900020627566000000006E65746275665F6485
:1037A0006174613A20696E76616C69642064617449
:1037B00061707472000000006E65746275665F640B
:1037C0006174613A20696E76616C6964206C656E23
:1037D000000000006E65746275665F6E6578743A0D
:1037E00020696E76616C6964206275660000000075
:1037F0002E2F4D6964646C6577617265732F546810
:103800006972645F50617274792F4C7749502F73DD
:1038100072632F6170692F74637069702E6300008A
:1038200074637069705F7468726561643A20696E70
:1038300076616C6964206D65737361676500000073
:10384000496E76616C6964206D626F7800000000DB
:103850006661696C656420746F206372656174656C
:103860002074637069705F746872656164206D6252
:103870006F7800006661696C656420746F20637204
:1038800065617465206C6F636B5F74637069705FF2
:10389000636F72650000000074637069705F746824
:1038A00072656164000000002E2F4D6964646C65D0
:1038B00077617265732F54686972645F50617274C6
:1038C000792F4C7749502F7372632F636F72652F76
:1038D000697076342F6574686172702E6300000021
:1038E0006172705F7461626C655B695D2E71203D11
:1038F0003D204E554C4C00006172705F7461626CEB
:10390000655B695D2E7374617465203D3D2045548F
:10391000484152505F53544154455F454D505459AE
:10392000000000006E6574696620213D204E554CF4
:103930004C000000636865636B20746861742066E6
:103940006972737420706275662063616E20686F9F
:103950006C6420737472756374206574686172702E
:103960005F686472000000006E657469662D3E68D1
:1039700077616464725F6C656E206D75737420622C
:1039800065207468652073616D65206173204554FE
:10399000485F4857414444525F4C454E20666F7221
:1039A0002065746861727021000000006172705FB0
:1039B0007461626C655B6172705F6964785D2E73BF
:1039C00074617465203E3D204554484152505F5318
:1039D000544154455F535441424C45006970616401
:1039E000647220213D204E554C4C00006574685F88
:1039F00072657420213D204E554C4C006E657469F3
:103A0000662D3E6877616464725F6C656E203D3D33
:103A1000204554485F4857414444525F4C454E004E
:103A20006E6F207061636B65742071756575657369
:103A300020616C6C6F776564210000007120213D6E
:103A4000204E554C4C0000002E2F4D6964646C656F
:103A500077617265732F54686972645F5061727424
:103A6000792F4C7749502F7372632F636F72652FD4
:103A7000697076342F69636D702E630069636D70B1
:103A80005F696E7075743A206D6F76696E6720722B
:103A90002D3E7061796C6F616420746F2069636D75
:103AA0007020686561646572206661696C65640A8E
:103AB0000000000069636D705F696E7075743A2074
:103AC000726573746F72696E67206F726967696E71
:103AD000616C20702D3E7061796C6F61642066614D
:103AE000696C65640A000000636865636B20746834
:103AF00061742066697273742070627566206361F8
:103B00006E20686F6C642069636D70206D657373DF
:103B1000616765002E2F4D6964646C65776172651D
:103B2000732F54686972645F50617274792F4C7797
:103B300049502F7372632F636F72652F69707634EB
:103B40002F6970342E630000636865636B207468AE
:103B50006174206669727374207062756620636197
:103B60006E20686F6C642073747275637420697062
:103B70005F68647200000000702D3E726566203D33
:103B80003D2031002E2F4D6964646C65776172654C
:103B9000732F54686972645F50617274792F4C7727
:103BA00049502F7372632F636F72652F697076347B
:103BB0002F6970345F667261672E630070637220D4
:103BC000213D204E554C4C007072657620213D20E1
:103BD00069707200707265762D3E6E657874203D56
:103BE0003D2069707200000070627566735F6672D6
:103BF000656564202B20636C656E203C3D20307829
:103C0000666666660000000073616E697479206301
:103C10006865636B206C696E6B6564206C69737496
:103C20000000000069705F72656173735F70627598
:103C300066636F756E74203E3D2070627566735FBB
:103C4000667265656400000073616E697479206353
:103C50006865636B0000000076616C69646174657F
:103C60005F646174616772616D3A6E6578745F70EC
:103C7000627566213D4E554C4C00000069705F72C4
:103C8000656173735F70627566636F756E74203EF5
:103C90003D20636C656E00006E6F74206669727300
:103CA00074616C74686F756768206A7573742065D9
:103CB0006E717565756564006970345F6672616701
:103CC00028293A207062756620746F6F2073686FC0
:103CD0007274000074686973206E65656473206196
:103CE000207062756620696E206F6E652070696550
:103CF00063652100702D3E6C656E203E3D20706F27
:103D0000666600002E2F4D6964646C65776172658C
:103D1000732F54686972645F50617274792F4C77A5
:103D200049502F7372632F636F72652F6D656D2E0F
:103D3000630000006661696C656420746F206372C3
:103D400065617465206D656D5F6D757465780000E3
:103D50006D656D5F667265653A2073616E69747931
:103D600020636865636B20616C69676E6D656E7456
:103D7000000000006D656D5F667265653A20696CD4
:103D80006C6567616C206D656D6F72790000000075
:103D90006D656D5F667265653A20696C6C6567611B
:103DA0006C206D656D6F72793A20646F75626C6519
:103DB00020667265650000006D656D5F6672656501
:103DC0003A20696C6C6567616C206D656D6F727906
:103DD0003A206E6F6E2D6C696E6B65643A20646F6D
:103DE00075626C652066726565000000706C7567B1
:103DF0005F686F6C65733A206D656D203E3D207283
:103E0000616D0000706C75675F686F6C65733A2058
:103E10006D656D203C2072616D5F656E6400000011
:103E2000706C75675F686F6C65733A206D656D2D9A
:103E30003E75736564203D3D20300000706C7567F1
:103E40005F686F6C65733A206D656D2D3E6E6578A9
:103E500074203C3D204D454D5F53495A455F414CD0
:103E600049474E45440000006D656D5F7472696D91
:103E70003A206C6567616C206D656D6F727900002A
:103E80006D656D5F7472696D2063616E206F6E6C1D
:103E90007920736872696E6B206D656D6F72790041
:103EA000696E76616C6964206E65787420707472D6
:103EB000000000006D656D5F6D616C6C6F633A2092
:103EC000616C6C6F6361746564206D656D6F727990
:103ED000206E6F742061626F76652072616D5F6520
:103EE0006E642E006D656D5F6D616C6C6F633A2062
:103EF000616C6C6F6361746564206D656D6F727960
:103F00002070726F7065726C7920616C69676E6584
:103F1000642E00006D656D5F6D616C6C6F633A209F
:103F200073616E69747920636865636B20616C6985
:103F3000676E6D656E7400002E2F4D6964646C654C
:103F400077617265732F54686972645F506172742F
:103F5000792F4C7749502F7372632F636F72652FDF
:103F60006D656D702E6300006D656D705F6D616CC9
:103F70006C6F633A206D656D702070726F70657242
:103F80006C7920616C69676E65640000696E7661AA
:103F90006C696420706F6F6C20646573630000004F
:103FA0006D656D705F6D616C6C6F633A20747970D4
:103FB00065203C204D454D505F4D415800000000AC
:103FC0006D656D705F667265653A206D656D207018
:103FD000726F7065726C7920616C69676E656400E0
:103FE0006D656D705F667265653A207479706520E5
:103FF0003C204D454D505F4D4158000050425546C4
:104000005F504F4F4C000000504255465F524546AE
:104010002F524F4D000000005359535F54494D45F6
:104020004F55540054435049505F4D53475F494EDC
:10403000504B540054435049505F4D53475F4150DB
:10404000490000004E4554434F4E4E004E455442E9
:1040500055460000465241475F5042554600000019
:104060005245415353444154410000005443505F72
:10407000534547005443505F5043425F4C495354AB
:10408000454E00005443505F504342005544505F3A
:10409000504342002E2F4D6964646C6577617265F0
:1040A000732F54686972645F50617274792F4C7712
:1040B00049502F7372632F636F72652F6E65746939
:1040C000662E63006E657469665F696E7075743A1A
:1040D00020696E76616C696420706275660000000C
:1040E0006E657469665F696E7075743A20696E7684
:1040F000616C6964206E6574696600006E65746940
:10410000665F6164643A20696E76616C6964206EF2
:1041100065746966000000006E657469665F6164BD
:10412000643A204E6F20696E69742066756E637400
:10413000696F6E20676976656E0000006E65746950
:104140006620616C726561647920616464656400F5
:10415000746F6F206D616E79206E65746966732C63
:10416000206D61782E20737570706F727465642095
:104170006E756D62657220697320323535000000FE
:104180006E657469665F7365745F75703A20696EF9
:1041900076616C6964206E65746966006E65746929
:1041A000665F7365745F646F776E3A20696E7661DF
:1041B0006C6964206E657469660000006E657469E0
:1041C000665F7365745F6C696E6B5F75703A2069CA
:1041D0006E76616C6964206E65746966000000002B
:1041E0006E657469665F7365745F6C696E6B5F643E
:1041F0006F776E3A20696E76616C6964206E6574C3
:10420000696600002E2F4D6964646C657761726584
:10421000732F54686972645F50617274792F4C77A0
:1042200049502F7372632F636F72652F70627566CA
:104230002E630000696E76616C6964207062756639
:104240005F74797065000000696E6372656D656EFC
:10425000745F6D61676E6974756465203C3D2070A4
:104260002D3E6C656E000000706275665F6672655B
:10427000653A20702D3E726566203E2030000000B9
:1042800070632D3E637573746F6D5F667265655FF5
:1042900066756E6374696F6E20213D204E554C4CDF
:1042A00000000000696E76616C696420706275665A
:1042B0002074797065000000706275665F616C6CD7
:1042C0006F633A206572726F6E656F7573207479D3
:1042D00070650000706275665F7265616C6C6F631B
:1042E0003A207020213D204E554C4C00706275667E
:1042F0005F7265616C6C6F633A207120213D204EC6
:10430000554C4C006D656D5F7472696D20726574FB
:1043100075726E65642071203D3D204E554C4C00F9
:104320007062756620726566206F766572666C6F66
:1043300077000000286820213D204E554C4C292054
:10434000262620287420213D204E554C4C2920281B
:1043500070726F6772616D6D65722076696F6C61E6
:10436000746573204150492900000000702D3E748F
:104370006F745F6C656E203D3D20702D3E6C656EE8
:1043800020286F66206C61737420706275662069E6
:104390006E20636861696E2900000000702D3E6E1A
:1043A000657874203D3D204E554C4C00706275661A
:1043B0005F636F70793A20746172676574206E6F05
:1043C000742062696720656E6F75676820746F205E
:1043D000686F6C6420736F75726365006F666673D7
:1043E00065745F746F203C3D20705F746F2D3E6C70
:1043F000656E00006F66667365745F66726F6D2030
:104400003C3D20705F66726F6D2D3E6C656E0000E6
:10441000705F746F20213D204E554C4C0000000011
:10442000706275665F636F7079282920646F6573A9
:10443000206E6F7420616C6C6F77207061636B65A8
:104440007420717565756573210000007062756672
:104450005F636F70795F7061727469616C3A206933
:104460006E76616C696420627566000070627566C4
:104470005F636F70795F7061727469616C3A206913
:104480006E76616C6964206461746170747200009E
:10449000706275665F636F7079206661696C6564D0
:1044A000000000002E2F4D6964646C6577617265B1
:1044B000732F54686972645F50617274792F4C77FE
:1044C00049502F7372632F636F72652F7463702E60
:1044D0006300000070636220213D204E554C4C006B
:1044E0007463705F7063625F70757267650000006F
:1044F0007463705F7063625F70757267653A2064A1
:10450000617461206C656674206F6E202D3E72654B
:1045100066757365645F6461746100007463705FE5
:104520007063625F70757267653A206E6F742061A8
:104530006C6C20646174612073656E74000000000F
:104540007463705F7063625F70757267653A206450
:10455000617461206C656674206F6E202D3E756EEF
:1045600061636B65640000007463705F7063625F19
:1045700070757267653A2064617461206C65667459
:10458000206F6E202D3E6F6F736571007463705FD6
:10459000667265653A204C495354454E0000000050
:1045A0007463705F62696E643A20696E76616C69EB
:1045B00064207063620000007463705F62696E64FF
:1045C0003A2063616E206F6E6C792062696E6420A0
:1045D000696E20737461746520434C4F53454400E9
:1045E0007463705F62696E643A2062696E642074FD
:1045F0006F20706F7274202568750A007463705F95
:104600006C697374656E5F776974685F6261636B10
:104610006C6F675F616E645F6572723A20696E7677
:10462000616C696420706362000000007463705FF5
:104630006C697374656E5F776974685F6261636BE0
:104640006C6F675F616E645F6572723A207063625F
:1046500020616C726561647920636F6E6E6563744E
:10466000656400007463705F7570646174655F7287
:1046700063765F616E6E5F776E643A20696E766115
:104680006C696420706362006E65775F7263765F49
:10469000616E6E5F776E64203C3D203078666666A2
:1046A000660000007463705F7265637665643A202B
:1046B000696E76616C69642070636200646F6E2756
:1046C000742063616C6C207463705F7265637665DF
:1046D0006420666F72206C697374656E2D706362FE
:1046E000730000007463705F7265637665643A20DE
:1046F00077696E646F7720676F7420746F6F2062C4
:104700006967206F7220746370776E645F73697A73
:10471000655F74206F766572666C6F7700000000CD
:104720007463705F7265637665643A207265636571
:1047300069766564202568752062797465732C201C
:10474000776E64202568752028256875292E0A0053
:104750007463705F636F6E6E6563743A20696E7622
:10476000616C696420706362000000007463705FB4
:10477000636F6E6E6563743A20696E76616C69640E
:1047800020697061646472007463705F636F6E6E41
:104790006563743A2063616E206F6E6C7920636F7D
:1047A0006E6E6563742066726F6D207374617465DC
:1047B00020434C4F534544007463705F636F6E6ECB
:1047C00065637420746F20706F7274202568750A99
:1047D000000000007463705F736C6F77746D723AE1
:1047E000206E6F2061637469766520706362730068
:1047F0007463705F736C6F77746D723A2070726F50
:1048000063657373696E6720616374697665207090
:10481000636200007463705F736C6F77746D723ADB
:1048200020616374697665207063622D3E737461E4
:10483000746520213D20434C4F5345440A0000003D
:104840007463705F736C6F77746D723A2061637418
:10485000697665207063622D3E73746174652021F2
:104860003D204C495354454E0A0000007463705F6C
:10487000736C6F77746D723A20616374697665202A
:104880007063622D3E737461746520213D2054492C
:104890004D452D574149540A000000007463705F74
:1048A000736C6F77746D723A206D61782053594E36
:1048B00020726574726965732072656163686564EE
:1048C000000000007463705F736C6F77746D723AF0
:1048D000206D61782044415441207265747269658D
:1048E0007320726561636865640000007463705FC3
:1048F000736C6F7774696D723A2070657273697347
:1049000074207469636B696E6720776974682069C5
:104910006E2D666C696768742064617461000000C4
:104920007463705F736C6F7774696D723A20706531
:104930007273697374207469636B696E6720776939
:10494000746820656D7074792073656E642062757B
:1049500066666572000000007463705F736C6F7749
:10496000746D723A2072656D6F76696E6720706340
:104970006220737475636B20696E2046494E2D5713
:104980004149542D320000007463705F736C6F777F
:10499000746D723A204B454550414C495645207440
:1049A000696D656F75742E2041626F7274696E67F0
:1049B00020636F6E6E656374696F6E20746F200084
:1049C0002568752E2568752E2568752E2568750055
:1049D0007463705F736C6F77746D723A2072656D7B
:1049E0006F76696E672070636220737475636B20E5
:1049F000696E2053594E2D52435644007463705FC4
:104A0000736C6F77746D723A2072656D6F76696E34
:104A1000672070636220737475636B20696E204C2D
:104A20004153542D41434B007463705F736C6F7737
:104A3000746D723A206D6964646C652074637020D3
:104A4000213D207463705F6163746976655F706394
:104A5000627300007463705F736C6F77746D723A89
:104A600020666972737420706362203D3D20746318
:104A7000705F6163746976655F70636273000000E4
:104A80007463705F736C6F77746D723A20706F6CC3
:104A90006C696E67206170706C69636174696F6EB8
:104AA000000000007463705F736C6F77746D723A0E
:104AB0002054494D452D57414954207063622D3E85
:104AC0007374617465203D3D2054494D452D574117
:104AD000495400007463705F736C6F77746D723A41
:104AE000206D6964646C652074637020213D2074BE
:104AF00063705F74775F7063627300007463705FEC
:104B0000736C6F77746D723A20666972737420707B
:104B10006362203D3D207463705F74775F706362F1
:104B2000730000007463705F7365675F636F707913
:104B30003A20696E76616C696420736567000000D5
:104B4000696E76616C696420736F636B6574207342
:104B50007461746520666F7220726563762063618C
:104B60006C6C6261636B0000696E76616C696420D5
:104B7000736F636B657420737461746520666F7204
:104B80002073656E742063616C6C6261636B0000FE
:104B9000696E76616C696420736F636B65742073F2
:104BA0007461746520666F72206572722063616C37
:104BB0006C6261636B0000007463705F706F6C6C9B
:104BC0003A20696E76616C6964207063620000004F
:104BD000696E76616C696420736F636B65742073B2
:104BE0007461746520666F7220706F6C6C000000D9
:104BF0007463705F7063625F70757267653A206995
:104C00006E76616C69642070636200007463705F2B
:104C10006E6578745F6973733A20696E76616C694A
:104C200064207063620000007463705F6566665F95
:104C300073656E645F6D73735F6E657469663A2049
:104C4000696E76616C6964206473745F69700000DA
:104C500053746174653A2025730A00007463705FB1
:104C6000706362735F73616E653A20616374697625
:104C700065207063622D3E737461746520213D2050
:104C8000434C4F53454400007463705F706362731C
:104C90005F73616E653A2061637469766520706345
:104CA000622D3E737461746520213D204C4953543C
:104CB000454E00007463705F706362735F73616E72
:104CC000653A20616374697665207063622D3E7376
:104CD0007461746520213D2054494D452D5741494B
:104CE000540000007463705F706362735F73616E81
:104CF000653A207477207063622D3E737461746529
:104D0000203D3D2054494D452D5741495400000058
:104D10007463705F7063625F72656D6F76653A2071
:104D2000696E76616C696420706362007463705FA1
:104D30007063625F72656D6F76653A20696E766149
:104D40006C6964207063626C69737400756E73655E
:104D50006E74207365676D656E7473206C65616B2E
:104D6000696E6700756E61636B6564207365676D5E
:104D7000656E7473206C65616B696E67000000007E
:104D80006F6F736571207365676D656E7473206CEA
:104D900065616B696E6700007463705F636C6F734D
:104DA000655F73687574646F776E3A20696E7661BB
:104DB0006C696420706362007063622D3E666C6192
:104DC000677320262054465F5258434C4F53454446
:104DD000000000007463705F667265655F6C6973E4
:104DE00074656E3A20214C495354454E0000000032
:104DF0007463705F636C6F73653A20696E76616C83
:104E000069642070636200007463705F636C6F7329
:104E1000653A20636C6F73696E6720696E200000CD
:104E20007463705F73687574646F776E3A20696E2F
:104E300076616C6964207063620000007463705F67
:104E4000726563765F6E756C6C3A20696E76616C24
:104E500069642070636200007463705F70726F63D6
:104E60006573735F726566757365645F64617461B1
:104E70003A20696E76616C6964207063620000009C
:104E80007463705F66617374746D723A2064656CEC
:104E9000617965642041434B000000007463705FDA
:104EA00066617374746D723A2070656E64696E67C2
:104EB0002046494E000000007463705F6162616EBD
:104EC000646F6E3A20696E76616C6964207063620B
:104ED00000000000646F6E27742063616C6C2074A6
:104EE00063705F61626F72742F7463705F6162617F
:104EF0006E646F6E20666F72206C697374656E2DC0
:104F000070636273000000007463705F61636365C7
:104F100070745F6E756C6C3A20696E76616C696452
:104F200020706362000000007463705F616C6C6FDE
:104F3000633A206B696C6C696E67206F6666206FE0
:104F40006C646573742054494D452D574149542074
:104F5000636F6E6E656374696F6E00007463705F7B
:104F600068616E646C655F636C6F736570656E64B9
:104F70003A2070656E64696E672046494E000000F5
:104F80007463705F6B696C6C5F74696D6577616980
:104F9000743A206B696C6C696E67206F6C64657322
:104FA000742054494D452D574149542050434220C7
:104FB00025702028256C64290A0000007463705F46
:104FC000616C6C6F633A206B696C6C696E67206F03
:104FD0006666206F6C64657374204C4153542D4198
:104FE000434B20636F6E6E656374696F6E000000E3
:104FF0004C4153545F41434B000000007463705FA9
:105000006B696C6C5F636C6F73696E673A206B6978
:105010006C6C696E67206F6C6465737420257320F7
:105020005043422025702028256C64290A00000086
:105030007463705F616C6C6F633A206B696C6C6950
:105040006E67206F6666206F6C6465737420434CD6
:105050004F53494E4720636F6E6E656374696F6E80
:1050600000000000434C4F53494E47007463705F8B
:10507000616C6C6F633A206B696C6C696E67206F52
:105080006C6465737420636F6E6E656374696F6EB4
:105090002077697468207072696F206C6F77657211
:1050A000207468616E2025640A0000007463705FDC
:1050B0006B696C6C5F7072696F3A206B696C6C69BC
:1050C0006E67206F6C6465737420504342202570B6
:1050D0002028256C64290A0053594E5F53454E54CD
:1050E0000000000053594E5F524356440000000038
:1050F00045535441424C49534845440046494E5F4C
:10510000574149545F31000046494E5F5741495469
:105110005F320000434C4F53455F574149540000F4
:1051200054494D455F574149540000002E2F4D69A9
:1051300064646C6577617265732F54686972645F2B
:1051400050617274792F4C7749502F7372632F63BB
:105150006F72652F7463705F696E2E6300000000CC
:105160007063622D3E736E645F71756575656C6505
:105170006E203E3D20706275665F636C656E286EC2
:105180006578742D3E7029007463705F7265636585
:105190006976653A2076616C69642071756575651C
:1051A000206C656E677468007463705F7265636518
:1051B0006976653A2077726F6E67207374617465E3
:1051C00000000000696E7365672E7020213D204E3F
:1051D000554C4C00696E73616E65206F6666736531
:1051E000742100007062756620746F6F2073686FA1
:1051F000727421007463705F726563656976653AE5
:10520000207365676D656E74206E6F7420747269AB
:105210006D6D656420636F72726563746C79207460
:105220006F207263765F776E640A00007463705F4C
:10523000726563656976653A207365676D656E743E
:10524000206E6F74207472696D6D656420636F7277
:10525000726563746C7920746F206F6F7365712051
:1052600071756575650A00007463705F72656365CA
:105270006976653A207463706C656E203E207263B7
:10528000765F776E640A00007463705F72656365B1
:105290006976653A206F6F736571207463706C6511
:1052A0006E203E207263765F776E640A0000000015
:1052B0007463705F696E7075743A20696E76616CA4
:1052C0006964207062756600702D3E6E657874208A
:1052D000213D204E554C4C00702D3E6C656E203D9E
:1052E0003D203000702D3E746F745F6C656E203D04
:1052F0003D20702D3E6E6578742D3E746F745F6C2A
:10530000656E00007463705F696E7075743A206139
:105310006374697665207063622D3E737461746591
:1053200020213D20434C4F53454400007463705F7F
:10533000696E7075743A2061637469766520706374
:10534000622D3E737461746520213D2054494D45A2
:105350002D574149540000007463705F696E707589
:10536000743A20616374697665207063622D3E73C0
:105370007461746520213D204C495354454E000012
:105380007463705F696E7075743A207063622D3E4D
:105390006E65787420213D20706362202862656606
:1053A0006F72652063616368652900007463705FD4
:1053B000696E7075743A207063622D3E6E65787404
:1053C00020213D207063622028616674657220632D
:1053D00061636865290000007463705F696E7075B1
:1053E000743A2054494D452D574149542070636209
:1053F0002D3E7374617465203D3D2054494D452D0B
:10540000574149540000000054435020636F6E6EB2
:10541000656374696F6E207265717565737420259C
:105420006875202D3E202568752E0A007463705F14
:105430006C697374656E5F696E7075743A20636F22
:10544000756C64206E6F7420616C6C6F6361746541
:1054500020504342000000007463705F696E7075F5
:10546000743A207063622D3E737461746520213D2F
:1054700020434C4F534544007463705F70726F63F8
:105480006573733A20756E61636365707461626CF5
:1054900065207265736574207365716E6F20256C6D
:1054A00075207263765F6E787420256C750A000033
:1054B0007063622D3E736E645F71756575656C65B2
:1054C0006E203E20300000006E6F207365676D65B2
:1054D0006E7420746F20667265650000544350201E
:1054E000636F6E6E656374696F6E2065737461625D
:1054F0006C697368656420256875202D3E202568D9
:10550000752E0A007063622D3E6C697374656E655A
:10551000722D3E61636365707420213D204E554CB1
:105520004C00000054435020636F6E6E65637469D5
:105530006F6E20636C6F7365643A2046494E5F5707
:105540004149545F3120256875202D3E202568751E
:105550002E0A000054435020636F6E6E65637469B9
:105560006F6E20636C6F7365643A2046494E5F57D7
:105570004149545F3220256875202D3E20256875ED
:105580002E0A000054435020636F6E6E6563746989
:105590006F6E20636C6F7365643A20434C4F5349C0
:1055A0004E4720256875202D3E202568752E0A005F
:1055B00054435020636F6E6E656374696F6E206331
:1055C0006C6F7365643A204C4153545F41434B20E8
:1055D000256875202D3E202568752E0A00000000E4
:1055E0007063622D3E726566757365645F64617495
:1055F00061203D3D204E554C4C0000007463705FAF
:10560000696E7075743A207463705F706362735F63
:1056100073616E65282900002E2F4D6964646C65E6
:1056200077617265732F54686972645F5061727438
:10563000792F4C7749502F7372632F636F72652FE8
:105640007463705F6F75742E630000007463705F25
:105650006372656174655F7365676D656E743A202A
:10566000696E76616C69642070636200702D3E74AF
:105670006F745F6C656E203E3D206F70746C656E5C
:10568000000000007463705F6F75747075745F6103
:105690006C6C6F635F6865616465723A20696E76F1
:1056A000616C696420706362000000006368656378
:1056B0006B207468617420666972737420706275FF
:1056C000662063616E20686F6C642073747275630A
:1056D00074207463705F6864720000007463705FAC
:1056E00077726974653A20696E76616C69642070BE
:1056F000636200007463705F77726974653A206159
:105700007267203D3D204E554C4C202870726F67CB
:1057100072616D6D65722076696F6C61746573205E
:1057200041504929000000007463705F777269740A
:10573000653A207062756673206F6E2071756575AD
:1057400065203D3E206174206C65617374206F6E2E
:1057500065207175657565206E6F6E2D656D707451
:10576000790000007463705F77726974653A206E27
:105770006F207062756673206F6E20717565756538
:10578000203D3E20626F74682071756575657320D9
:10579000656D7074790000006D73735F6C6F636189
:1057A0006C20697320746F6F20736D616C6C0000E6
:1057B000756E73656E745F6F76657273697A652056
:1057C0006D69736D617463682028706362207673FD
:1057D0002E206C6173745F756E73656E74290000A2
:1057E000696E636F6E73697374656E74206F76652E
:1057F0007273697A652076732E2073706163650019
:10580000696E636F6E73697374656E74206F76650D
:105810007273697A652076732E206C656E000000C5
:105820006E65656420756E636861696E656420707D
:10583000627566007463705F77726974653A2052AE
:105840004F4D2070627566732063616E6E6F7420B9
:105850006265206F76657273697A65640000000086
:105860006F76657273697A65203D3D2030000000D7
:10587000707265765F73656720213D204E554C4CF4
:10588000000000006C6173745F756E73656E742D3B
:105890003E6F76657273697A655F6C656674203EEB
:1058A0003D206F76657273697A655F757365640014
:1058B0007463705F77726974653A2063616E6E6FAE
:1058C0007420636F6E636174656E617465207768C0
:1058D000656E207063622D3E756E73656E7420690F
:1058E0007320656D707479007463705F777269748A
:1058F000653A20657874656E73696F6E206F6620F7
:105900007265666572656E63652072657175697230
:105910006573207265666572656E636500000000E0
:105920007463705F77726974653A2076616C69643C
:10593000207175657565206C656E67746800000080
:10594000756E73656E745F6F76657273697A6520C4
:105950006D69736D6174636820287063622D3E7594
:105960006E73656E74206973204E554C4C2900008F
:105970007463705F73706C69745F756E73656E7459
:105980005F7365673A20696E76616C696420706345
:105990006200000043616E27742073706C6974208C
:1059A0007365676D656E7420696E746F206C656ECB
:1059B000677468203000000073706C6974203C3D8F
:1059C000206D737300000000757365672D3E6C6574
:1059D0006E203E20300000007463705F73656E645B
:1059E0005F66696E3A20696E76616C6964207063E7
:1059F000620000007365672D3E74637068647220F6
:105A00006E6F7420616C69676E6564007463705FAB
:105A1000656E71756575655F666C6167733A20695F
:105A20006E76616C6964207365676D656E74206C59
:105A3000656E6774680000007463705F656E7175F1
:105A40006575655F666C6167733A20696E76616C37
:105A50006964207175657565206C656E6774680092
:105A60007463705F656E71756575655F666C61679F
:105A7000733A206E656564206569746865722054A8
:105A800043505F53594E206F72205443505F464934
:105A90004E20696E20666C616773202870726F6794
:105AA00072616D6D65722076696F6C6174657320CB
:105AB00041504929000000007463705F656E717584
:105AC0006575655F666C6167733A20696E76616CB7
:105AD00069642070636200007463705F656E717545
:105AE0006575655F666C6167733A20636865636BB3
:105AF00020746861742066697273742070627566C0
:105B00002063616E20686F6C64206F70746C656ECA
:105B1000000000007463705F7265786D69745F7275
:105B2000746F5F707265706172653A20696E76613C
:105B30006C696420706362007463705F7265786D75
:105B400069743A20696E76616C69642070636200E2
:105B50007463705F7265786D69745F666173743ABF
:105B600020696E76616C69642070636200000000D9
:105B70007463705F7273743A20696E76616C6964E5
:105B8000206C6F63616C5F69700000007463705F0C
:105B90007273743A20696E76616C69642072656D07
:105BA0006F74655F697000007463705F7273743A3C
:105BB00020636F756C64206E6F7420616C6C6F6312
:105BC000617465206D656D6F727920666F722070EB
:105BD000627566007463705F73656E645F656D7097
:105BE00074795F61636B3A20696E76616C696420D9
:105BF000706362007463705F6F75747075743A20BF
:105C0000696E76616C69642070636200646F6E27F0
:105C1000742063616C6C207463705F6F7574707551
:105C20007420666F72206C697374656E2D70636288
:105C300073000000525354206E6F742065787065B5
:105C40006374656420686572652100006F70746913
:105C50006F6E73206E6F742066696C6C65640000F3
:105C60007463705F7265786D69745F72746F5F637F
:105C70006F6D6D69743A20696E76616C696420702D
:105C8000636200007463705F7265786D69745F723F
:105C9000746F3A20696E76616C696420706362008B
:105CA0007463705F6B656570616C6976653A2069D5
:105CB0006E76616C69642070636200007463705F6B
:105CC0006B656570616C6976653A2073656E6469B1
:105CD0006E67204B454550414C4956452070726FC8
:105CE000626520746F2000007463705F6B6565707F
:105CF000616C6976653A207463705F7469636B7375
:105D000020256C752020207063622D3E746D7220FA
:105D1000256C75207063622D3E6B6565705F636EE8
:105D2000745F73656E74202568750A007463705F14
:105D30006B656570616C6976653A20636F756C643C
:105D4000206E6F7420616C6C6F63617465206D658B
:105D50006D6F727920666F72207062756600000048
:105D60007463705F6B656570616C6976653A20730A
:105D700065716E6F20256C752061636B6E6F2025D9
:105D80006C75206572722025642E0A007463705F42
:105D90007A65726F5F77696E646F775F70726F623A
:105DA000653A20696E76616C6964207063620000F8
:105DB0007463705F7A65726F5F77696E646F775F27
:105DC00070726F62653A2073656E64696E67205AFF
:105DD00045524F2057494E444F572070726F6265AD
:105DE00020746F20000000007463705F7A65726F2A
:105DF0005F77696E646F775F70726F62653A207467
:105E000063705F7469636B7320256C75202020704C
:105E100063622D3E746D7220256C75207063622D57
:105E20003E6B6565705F636E745F73656E7420258D
:105E300068750A007463705F7A65726F5F77696E68
:105E4000646F775F70726F62653A206E6F206D6568
:105E50006D6F727920666F72207062756600000047
:105E60007463705F7A65726F5F77696E646F775F76
:105E700070726F62653A207365716E6F20256C7564
:105E80002061636B6E6F20256C7520657272202512
:105E9000642E0A002E2F4D6964646C65776172650B
:105EA000732F54686972645F50617274792F4C77F4
:105EB00049502F7372632F636F72652F74696D651C
:105EC0006F7574732E6300007379735F74696D6509
:105ED0006F75743A2074696D656F757420213D206B
:105EE0004E554C4C2C20706F6F6C204D454D505FC3
:105EF0005359535F54494D454F555420697320659C
:105F00006D7074790000000054696D656F757420C0
:105F100074696D6520746F6F206C6F6E672C206DD7
:105F20006178206973204C5749505F55494E54336E
:105F3000325F4D41582F34206D736563730000004C
:105F40002E2F4D6964646C6577617265732F546898
:105F50006972645F50617274792F4C7749502F7366
:105F600072632F636F72652F7564702E630000007B
:105F70007564705F696E7075743A20696E76616CD5
:105F800069642070627566007564705F696E707513
:105F9000743A20696E76616C6964206E6574696616
:105FA000000000007564705F696E7075745F6C6FDF
:105FB00063616C5F6D617463683A20696E76616CD1
:105FC0006964206E65746966000000007062756621
:105FD0005F72656D6F76655F686561646572206686
:105FE00061696C65640A00007564705F62696E6463
:105FF0003A20696E76616C6964207063620000000B
:106000007564705F73656E64746F5F69665F7372E9
:10601000633A20696E76616C696420706362000087
:106020007564705F73656E64746F5F69665F7372C9
:10603000633A20696E76616C6964207062756600EF
:106040007564705F73656E64746F5F69665F7372A9
:10605000633A20696E76616C6964206473745F6969
:10606000700000007564705F73656E64746F5F69C3
:10607000665F7372633A20696E76616C696420733F
:1060800072635F69700000007564705F73656E64B1
:10609000746F5F69665F7372633A20696E76616CD4
:1060A0006964206E6574696600000000636865635A
:1060B0006B207468617420666972737420706275F5
:1060C000662063616E20686F6C6420737472756300
:1060D00074207564705F6864720000007564705F9E
:1060E00073656E64746F3A20696E76616C696420C2
:1060F000706362007564705F73656E64746F3A20DC
:10610000696E76616C6964207062756600000000DB
:106110007564705F73656E64746F3A20696E766142
:106120006C6964206473745F697000007564705FEB
:1061300073656E643A20696E76616C696420706381
:10614000620000007564705F73656E643A20696E6A
:1061500076616C6964207062756600007564705FBA
:10616000636F6E6E6563743A20696E76616C696404
:1061700020706362000000007564705F636F6E6E74
:106180006563743A20696E76616C69642069706138
:10619000646472007564705F726563763A20696E3C
:1061A00076616C6964207063620000007564705FE2
:1061B00072656D6F76653A20696E76616C696420F0
:1061C000706362002E2F4D6964646C65776172653F
:1061D000732F54686972645F50617274792F4C77C1
:1061E00049502F7372632F6E657469662F657468EA
:1061F00065726E65742E63006E657469662D3E6807
:1062000077616464725F6C656E206D757374206273
:1062100065203620666F722065746865726E6574DD
:106220005F6F757470757421000000005465726DA5
:10623000696E616C00000000284E554C4C2900002E
:10624000706C5F6164635F696E697400706C5F633A
:1062500072635F696E697400706C5F646D615F6921
:106260006E6974002E2F506C6174666F726D2F53BF
:1062700072632F706C5F6574682E630045746849A3
:10628000660000005A65726F2D636F707920525856
:10629000205042554620706F6F6C0000706C5F6537
:1062A0007874695F696E697400000000706C5F67E4
:1062B00070696F5F696E697400000000706C5F68E0
:1062C000756237355F696E6974000000706C5F69D4
:1062D0007764675F696E6974000000004574684CFC
:1062E000696E6B00706C5F7274635F696E697400D5
:1062F000706C5F7274745F696E697400706C5F7348
:1063000070695F696E697400706C5F74696D5F6954
:106310006E697400706C5F756172745F696E697428
:1063200000000000BC1D0608000000000000000086
:106330000000000000000000000400001800000041
:106340000000000000000000CC1D06080000000056
:10635000B803002050000000AC0300200C00000037
:10636000C50D0408E41D0608000000002C040020F0
:1063700050000000200400200C000000F01D060862
:10638000000000000000000000000000000000000D
:1063900000040000180000000000000000000000E1
:1063A000001E0608000000000000000000000000C1
:1063B00000000000000400001800000000000000C1
:1063C00000000000181E0608000000000000000089
:1063D00000000000000000000004000018000000A1
:1063E0000000000000000000BD0F04088C36060805
:1063F000381F0608601F0608841F0608941F060839
:10640000000000000000000000000000000000008C
:106410000004000018000000000000000000000060
:106420000800000028640608F9130408A41F0608E1
:10643000000000000000000000000000000000005C
:106440000004000018000000000000000000000030
:10645000BC1F060800000000000000000000000053
:106460000000000000040000180000000000000010
:1064700000000000070000007C640608B513040853
:10648000C81F060800000000000000000000000017
:1064900000000000000400001800000000000000E0
:1064A00000000000DC1F06080000000000000000E3
:1064B00000000000000000000004000018000000C0
:1064C000000000000000000011110408E81F060889
:1064D00000000000000000000000000000000000BC
:1064E0000004000018000000000000000000000090
:1064F0004821060800000000000000000000000025
:10650000000000000004000018000000000000006F
:106510000000000068210608000000006C1B00203D
:10652000500000003413002038080000ED1B040860
:10653000691E0408CD1E0408FD1C0408791C04080B
:106540003D1C0408F11B0408B51C0408782106084A
:10655000000000000000000000000000000000003B
:10656000000400001800000000000000000000000F
:10657000A0210608000000002004001050000000C8
:1065800008010010180300001018200030313233C9
:10659000343536373839616263646566000000005F
:1065A0002020202020E6ACA2E8BF8EE682A82100B1
:1065B0002020E9AB98E9809FE585ACE8B7AF000003
:1065C000E8B4B5E5B79EE79C81000000A826060860
:1065D00000000000000000000000000000000000BB
:1065E000000400001800000000000000000000008F
:1065F000D02606080000000070280020500000008F
:1066000098260020D7010000E026060800000000C0
:106610000000000000000000000000000004000076
:106620001800000000000000000000000827060815
:1066300000000000182A002050000000202900203F
:10664000F60000000102030000010302E7B3BBE70C
:10665000BB9FE6ADA3E59CA8E58AA0E794B5E887D3
:10666000AAE6A38000000000E7A59DE682A8E4B8A2
:1066700080E8B7AFE5B9B3E5AE8900000A640A0067
:10668000000102031018200053435F46585F503743
:106690002E36325F312E300000010203040506075A
:1066A000081212121212120A090C0D0E0F0000002D
:1066B0005C27060894270608A8270608B0270608BE
:1066C000B0270608D4270608EC2706080428060881
:1066D0001428060800000000000000000000000070
:1066E000000000000004000018000000000000008E
:1066F000000000003C28060800000000982E002042
:1067000050000000802B0020150300000001020350
:1067100004050607081111111111111111111111A0
:1067200009110A110C0B1111111111110D11111177
:106730001111111111111111111111111111111149
:1067400011110E11100F00009C2D0608A42D060833
:10675000B02D0608E51B04087D21040885210408E6
:10676000BC2D060800000000483600205000000044
:10677000C83500208000000000010203101820002E
:10678000C0A80101FFFFFF00C0A80105A157040830
:10679000F5560408BD560408002206085C69060880
:1067A00018000000C8670608030100000822060858
:1067B000CC67060828000000C06706080500010035
:1067C000201814100E000000201810000E00000009
:1067D0000000000000000E00010000000005400065
:1067E0000E0002000000000A80000E0003000000FE
:1067F000000FC0000E0100000100000500000E01A6
:106800000100A400000F70000E0102004801000901
:10681000E0000E010300EC01000450001000000035
:106820008F02000EC0001000010090020004C000A2
:10683000100002009002000AC00010000300910244
:106840000000C0001001000091020006C00010010D
:1068500001004C030007400010010200070400077C
:10686000C00010010300C204000840001400000032
:106870007D050008C000140001007E050007C0006F
:10688000140002007F050006C0001400030080050C
:106890000005C0001401000081050004C0001401BF
:1068A0000100DF06000FB000140102003E08000ADC
:1068B000A000140103009D090005900018000000CD
:1068C000FC0A0000800018000100FD0A00028000A0
:1068D00018000200FE0A0004800018000300FF0AEE
:1068E0000006800018010000000B0008800018015D
:1068F0000100A50C0005A000180102004A0E0002CC
:10690000C00018010300EE0F000FE000200000009F
:106910009311000D000020000100951100050000FA
:10692000200002009611000D0000200003009811C5
:1069300000050000200100009911000D0000200159
:1069400001008514000F00002001020072170001F1
:106950000000200103005E1A000300001000000088
:106960000000000000001000010000000000000016
:1069700010000200010000004000100003000100B0
:106980000000400010010000020000008000100123
:106990000100470000002001100102008C000000EF
:1069A000C00110010300D1000002600018000000C7
:1069B000160100030000180001001701000C20FF61
:1069C00018000200190100034000180003001A011A
:1069D000000C60FF180100001C0101F480FF180189
:1069E0000100B70101F9C0FF18010200520201FEC7
:1069F000000018010300EE0201F440FF2000000037
:106A0000890301F980FF200001008B0301F9A0FF39
:106A1000200002008D0301F9C0FF200003008F0356
:106A200001F9E0FF20010000910301F900002001BD
:106A30000100A50401FB200020010200B90501FDB1
:106A4000400020010300CD0601FF600000000000AF
:106A50000102030400000000000000000102030422
:106A600006070809157D040879770408597B04088E
:106A700006000006010106020207000307010407E1
:106A800002050000050000050101050202000000EA
:106A900002020203000303010403020504000604CA
:106AA00001070402080000000101010102020200C6
:106AB00003020104000000000101000202010003C2
:106AC000497F040800000000F97E04080D7F0408D7
:106AD000C0A87201FFFFFF00C0A872C8ED810408C2
:106AE0001982040835820408F5810408F18104083C
:106AF00000002000000040000000800000000001B5
:106B0000498304082984040841850408F18804089D
:106B10009D8204080006101600061016A400E8A1C5
:106B2000A700ECA1A800A7A1B000E3A1B100C0A1FB
:106B3000B700A4A1D700C1A1E000A4A8E100A2A8C9
:106B4000E800A8A8E900A6A8EA00BAA8EC00ACA84A
:106B5000ED00AAA8F200B0A8F300AEA8F700C2A109
:106B6000F900B4A8FA00B2A8FC00B9A80101A1A8D4
:106B70001301A5A81B01A7A82B01A9A84401BDA822
:106B80004801BEA84D01ADA86B01B1A8CE01A3A8D4
:106B9000D001ABA8D201AFA8D401B3A8D601B5A843
:106BA000D801B6A8DA01B7A8DC01B8A85102BBA881
:106BB0006102C0A8C702A6A1C902A5A1CA0240A835
:106BC000CB0241A8D90242A89103A1A69203A2A692
:106BD0009303A3A69403A4A69503A5A69603A6A62D
:106BE0009703A7A69803A8A69903A9A69A03AAA6FD
:106BF0009B03ABA69C03ACA69D03ADA69E03AEA6CD
:106C00009F03AFA6A003B0A6A103B1A6A303B2A69B
:106C1000A403B3A6A503B4A6A603B5A6A703B6A668
:106C2000A803B7A6A903B8A6B103C1A6B203C2A61A
:106C3000B303C3A6B403C4A6B503C5A6B603C6A6CC
:106C4000B703C7A6B803C8A6B903C9A6BA03CAA69C
:106C5000BB03CBA6BC03CCA6BD03CDA6BE03CEA66C
:106C6000BF03CFA6C003D0A6C103D1A6C303D2A63B
:106C7000C403D3A6C503D4A6C603D5A6C703D6A608
:106C8000C803D7A6C903D8A60104A7A71004A1A7C3
:106C90001104A2A71204A3A71304A4A71404A5A770
:106CA0001504A6A71604A8A71704A9A71804AAA73D
:106CB0001904ABA71A04ACA71B04ADA71C04AEA70C
:106CC0001D04AFA71E04B0A71F04B1A72004B2A7DC
:106CD0002104B3A72204B4A72304B5A72404B6A7AC
:106CE0002504B7A72604B8A72704B9A72804BAA77C
:106CF0002904BBA72A04BCA72B04BDA72C04BEA74C
:106D00002D04BFA72E04C0A72F04C1A73004D1A70C
:106D10003104D2A73204D3A73304D4A73404D5A7AF
:106D20003504D6A73604D8A73704D9A73804DAA77C
:106D30003904DBA73A04DCA73B04DDA73C04DEA74B
:106D40003D04DFA73E04E0A73F04E1A74004E2A71B
:106D50004104E3A74204E4A74304E5A74404E6A7EB
:106D60004504E7A74604E8A74704E9A74804EAA7BB
:106D70004904EBA74A04ECA74B04EDA74C04EEA78B
:106D80004D04EFA74E04F0A74F04F1A75104D7A775
:106D900010205CA9132043A81420AAA1152044A800
:106DA0001620ACA11820AEA11920AFA11C20B0A1C3
:106DB0001D20B1A1252045A82620ADA13020EBA1A2
:106DC0003220E4A13320E5A1352046A83B20F9A1DB
:106DD000AC2080000321E6A1052147A8092148A88D
:106DE0001621EDA1212159A96021F1A26121F2A270
:106DF0006221F3A26321F4A26421F5A26521F6A227
:106E00006621F7A26721F8A26821F9A26921FAA2F6
:106E10006A21FBA26B21FCA27021A1A27121A2A276
:106E20007221A3A27321A4A27421A5A27521A6A2F6
:106E30007621A7A27721A8A27821A9A27921AAA2C6
:106E40009021FBA19121FCA19221FAA19321FDA106
:106E5000962149A897214AA898214BA899214CA886
:106E60000822CAA10F22C7A11122C6A115224DA82E
:106E70001A22CCA11D22D8A11E22DEA11F224EA8BB
:106E80002022CFA123224FA82522CEA12722C4A1B0
:106E90002822C5A12922C9A12A22C8A12B22D2A118
:106EA0002E22D3A13422E0A13522DFA13622C3A1B4
:106EB0003722CBA13D22D7A14822D6A14C22D5A171
:106EC000522250A86022D9A16122D4A16422DCA15F
:106ED0006522DDA1662251A8672252A86E22DAA19E
:106EE0006F22DBA1952292A89922D1A1A522CDA142
:106EF000BF2253A81223D0A16024D9A26124DAA210
:106F00006224DBA26324DCA26424DDA26524DEA269
:106F10006624DFA26724E0A26824E1A26924E2A239
:106F20007424C5A27524C6A27624C7A27724C8A259
:106F30007824C9A27924CAA27A24CBA27B24CCA229
:106F40007C24CDA27D24CEA27E24CFA27F24D0A2F9
:106F50008024D1A28124D2A28224D3A28324D4A2C9
:106F60008424D5A28524D6A28624D7A28724D8A299
:106F70008824B1A28924B2A28A24B3A28B24B4A209
:106F80008C24B5A28D24B6A28E24B7A28F24B8A2D9
:106F90009024B9A29124BAA29224BBA29324BCA2A9
:106FA0009424BDA29524BEA29624BFA29724C0A279
:106FB0009824C1A29924C2A29A24C3A29B24C4A249
:106FC0000025A4A90125A5A90225A6A90325A7A9ED
:106FD0000425A8A90525A9A90625AAA90725ABA9BD
:106FE0000825ACA90925ADA90A25AEA90B25AFA98D
:106FF0000C25B0A90D25B1A90E25B2A90F25B3A95D
:107000001025B4A91125B5A91225B6A91325B7A92C
:107010001425B8A91525B9A91625BAA91725BBA9FC
:107020001825BCA91925BDA91A25BEA91B25BFA9CC
:107030001C25C0A91D25C1A91E25C2A91F25C3A99C
:107040002025C4A92125C5A92225C6A92325C7A96C
:107050002425C8A92525C9A92625CAA92725CBA93C
:107060002825CCA92925CDA92A25CEA92B25CFA90C
:107070002C25D0A92D25D1A92E25D2A92F25D3A9DC
:107080003025D4A93125D5A93225D6A93325D7A9AC
:107090003425D8A93525D9A93625DAA93725DBA97C
:1070A0003825DCA93925DDA93A25DEA93B25DFA94C
:1070B0003C25E0A93D25E1A93E25E2A93F25E3A91C
:1070C0004025E4A94125E5A94225E6A94325E7A9EC
:1070D0004425E8A94525E9A94625EAA94725EBA9BC
:1070E0004825ECA94925EDA94A25EEA94B25EFA98C
:1070F000502554A8512555A8522556A8532557A8C0
:10710000542558A8552559A856255AA857255BA88F
:1071100058255CA859255DA85A255EA85B255FA85F
:107120005C2560A85D2561A85E2562A85F2563A82F
:10713000602564A8612565A8622566A8632567A8FF
:10714000642568A8652569A866256AA867256BA8CF
:1071500068256CA869256DA86A256EA86B256FA89F
:107160006C2570A86D2571A86E2572A86F2573A86F
:10717000702574A8712575A8722576A8732577A83F
:10718000812578A8822579A883257AA884257BA8DB
:1071900085257CA886257DA887257EA8882580A8AA
:1071A000892581A88A2582A88B2583A88C2584A877
:1071B0008D2585A88E2586A88F2587A8932588A844
:1071C000942589A895258AA8A025F6A1A125F5A131
:1071D000B225F8A1B325F7A1BC258BA8BD258CA8A5
:1071E000C625F4A1C725F3A1CB25F0A1CE25F2A198
:1071F000CF25F1A1E2258DA8E3258EA8E4258FA84F
:10720000E52590A80526EFA10626EEA1092691A85E
:107210004026E2A14226E1A10030A1A10130A2A1B5
:107220000230A3A10330A8A10530A9A1063065A9A9
:10723000073096A90830B4A10930B5A10A30B6A12B
:107240000B30B7A10C30B8A10D30B9A10E30BAA1E6
:107250000F30BBA11030BEA11130BFA1123093A8D6
:107260001330FEA11430B2A11530B3A11630BCA169
:107270001730BDA11D3094A81E3095A8213040A91B
:10728000223041A9233042A9243043A9253044A902
:10729000263045A9273046A9283047A9293048A9D2
:1072A0004130A1A44230A2A44330A3A44430A4A4FA
:1072B0004530A5A44630A6A44730A7A44830A8A4CA
:1072C0004930A9A44A30AAA44B30ABA44C30ACA49A
:1072D0004D30ADA44E30AEA44F30AFA45030B0A46A
:1072E0005130B1A45230B2A45330B3A45430B4A43A
:1072F0005530B5A45630B6A45730B7A45830B8A40A
:107300005930B9A45A30BAA45B30BBA45C30BCA4D9
:107310005D30BDA45E30BEA45F30BFA46030C0A4A9
:107320006130C1A46230C2A46330C3A46430C4A479
:107330006530C5A46630C6A46730C7A46830C8A449
:107340006930C9A46A30CAA46B30CBA46C30CCA419
:107350006D30CDA46E30CEA46F30CFA47030D0A4E9
:107360007130D1A47230D2A47330D3A47430D4A4B9
:107370007530D5A47630D6A47730D7A47830D8A489
:107380007930D9A47A30DAA47B30DBA47C30DCA459
:107390007D30DDA47E30DEA47F30DFA48030E0A429
:1073A0008130E1A48230E2A48330E3A48430E4A4F9
:1073B0008530E5A48630E6A48730E7A48830E8A4C9
:1073C0008930E9A48A30EAA48B30EBA48C30ECA499
:1073D0008D30EDA48E30EEA48F30EFA49030F0A469
:1073E0009130F1A49230F2A49330F3A49B3061A9C0
:1073F0009C3062A99D3066A99E3067A9A130A1A5E5
:10740000A230A2A5A330A3A5A430A4A5A530A5A50C
:10741000A630A6A5A730A7A5A830A8A5A930A9A5DC
:10742000AA30AAA5AB30ABA5AC30ACA5AD30ADA5AC
:10743000AE30AEA5AF30AFA5B030B0A5B130B1A57C
:10744000B230B2A5B330B3A5B430B4A5B530B5A54C
:10745000B630B6A5B730B7A5B830B8A5B930B9A51C
:10746000BA30BAA5BB30BBA5BC30BCA5BD30BDA5EC
:10747000BE30BEA5BF30BFA5C030C0A5C130C1A5BC
:10748000C230C2A5C330C3A5C430C4A5C530C5A58C
:10749000C630C6A5C730C7A5C830C8A5C930C9A55C
:1074A000CA30CAA5CB30CBA5CC30CCA5CD30CDA52C
:1074B000CE30CEA5CF30CFA5D030D0A5D130D1A5FC
:1074C000D230D2A5D330D3A5D430D4A5D530D5A5CC
:1074D000D630D6A5D730D7A5D830D8A5D930D9A59C
:1074E000DA30DAA5DB30DBA5DC30DCA5DD30DDA56C
:1074F000DE30DEA5DF30DFA5E030E0A5E130E1A53C
:10750000E230E2A5E330E3A5E430E4A5E530E5A50B
:10751000E630E6A5E730E7A5E830E8A5E930E9A5DB
:10752000EA30EAA5EB30EBA5EC30ECA5ED30EDA5AB
:10753000EE30EEA5EF30EFA5F030F0A5F130F1A57B
:10754000F230F2A5F330F3A5F430F4A5F530F5A54B
:10755000F630F6A5FC3060A9FD3063A9FE3064A9C1
:107560000531C5A80631C6A80731C7A80831C8A883
:107570000931C9A80A31CAA80B31CBA80C31CCA853
:107580000D31CDA80E31CEA80F31CFA81031D0A823
:107590001131D1A81231D2A81331D3A81431D4A8F3
:1075A0001531D5A81631D6A81731D7A81831D8A8C3
:1075B0001931D9A81A31DAA81B31DBA81C31DCA893
:1075C0001D31DDA81E31DEA81F31DFA82031E0A863
:1075D0002131E1A82231E2A82331E3A82431E4A833
:1075E0002531E5A82631E6A82731E7A82831E8A803
:1075F0002931E9A82032E5A22132E6A22232E7A20F
:107600002332E8A22432E9A22532EAA22632EBA2F2
:107610002732ECA22832EDA22932EEA231325AA949
:10762000A33249A98E334AA98F334BA99C334CA965
:107630009D334DA99E334EA9A1334FA9C43350A900
:10764000CE3351A9D13352A9D23353A9D53354A93A
:10765000004EBBD2014EA1B6024E4081034EDFC6A2
:10766000044E4181054E4281064E4381074EF2CDC4
:10767000084EC9D5094EFDC80A4ECFC90B4EC2CF20
:107680000C4EA2D80D4EBBB20E4EEBD30F4E448122
:10769000104EA4D8114EF3B3124E4581134EA8D705
:1076A000144ED2C7154EA7D8164EC0CA174E4681E3
:1076B000184EF0C7194EFBB11A4EB5D21B4ED4B4BA
:1076C0001C4EABB61D4EBFCB1E4EA9D81F4E4781D8
:1076D000204E4881214E4981224EAAB6234E4A812E
:1076E000244EBDC1254ECFD1264E4B81274EA5C974
:1076F000284EADD8294E4C812A4EF6B82B4EBED11D
:107700002C4EDCE32D4ED0D62E4E4D812F4E4E8189
:10771000304EE1B7314E4F81324EAEB4334E5081D0
:10772000344ED9C1354E5181364EBCD8374E528178
:10773000384EE8CD394EA4B53A4EAACE3B4EF7D6D8
:107740003C4E53813D4EF6C03E4ED9BE3F4EAFD863
:10775000404E5481414E5581424E5681434ECBC4DA
:10776000444E5781454EC3BE464E5881474EB1D810
:10777000484EB4C3494EE5D24A4E59814B4EAED61F
:107780004C4EDACE4D4EA7D54E4EF5BA4F4EA6B75B
:10779000504ED6C0514E5A81524EB9C6534ED2C5E4
:1077A000544EC7C7554E5B81564ED4B9574E5C8177
:1077B000584ECBB3594ED2D25A4E5D815B4E5E814C
:1077C0005C4EBFD85D4EC5BE5E4EF2C65F4EB2D2B5
:1077D000604EB0CF614EE7CF624E5F81634E6081F5
:1077E000644E6181654E6281664EE9CA674E63816F
:1077F000684E6481694EC0D86A4E65816B4E668161
:107800006C4E67816D4E68816E4E69816F4E6A81E4
:10781000704EF2C2714ED2C2724E6B81734EE9C885
:10782000744E6C81754E6D81764E6E81774E6F8190
:10783000784E7081794E71817A4E72817B4E738160
:107840007C4E74817D4E75817E4EACC77F4E7681B5
:10785000804E7781814E7881824E7981834E7A8104
:10786000844E7B81854E7C81864ECBC1874E7D8147
:10787000884EE8D3894EF9D58A4E7E818B4EC2CA96
:107880008C4EFEB68D4EA1D88E4EDAD38F4EF7BFFA
:10789000904E8081914EC6D4924EA5BB934EC1D8D6
:1078A000944EE5CE954EAEBE964E8181974E828126
:1078B000984EA8D8994E83819A4EC7D19B4EA9D095
:1078C0009C4E84819D4E85819E4E86819F4EBDD863
:1078D000A04EEFD9A14EF6CDA24EBABFA34E8781DE
:1078E000A44EBBBDA54EA5BAA64EE0D2A74EFAB295
:1078F000A84EE0BAA94EB6C4AA4E8881AB4EEDCFD1
:10790000AC4EA9BEAD4EA4CDAE4EC1C1AF4E898125
:10791000B04E8A81B14E8B81B24ED7C7B34EF1D9EA
:10792000B44E8C81B54EF4D9B64E8D81B74E8E8152
:10793000B84E8F81B94E9081BA4ECBC8BB4EE9D8B4
:10794000BC4E9181BD4E9281BE4E9381BF4EDAD224
:10795000C04EB2CAC14ECAC8C24EECD8C34EEAD855
:10796000C44EC6D8C54EF6BDC64ECDC6C74EF0B342
:10797000C84E9481C94EEBD8CA4EF1BDCB4EE9BD7D
:10798000CC4E9581CD4ED4C8CE4ED3B4CF4E968139
:10799000D04E9781D14ED8C2D24E9881D34ED6B216
:1079A000D44ED0D7D54ECBCAD64EFBCBD74ECCD5A6
:1079B000D84EB6B8D94EC9CFDA4E9981DB4E9A81EE
:1079C000DC4E9B81DD4EDAD9DE4EF0D8DF4EAAC701
:1079D000E04E9C81E14EEED8E24E9D81E34EFAB43A
:1079E000E44EEEC1E54ED4D2E64E9E81E74E9F8135
:1079F000E84EEDD8E94EA081EA4EC7D2EB4EEFD863
:107A0000EC4EC7C3ED4EA181EE4EA281EF4EA38195
:107A1000F04EF6D1F14EA481F24ED9D6F34EF2D803
:107A2000F44EA581F54EF5D8F64EFEBCF74EDBBC04
:107A3000F84EA681F94EA781FA4EA881FB4ECEC81A
:107A4000FC4EA981FD4EDDB7FE4EAA81FF4EC2B7A6
:107A5000004FAB81014FF3C6024FAC81034FAD81A4
:107A6000044FAE81054FAF81064FB081074FB18102
:107A7000084FB281094FF8D80A4FC1D20B4FB381DA
:107A80000C4FB4810D4FE9CE0E4FBFBC0F4FFCB76A
:107A9000104FA5B7114FDDD0124FB581134FB681EE
:107AA000144FB781154FB881164FB981174FDAD6E9
:107AB000184FC5D3194FEFBB1A4FE1BB1B4FF1D87D
:107AC0001C4FBA811D4FBB811E4FA1C91F4FB0CEA5
:107AD000204FABB4214FBC81224FF3D8234FBD813F
:107AE000244FCBC9254FF6D8264FD7C2274FF7D8FA
:107AF000284FBE81294FBF812A4FB1CE2B4FF9D8D5
:107B00002C4FC0812D4FC1812E4FC2812F4FAEB25D
:107B1000304FC0B9314FC381324FA3D9334FC481E5
:107B2000344FE9B0354FC581364FE6C1374FC68176
:107B3000384FECC9394FC7813A4FC5CB3B4FC8814D
:107B40003C4FC6CB3D4FA4D93E4FC9813F4FCA8160
:107B5000404FCB81414FCC81424FCD81434FE8B55F
:107B6000444FCE81454FCF81464FABB5474FD08173
:107B7000484FD181494FD2814A4FD3814B4FD48155
:107B80004C4FD5814D4FBBCE4E4FCDB54F4FA1D7AA
:107B9000504FF4D7514FD3D3524FD681534FE5CCEA
:107BA000544FD781554FCEBA564FD881574FA2D98F
:107BB000584FDCD9594FE0D35A4FFDD85B4FF0B73F
:107BC0005C4FF7D75D4FFED85E4FFAD85F4FA1D913
:107BD000604FE3C4614FD981624FDA81634FB6D3FE
:107BE000644FF4D8654FDDD9664FDB81674FFBD812
:107BF000684FDC81694FE5C56A4FDD816B4FDE81DF
:107C00006C4FD0C06D4FDF816E4FE0816F4FF0D170
:107C1000704FDBB0714FE181724FE281734FD1BC85
:107C2000744FA6D9754FE381764FA5D9774FE4817C
:107C3000784FE581794FE6817A4FE7817B4FACD968
:107C40007C4FAED97D4FE8817E4FABD97F4FB9CA0B
:107C5000804FE981814FEA81824FEB81834FA9D91F
:107C6000844FB6D6854FEC81864FED81874FEE81EC
:107C7000884FDEB3894FA8D98A4FEF818B4FFDC063
:107C80008C4FF0818D4FCCCA8E4FF1818F4FAAD986
:107C9000904FF281914FA7D9924FF381934FF48186
:107CA000944FB0D9954FF581964FF681974FB1B665
:107CB000984FF781994FF8819A4FF9819B4FA9B955
:107CC0009C4FFA819D4FC0D29E4FFB819F4FFC81FC
:107CD000A04FC0CFA14FFD81A24FFE81A34FC2C2D2
:107CE000A44F4082A54FC4BDA64FECD5A74FE0B22C
:107CF000A84FC8C7A94FEBBFAA4FADD9AB4F418220
:107D0000AC4FAFD9AD4F4282AE4FEACEAF4FEEBAD5
:107D1000B04F4382B14F4482B24F4582B34F468247
:107D2000B44F4782B54FD6C7B64F4882B74F498246
:107D3000B84F4A82B94F4B82BA4F4C82BB4F4D82EB
:107D4000BC4F4E82BD4F4F82BE4F5082BF4FE3B1FA
:107D5000C04F5182C14F5282C24F5382C34FD9B4D8
:107D6000C44FEDB6C54FB4D9C64F5482C74F5582E4
:107D7000C84F5682C94F5782CA4FA1BFCB4F5882B6
:107D8000CC4F5982CD4F5A82CE4FDED9CF4FCEC77E
:107D9000D04FFEC0D14FB8D9D24F5B82D34F5C8257
:107DA000D44F5D82D54F5E82D64F5F82D74FD7CBFF
:107DB000D84FFDB7D94F6082DA4FB5D9DB4F61821A
:107DC000DC4FB7D9DD4FA3B1DE4FE1D3DF4FB9D9D7
:107DD000E04F6282E14FC5D0E24F6382E34FB6D9F4
:107DE000E44F6482E54F6582E64FB1D9E74F668282
:107DF000E84FB2D9E94FA9C1EA4FB3D9EB4F678237
:107E0000EC4F6882ED4FF3BCEE4FDED0EF4FA9B8D8
:107E1000F04F6982F14FE3BEF24F6A82F34FBDD952
:107E2000F44F6B82F54F6C82F64F6D82F74F6E8286
:107E3000F84FBAD9F94F6F82FA4FB3B0FB4F708247
:107E4000FC4F7182FD4F7282FE4FC2D9FF4F738289
:107E500000507482015075820250768203507782FE
:107E6000045078820550798206507A8207507B82CE
:107E700008507C8209507D820A507E820B5080829D
:107E80000C50C4D90D50B6B10E5081820F50BFD9DD
:107E900010508282115083821250B9B513508482DF
:107EA0001450F3BE15508582165086821750878273
:107EB0001850C8CC1950F2BA1A50D0D21B50888230
:107EC0001C50C3D91D5089821E508A821F50E8BDA4
:107ED00020508B822150ABB322508C8223508D8254
:107EE00024508E822550C5D92650EBBE27508F8254
:107EF0002850C6D92950BBD92A50DFC42B509082B4
:107F00002C50BED92D50C1D92E50C0D92F5091829E
:107F10003050928231509382325094823350958205
:107F200034509682355097823650988237509982D5
:107F300038509A8239509B823A50AED53B509C8241
:107F40003C50B5D63D509D823E50E3C73F509E8287
:107F500040509F824150A0824250A1824350C8D9D4
:107F60004450A2824550A3824650A4824750D9BCB7
:107F70004850CAD94950A5824A50A6824B50A78280
:107F80004C50BCD94D50A8824E50CBD94F50ABC6A7
:107F90005050A9825150AA825250AB825350AC82A9
:107FA0005450AD825550C9D95650AE825750AF8209
:107FB0005850B0825950B1825A50F6D75B50B282B5
:107FC0005C50A3CD5D50B3825E50B4825F50B582E9
:107FD0006050B6826150B7826250B8826350B982F5
:107FE0006450BA826550A1BD6650BB826750BC82A6
:107FF0006850BD826950BE826A50BF826B50C08299
:108000006C50CCD96D50C1826E50C2826F50C38209
:108010007050C4827150C5827250C6827350C7823C
:108020007450C8827550C9827650BCC57750B5CDA2
:108030007850CA827950CB827A50CC827B50CDD98D
:108040007C50CD827D50CE827E50C7D97F50A5B363
:108050008050FEBF8150CF828250D0828350D18227
:108060008450D2828550B5B88650D3828750D4824E
:108070008850FCC08950D5828A50D6828B50D782D6
:108080008C50D8828D50F8B08E50D9828F50DA82C1
:108090009050DB829150DC829250DD829350DE82E0
:1080A0009450DF829550E0829650E1829750E282B0
:1080B0009850E3829950E4829A50E5829B50E68280
:1080C0009C50E7829D50E8829E50E9829F50EA8250
:1080D000A050EB82A150EC82A250ED82A350F6B4E6
:1080E000A450EE82A550CED9A650EF82A750CFD98A
:1080F000A850A2B4A950D0D9AA50F082AB50F182B6
:10810000AC50DFB4AD50F282AE50F382AF50F48287
:10811000B050F582B150F682B250C1B0B350F78280
:10812000B450F882B550F982B650FA82B750FB824B
:10813000B850FC82B950FD82BA50D1D9BB50B5C9F4
:10814000BC50FE82BD504083BE504183BF5042832D
:10815000C0504383C1504483C2504583C3504683BB
:10816000C4504783C5504883C6504983C7504A838B
:10817000C8504B83C9504C83CA504D83CB504E835B
:10818000CC504F83CD505083CE505183CF50F1CF40
:10819000D0505283D1505383D2505483D3505583FF
:1081A000D4505683D5505783D650D2D9D750588300
:1081B000D8505983D9505A83DA50C5C1DB505B83FC
:1081C000DC505C83DD505D83DE505E83DF505F8377
:1081D000E0506083E1506183E2506283E350638347
:1081E000E4506483E5506583E650D6D9E750AEC9C4
:1081F000E8506683E9506783EA506883EB506983EF
:10820000EC50D5D9ED50D4D9EE50D7D9EF506A8380
:10821000F0506B83F1506C83F2506D83F350DBCBE5
:10822000F4506E83F550A9BDF6506F83F7507083FC
:10823000F8507183F9507283FA507383FB50A7C6CC
:10824000FC507483FD507583FE507683FF50778316
:10825000005178830151798302517A8303517B83E2
:1082600004517C8305517D830651D3D90751D8D958
:1082700008517E83095180830A5181830B51D9D9DA
:108280000C5182830D5183830E5184830F5185835A
:1082900010518683115187831251E5C81351888389
:1082A0001451898315518A8316518B8317518C83FE
:1082B00018518D8319518E831A518F831B519083CE
:1082C0001C5191831D5192831E5193831F5194839E
:1082D000205195832151DCC02251968323519783ED
:1082E000245198832551998326519A8327519B8342
:1082F00028519C8329519D832A519E832B519F8312
:108300002C51A0832D51A1832E51A2832F51A383E1
:108310003051A4833151A5833251A6833351A783B1
:108320003451A8833551A9833651AA833751AB8381
:108330003851AC833951AD833A51AE833B51AF8351
:108340003C51B0833D51B1833E51B2833F51F9B6A8
:108350004051A3D84151CAD44251B3834351AAD406
:108360004451D6D04551E4B34651D7D54751B48393
:108370004851C8CF4951E2B94A51B5834B51CBBF9F
:108380004C51B6834D51E2C34E51B7834F51B88320
:108390005051B9835151D2B65251BA835351BB8314
:1083A0005451C3CD5551EED95651F0D95751BC83D4
:1083B0005851BD835951BE835A51B3B55B51BF83E8
:1083C0005C51B5B65D51C0835E51C1835F51C283BC
:1083D0006051C3836151C4836251A4BE6351C5839C
:1083E0006451C6836551EBC86651C7836751C88322
:1083F0006851ABC86951C9836A51CA836B51CBB00C
:108400006C51ABB96D51F9C16E51E2D96F51CB834B
:108410007051BCC07151B2B97251CC837351D8B98B
:108420007451CBD07551F8B17651E4C67751DFBEA7
:108430007851E4B57951C8D77A51CD837B51F8D1C1
:108440007C51E6BC7D51DECA7E51CE837F51CF8305
:108450008051BDBC8151E6D98251E7D88351D08388
:108460008451D1838551DAC48651D2838751D38315
:108470008851D4B88951BDC88A51D4838B51D583D2
:108480008C51E1B28D51D9D48E51D6838F51D7837F
:108490009051D8839151D9839251B0C39351DA83CB
:1084A0009451DB839551E1C39651A2DA9751DFC80D
:1084B0009851DC839951B4D09A51DD839B51FCBE15
:1084C0009C51A9C59D51DE839E51DF839F51E0835E
:1084D000A051DAB9A151E183A251A3DAA351E283F9
:1084E000A451A9D4A551A4DAA651E383A751E483EA
:1084F000A851E583A951E683AA51E783AB51FBD983
:10850000AC51ACB6AD51E883AE51E983AF51EBB796
:10851000B051F9B1B151FCD9B251E5B3B351F6BE86
:10852000B451EA83B551F6BFB651B1D2B751E4C0E8
:10853000B851EB83B951EC83BA51ED83BB51B3B65B
:10854000BC51FED9BD51FDD9BE51EE83BF51EF8361
:10855000C051BBBEC151F083C251F183C351F283FC
:10856000C451E0C6C551F383C651BCD7C751A1DA87
:10857000C851F483C951B9C1CA51F583CB51F2B581
:10858000CC51E8C1CD51F683CE51F783CF51F5BC24
:10859000D051F883D151D5B4D251F983D351FA8354
:1085A000D451FB83D551FC83D651FD83D751FE8333
:1085B000D8514084D9514184DA514284DB51DDC124
:1085C000DC514384DD51FDC4DE514484DF514584D8
:1085D000E051B8BCE151B2B7E2514684E35147845F
:1085E000E451EFB7E5514884E6514984E7514A84A4
:1085F000E8514B84E9514C84EA514D84EB51ECD95C
:10860000EC514E84ED51BEC6EE514F84EF51ADBFDB
:10861000F051CBBBF1515084F2515184F351CAB5A2
:10862000F4515284F551C9DBF651D7D0F751538438
:10863000F851B9CDF951BCB0FA51F6B3FB51F7BBC3
:10864000FC51CADBFD51AFBAFE515484FF51E4D452
:108650000052B6B50152F3B50252D6D80352D0C873
:1086600004525584055256840652D6B70752D0C7D5
:108670000852D7D8095257840A52AFBF0B525884B8
:108680000C5259840D52BBDB0E52D8D80F525A846B
:1086900010525B841152CCD01252AEBB13525C8488
:1086A00014525D8415525E841652BEEB1752D0C12F
:1086B0001852F5C11952F2D41A52D5B81B52B4B49B
:1086C0001C525F841D52F5B31E5260841F52618498
:1086D0002052BEC921526284225263842352648490
:1086E0002452D0C525526584265266842752678459
:1086F0002852D9C52952FBC02A5268842B52F0B1A6
:108700002C5269842D52D9D82E52CEB92F526A8458
:108710003052BDB531526B8432526C843352DAD848
:1087200034526D8435526E843652C6D63752A2CB3F
:108730003852AFC83952B2C93A52CCB43B52CCBF0E
:108740003C526F843D52F4B93E5270843F52DBD8A4
:108750004052DCD84152E7B64252C1BC4352EACC47
:1087600044527184455272844652738447527484D1
:1087700048527584495276844A52F7CF4B527784D7
:108780004C52DDD84D52B0C74E5278844F52798446
:108790005052D0B95152A3BD52527A8453527B8465
:1087A0005452DECC55527C845652CAC657527D84F0
:1087B00058527E84595280845A5281845B528284FA
:1087C0005C52E0D85D5283845E52DED85F5284846E
:1087D000605285846152DFD86252868463528784F6
:1087E000645288846552FEB0665289846752E7BE3F
:1087F00068528A846952A3CA6A52F4BC6B528B8451
:108800006C528C846D528D846E528E846F52B1B8CE
:1088100070528F84715290847252EEB87352918468
:1088200074529284755293847652948477529584CC
:1088300078529684795297847A5298847B5299849C
:108840007C529A847D52E2D87E529B847F52CBBD6B
:1088500080529C848152E4D88252E3D883529D8412
:1088600084529E8485529F848652A0848752A1841C
:108870008852FCC58952A2848A52A3848B52A48454
:108880008C52A5848D52A6848E52A7848F52A884C0
:108890009052E5D89152A9849252AA849352E6D874
:1088A0009452AB849552AC849652AD849752AE8468
:1088B0009852AF849952B0849A52B1849B52A6C107
:1088C0009C52B2849D52B0C89E52ECB09F52A6B941
:1088D000A052D3BCA152F1CEA252BDDBA352D3C150
:1088E000A452B384A552B484A652B584A752B684C8
:1088F000A852AFB6A952FAD6AA52ACC5AB52D9BD4E
:10890000AC52BEDBAD52BFDBAE52B784AF52B884BF
:10891000B052B984B152F8C0B252A2BEB352CDC067
:10892000B452BA84B552BB84B652BC84B752BD842B
:10893000B852BE84B952BF84BA52C084BB52C184FB
:10894000BC52C284BD52C384BE52C0DBBF52C6CA31
:10895000C052C484C152C584C252C684C352AAB292
:10896000C452C784C552C884C652C984C752C2D330
:10897000C852CA84C952E3C3CA52CB84CB52ABD1CA
:10898000CC52CC84CD52CD84CE52CE84CF52CF8423
:10899000D052C2DBD152D084D252D5C0D352D1846E
:1089A000D452D284D552D384D652C3DBD752D48486
:1089B000D852B1BFD952D584DA52D684DB52D7848B
:1089C000DC52D884DD52D984DE52DA84DF52BCC452
:1089D000E052DB84E152DC84E252DD84E352DE8447
:1089E000E452DAC7E552DF84E652E084E752E184DC
:1089F000E852E284E952E384EA52E484EB52E584EB
:108A0000EC52E684ED52E784EE52E884EF52E984BA
:108A1000F052C4DBF152EA84F252EB84F352EC845C
:108A2000F452ED84F552EE84F652EF84F752F0845E
:108A3000F852F184F952E8D9FA52D7C9FB52F284BC
:108A4000FC52F384FD52F484FE52B4B9FF52F0CECE
:108A50000053C8D40153F5840253F6840353F784BA
:108A60000453F8840553FCB00653D2B40753F98479
:108A70000853D9D00953FA840A53FB840B53FC845E
:108A80000C53FD840D53E9D90E53FE840F53CBDEF6
:108A90001053EBD91153408512534185135342852E
:108AA000145343851553B0D81653AFBB1753B1B108
:108AB000185344851953D7B31A53CED81B53458541
:108AC0001C5346851D53D1D41E5347851F534885DB
:108AD0002053B3BD2153EFBF225349852353BBCF4E
:108AE00024534A8525534B852653D0D827534C858C
:108AF00028534D8529534E852A53CBB72B534F8589
:108B00002C5350852D5351852E53D1D82F53528538
:108B100030535385315354853253558533535685DD
:108B200034535785355358853653598537535A85AD
:108B300038535B853953A5C63A53F8C73B53BDD26A
:108B40003C535C853D535D853E53D2D83F53E4C4CE
:108B500040535E854153AECA42535F854353A7C716
:108B6000445360854553A6D8465361854753FDC994
:108B70004853E7CE4953DCBB4A53EBB04B536285B5
:108B80004C5363854D5364854E53AABB4F53ADD0B0
:108B9000505365855153B0B15253E4D75353BFD7A7
:108BA000545366855553A5B55653F4C25753CFC495
:108BB00058536785595368855A53A9B25B536985E1
:108BC0005C53B7B25D536A855E53E5B15F53B2DF64
:108BD0006053BCD56153A8BF6253ACC26353D5D8B0
:108BE0006453B1C265536B856653D4D86753D4CEF2
:108BF00068536C856953E0DA6A536D856B53C0CE58
:108C00006C536E856D536F856E53B4D86F53AEC37E
:108C10007053A1D37153A3CE725370857353B4BCF8
:108C20007453B4C87553D1C2765371857753EDBE72
:108C30007853B6D0795372857A53E1DA7B537385D2
:108C40007C5374857D5375857E5376857F53E4C749
:108C500080537785815378858253A7B38353798571
:108C60008453F2B68553FCCC8653FAC087537A8579
:108C700088537B858953F7C08A537C858B53B9D140
:108C80008C53E1D18D53C7D88E537D858F537E850C
:108C90009053808591538185925382859353838528
:108CA000945384859553DEB2965385859753868574
:108CB0009853E5C0995387859A53F1BA9B53888599
:108CC0009C5389859D53C8D89E538A859F53ADD4A4
:108CD000A0538B85A1538C85A253E1CFA353C9D850
:108CE000A4538D85A553CAD8A653C3CFA7538E8549
:108CF000A853F8B3A953C7BEAA538F85AB53908529
:108D0000AC539185AD539285AE53CBD8AF53938579
:108D1000B0539485B1539585B2539685B3539785D7
:108D2000B4539885B5539985B653CCDBB7539A8520
:108D3000B8539B85B9539C85BA539D85BB53A5C831
:108D4000BC539E85BD539F85BE53A085BF53D8CFCE
:108D5000C053A185C153FEC8C253CEB2C353A2852E
:108D6000C453A385C553A485C653A585C753A685FB
:108D7000C853D6D3C953E6B2CA53B0BCCB53D1D330
:108D8000CC53ABCBCD53B4B7CE53A785CF53A88527
:108D9000D053A985D153A2B7D253AA85D353AB855B
:108DA000D453E5CAD553AC85D653A1C8D753DCCA32
:108DB000D853E4B1D953F0D0DA53AD85DB53D1C5E4
:108DC000DC53AE85DD53AF85DE53B085DF53C5DBA5
:108DD000E053FEB5E153B185E253B285E353DABF08
:108DE000E453C5B9E553E4BEE653EDC1E753B3859B
:108DF000E853B6DFE953B5DFEA53BBD6EB53D0BD3A
:108E0000EC53D9D5ED53C8B0EE53A3B6EF53C9BF59
:108E1000F053A8CCF153B3DFF253B7CAF353D2D314
:108E2000F453B485F553CFD8F653B6D2F753C5BA39
:108E3000F853BECBF953BECCFA53B585FB53B7DF1D
:108E4000FC53F0B5FD53B4DFFE53B685FF53B78531
:108E50000054B8850154F5D30254B9850354D4B3F2
:108E60000454F7B80554BA850654BADF0754BB85D5
:108E70000854CFBA0954AABC0A54F5B50B54BC85A2
:108E80000C54ACCD0D54FBC30E54F3BA0F54F4C0C4
:108E90001054C2CD1154F2CF1254B8DF1354C5CFC1
:108EA0001454BD851554C0C21654B9DF1754F0C20E
:108EB0001854BE851954BF851A54C0851B54FDBE75
:108EC0001C54C1851D54DFC11E54CCCD1F54F7D294
:108ED0002054CDB72154C1DF2254C2852354C4DFAE
:108EE0002454C3852554C4852654F1B72754C9B0EA
:108EF0002854D6B62954D4B72A54C5852B54ACBAB5
:108F00002C54FDCC2D54D4BF2E54B1CB2F54F4C6C9
:108F10003054C6853154A8D63254C5DF3354C78582
:108F20003454E2CE3554B3B33654C8853754C9856A
:108F30003854FCCE3954B5B43A54CA853B54C7CEE4
:108F40003C54F0BA3D54CB853E54E1CE3F54CC85E1
:108F50004054BDD14154CD854254CE854354C0DFE9
:108F60004454CF854554D0854654F4B44754D185F4
:108F70004854CAB34954D2854A54E6B84B54BBDF6F
:108F80004C54D3854D54D4854E54D5854F54D685F5
:108F90005054C5C45154D7855254BCDF5354BDDF1F
:108FA0005454BEDF5554BBC55654BFDF5754C2DFBF
:108FB0005854B1D45954C3DF5A54D8855B54BAC7F6
:108FC0005C54D8CE5D54D9855E54DA855F54DB8518
:108FD0006054DC856154DD856254D8C46354DE85F9
:108FE0006454CADF6554DF856654CFDF6754E0857B
:108FF0006854DCD66954E1856A54E2856B54E38594
:109000006C54E4856D54E5856E54E6856F54E785B0
:109010007054E8857154C9DF7254DADF7354B6CEE8
:109020007454E9857554C7BA7654CEDF7754C8DFD7
:109030007854DEC57954EA857A54EB857B54EBC9C4
:109040007C54F4BA7D54FCC37E54EC857F54ED858A
:109050008054D7BE8154EE858254C6DF8354EF8599
:109060008454CDDF8554F0858654D8C58754F18566
:109070008854F2858954F3858A54F4858B54A6D597
:109080008C54CDBA8D54F5858E54CCBE8F54BDD33F
:109090009054C0B89154F6859254E4D69354F78511
:1090A0009454C7DF9554BEB99654A7BF9754F8851A
:1090B0009854F9859954FCC19A54CBDF9B54CCDF6A
:1090C0009C54FA859D54D0DF9E54FB859F54FC85AB
:1090D000A054FD85A154FE85A2544086A354DBDF35
:1090E000A454E5DFA5544186A654D7DFA754D6DFA4
:1090F000A854C9D7A954E3DFAA54E4DFAB54EBE585
:10910000AC54A7D2AD54D2DFAE544286AF54A9BFFF
:10911000B0544386B154DBD4B2544486B354C8BF70
:10912000B454D4DFB5544586B6544686B754478602
:10913000B854CCCFB9544886BA544986BB54DDDF05
:10914000BC544A86BD54CAD1BE544B86BF54DEDFE0
:10915000C054A7B0C154B7C6C254D3DFC3544C8661
:10916000C454E5BAC5544D86C654DFB6C754DBCDEA
:10917000C854FEB9C954D5D4CA544E86CB544F8670
:10918000CC54DFDFCD54ECCFCE54A5B0CF54E7DFC5
:10919000D054D1DFD154C6D1D254D5DFD354D8DF87
:1091A000D454D9DFD554DCDFD6545086D754A9BB6C
:1091B000D8545186D954E0DFDA54E1DFDB545286CB
:1091C000DC54E2DFDD54E6DFDE54E8DFDF54B4D305
:1091D000E0545386E1545486E2545586E35456864F
:1091E000E4545786E554E7B8E654B6C5E754EADFD9
:1091F000E854DAC9E954A8C1EA54C4C4EB54588607
:10920000EC545986ED54DEBFEE54F8CFEF545A8635
:10921000F0545B86F1545C86F254DCD5F354EEDFF7
:10922000F4545D86F5545E86F6545F86F754608686
:10923000F8546186F9546286FA54B8B2FB546386D6
:10924000FC54DFBAFD54ECDFFE546486FF54C1DBEE
:10925000005565860155E4D102556686035567863B
:1092600004556886055569860655F4CB0755BDB487
:1092700008556A860955A6B00A556B860B556C864B
:109280000C556D860D556E860E556F860F55F1DFA8
:109290001055C6CC1155F2DF1255708613557186E4
:1092A0001455EDDF1555728616557386175574865D
:1092B00018557586195576861A5577861B55E9DF38
:1092C0001C5578861D5579861E557A861F557B86D6
:1092D0002055EBDF21557C862255EFDF2355F0DF4B
:1092E0002455BDBB25557D8626557E862755F3DF43
:1092F00028558086295581862A55F4DF2B5582868C
:109300002C55A3BB2D5583862E55DBCA2F55A8CED1
:109310003055A7E03155AAB3325584863355A6E0BF
:109320003455858635558686365587863755A1E06E
:1093300038558886395589863A558A863B558B86B5
:109340003C55FEDF3D558C863E55D9CD3F55FCDF63
:1093500040558D864155FADF42558E864355D0BF24
:109360004455C4D745558F864655CCC94755908638
:10937000485591864955F8DF4A55A1B04B5592861C
:109380004C5593864D5594864E5595864F559686E9
:109390005055FDDF515597865255988653559986FD
:1093A00054559A865555FBDF5655A2E057559B8676
:1093B00058559C8659559D865A559E865B559F8665
:1093C0005C55A8E05D55A0865E55A1865F55A286D6
:1093D0006055A3866155C8B76255A4866355A586B6
:1093E0006455A1C66555B6C96655B2C06755F5DF67
:1093F0006855A6866955A7866A55BEC56B55A88669
:109400006C55C4D86D55F9DF6E55F6C46F55A986F5
:109410007055AA867155AB867255AC867355AD866C
:109420007455AE867555A3E07655A4E07755A5E052
:109430007855A5D07955AF867A55B0867B55B4E07E
:109440007C55E4CC7D55B1867E55B1E07F55B28622
:109450008055A6BF8155AFE08255B9CE8355ABE0AC
:109460008455C6C98555B3868655B4868755AEC022
:109470008855AEE08955EDBA8A55B0BA8B55A9E04A
:109480008C55B5868D55B6868E55B7868F55F6DFC9
:109490009055B8869155B3E09255B9869355BA86E2
:1094A0009455B8E09555BB869655BC869755BD86B4
:1094B0009855ADB49955B9E09A55BE869B55BF866F
:1094C0009C55B2CF9D55C8BA9E55C0869F55B0E0F9
:1094D000A055C186A155C286A255C386A355C48690
:1094E000A455C586A555C686A655C786A755FAD0E4
:1094F000A855C886A955C986AA55CA86AB55CB8634
:10950000AC55CC86AD55CD86AE55CE86AF55CF8603
:10951000B055D086B155ACE0B255D186B355FBD429
:10952000B455D286B555F7DFB655D386B755E7C5DE
:10953000B855D486B955ADE0BA55D586BB55F7D3E5
:10954000BC55D686BD55B6E0BE55B7E0BF55D786EB
:10955000C055D886C155D986C255DA86C355DB8633
:10956000C455C4E0C555E1D0C655DC86C755DD8677
:10957000C855DE86C955BCE0CA55DF86CB55E086A6
:10958000CC55C9E0CD55CAE0CE55E186CF55E2862F
:10959000D055E386D155BEE0D255AAE0D355A4C933
:1095A000D455C1E0D555E486D655B2E0D755E58609
:1095B000D855E686D955E786DA55E886DB55E9863B
:1095C000DC55C8CADD55C3E0DE55EA86DF55B5E097
:1095D000E055EB86E155CBCEE255EC86E355C3CBA7
:1095E000E455CDE0E555C6E0E655C2E0E755ED8629
:1095F000E855CBE0E955EE86EA55BAE0EB55BFE019
:10960000EC55C0E0ED55EF86EE55F086EF55C5E020
:10961000F055F186F155F286F255C7E0F355C8E0F2
:10962000F455F386F555CCE0F655F486F755BBE0D6
:10963000F855F586F955F686FA55F786FB55F886FE
:10964000FC55F986FD55D4CBFE55D5E0FF55FA867D
:109650000056D6E00156D2E00256FB860356FC8641
:109660000456FD860556FE860656408707564187F6
:109670000856D0E00956CEBC0A5642870B5643879F
:109680000C56D1E00D5644870E56C2B80F56C5D8B9
:1096900010564587115646871256478713564887F6
:1096A0001456498715564A8716564B8717564C87C6
:1096B0001856EAD019564D871A564E871B56EFC2D8
:1096C0001C564F871D5650871E56CFE01F56BDE0D3
:1096D0002056518721565287225653872356D4E06D
:1096E0002456D3E025565487265655872756D7E06B
:1096F00028565687295657872A5658872B565987F2
:109700002C56DCE02D56D8E02E565A872F565B8714
:1097100030565C873156F6D63256B0B333565D8735
:109720003456ECD735565E873656BBCB37565F87F7
:10973000385660873956DAE03A5661873B56FBCE99
:109740003C5662873D5663873E5664873F56D9BA7A
:1097500040566587415666874256678743566887F5
:109760004456698745566A8746566B8747566C87C5
:1097700048566D8749566E874A566F874B56708795
:109780004C56E1E04D56DDE04E56ADD24F56718756
:109790005056728751567387525674875356758741
:1097A0005456E2E055567687565677875756DBE093
:1097B0005856D9E05956DFE05A5678875B56798774
:1097C0005C56E0E05D567A875E567B875F567C8705
:1097D00060567D8761567E876256DEE063568087DD
:1097E0006456E4E0655681876656828767568387AC
:1097F0006856F7C66956ACD86A56EBD46B56E6E0A5
:109800006C56C9CA6D5684876E5685876F56868793
:10981000705687877156E5E0725688877356898738
:1098200074568A8775568B877656C1B877568C875B
:1098300078568D8779568E877A568F877B56E7E0E4
:109840007C56E8E07D5690877E5691877F569287BA
:10985000805693878156948782569587835696873C
:10986000845697878556E9E08656E3E087569887C1
:109870008856998789569A878A569B878B569C87E4
:109880008C569D878D569E878E56BFBA8F56E7CCD5
:1098900090569F879156A0879256A1879356EAE0EB
:1098A0009456A2879556A3879656A4879756A58760
:1098B0009856A6879956A7879A56A8879B56A98730
:1098C0009C56AA879D56AB879E56AC879F56AD8700
:1098D000A056AE87A156AF87A256B087A356F9CF40
:1098E000A456B187A556B287A656B387A756B487A4
:1098F000A856B587A956B687AA56B787AB56B88774
:10990000AC56B987AD56BA87AE56BB87AF56EBE0BB
:10991000B056BC87B156BD87B256BE87B356BF8717
:10992000B456C087B556C187B656C287B756C2C8A7
:10993000B856C387B956C487BA56C587BB56C687BB
:10994000BC56C0BDBD56C787BE56C887BF56C9875F
:10995000C056CA87C156CB87C256CC87C356CD875F
:10996000C456CE87C556CF87C656D087C756D1872F
:10997000C856D287C956D387CA56D2C4CB56D487C5
:10998000CC56D587CD56D687CE56D787CF56D887D3
:10999000D056D987D156DA87D256DB87D356DC87A3
:1099A000D456ECE0D556DD87D656DE87D756EDE0A7
:1099B000D856DF87D956E087DA56F4C7DB56C4CBD2
:1099C000DC56E187DD56EEE0DE56D8BBDF56B6D872
:1099D000E056F2D2E156EFE0E256C5CDE356E2871B
:1099E000E456DAB6E556E387E656E487E756E587B8
:1099F000E856E687E956E787EA56E887EB56F1E04E
:109A0000EC56E987ED56B0D4EE56EA87EF56EB8771
:109A1000F056A7C0F156D1B4F256EC87F356ED8755
:109A2000F456A7CEF556F0E0F656EE87F756EF87D8
:109A3000F856F087F956F2E0FA56CCB9FB56F187A2
:109A4000FC56F287FD56FAB9FE56BCCDFF56F3E040
:109A50000057F3870157F4870257F5870357D4C699
:109A60000457F4E00557F6870657B2D40757F7872F
:109A70000857A6C80957F6E00A57F5E00B57F887CC
:109A80000C57F9870D57FA870E57FB870F57FC873E
:109A90001057FD871157FE8712574088135741888A
:109AA00014574288155743881657448817574588D6
:109AB00018574688195747881A5748881B574988A6
:109AC0001C57F7E01D574A881E574B881F57C1CDBA
:109AD00020574C8821574D8822574E882357A5CAB6
:109AE00024574F8825575088265751882757528822
:109AF0002857DAD42957D7DB2A57D9DB2B57538875
:109B00002C57D8DB2D57E7B92E57DCDB2F57DDDB81
:109B10003057D8B531575488325755883357DADB28
:109B20003457568835575788365758883757598885
:109B300038575A883957DBDB3A57A1B33B57DFDB3D
:109B40003C575B883D575C883E57F8BB3F575D8864
:109B50004057B7D641575E884257E0DB43575F888E
:109B60004457608845576188465762884757F9BE11
:109B700048576388495764884A57BBB74B5765882D
:109B80004C57D0DB4D57AECC4E57B2BF4F57B5BB3D
:109B90005057F8D75157D3BF5257668853576788E5
:109BA000545768885557698856576A885757E9BF88
:109BB00058576B8859576C885A57E1BC5B57B3CCE0
:109BC0005C57DEDB5D57D3B05E57EBCE5F57D8B73F
:109BD0006057B9D76157C2C662576D8863576E88A0
:109BE0006457A4C065576F886657B9CC67577088AB
:109BF0006857E7DB6957E1DB6A57BAC66B57E3DBA7
:109C00006C5771886D57E8DB6E5772886F57F7C5D0
:109C10007057738871577488725775887357EADB69
:109C200074577688755777887657E9DB7757C0BFC2
:109C300078577888795779887A577A887B57E6DB1E
:109C40007C57E5DB7D577B887E577C887F577D88F6
:109C500080577E88815780888257B9B48357ACC0BB
:109C60008457A2C28557E2DB8657E4DB8757818899
:109C700088578288895783888A5784888B57CDD0A4
:109C80008C57EDDB8D5785888E5786888F57878850
:109C900090578888915789889257DDC09357F2DB97
:109CA00094578A8895578B8896578C8897578D88B4
:109CB00098578E8899578F889A5790889B57E2B605
:109CC0009C5791889D5792889E5793889F57948858
:109CD000A057F3DBA157D2DBA257B8B9A357ABD437
:109CE000A457ECDBA5579588A657D1BFA757F0DB43
:109CF000A8579688A957D1DBAA579788AB57E6B5DE
:109D0000AC579888AD57EBDBAE57E5BFAF57998896
:109D1000B0579A88B1579B88B257EEDBB3579C88EF
:109D2000B457F1DBB5579D88B6579E88B7579F88C3
:109D3000B857F9DBB957A088BA57A188BB57A28892
:109D4000BC57A388BD57A488BE57A588BF57A6880F
:109D5000C057A788C157A888C257A1B9C357A3B095
:109D6000C457A988C557AA88C657AB88C757AC88B7
:109D7000C857AD88C957AE88CA57AF88CB57F1C20C
:109D8000CC57B088CD57B188CE57C7B3CF57EFDB8C
:109D9000D057B288D157B388D257F8DBD357B4889D
:109DA000D457D2C6D557F4DBD657B588D757B6881F
:109DB000D857F5DBD957F7DBDA57F6DBDB57B7882F
:109DC000DC57B888DD57FEDBDE57B988DF57F2D3A2
:109DD000E057BAB2E157BA88E257BB88E357BC886C
:109DE000E457FDDBE557BD88E657BE88E757BF88D7
:109DF000E857C088E957C188EA57C288EB57C3883B
:109E0000EC57C488ED57A4DCEE57C588EF57FBDB51
:109E1000F057C688F157C788F257C888F357C988E2
:109E2000F457FADBF557CA88F657CB88F757CC8832
:109E3000F857FCDBF957E0C5FA57F9BBFB57CD885B
:109E4000FC57CE88FD57A3DCFE57CF88FF57D0883C
:109E50000058A5DC0158D1880258C3CC0358D288D9
:109E60000458D3880558D4880658D1B60758C0DDA1
:109E70000858D5880958D6880A58D7880B58A1DCC5
:109E80000C58D8880D58A2DC0E58D9880F58DA889B
:109E90001058DB881158B5C71258DC881358DD8874
:109EA0001458DE881558E9B61658DF881758E08828
:109EB0001858E1881958A7DC1A58E2881B58E3881B
:109EC0001C58E4881D58E5881E58A6DC1F58E688F3
:109ED0002058A9DC2158A4B12258E7882358E888E3
:109EE0002458CCB52558E9882658EA882758EB88A5
:109EF0002858EC882958ED882A58B0BF2B58EE888E
:109F00002C58EF882D58F0882E58F1882F58F28859
:109F10003058DFD13158F3883258F4883358F588F7
:109F20003458F6883558C2B63658F7883758F88806
:109F30003858F9883958FA883A58FB883B58FC88D1
:109F40003C58FD883D58FE883E5840893F5841891D
:109F50004058428941584389425844894358458969
:109F60004458A8DC45584689465847894758488987
:109F70004858498949584A894A584B894B584C890D
:109F80004C58FACB4D58F3EB4E584D894F584E89EB
:109F900050584F895158DCCB5258508953585189E9
:109FA0005458FECB5558528956585389575854899E
:109FB0005858C1CC595855895A5856895B585789B1
:109FC0005C5858895D5859895E58FBC85F585A8952
:109FD00060585B8961585C8962585D8963585E8905
:109FE00064585F896558AADC66586089675861893A
:109FF00068586289695863896A5864896B58EECCDD
:10A000006C58ABDC6D5865896E5866896F586789E6
:10A01000705868897158698972586A8973586B8950
:10A0200074586C8975586D8976586E8977586F8920
:10A0300078587089795871897A5872897B587389F0
:10A040007C5874897D5875897E58D3DB7F58768912
:10A050008058AFDC8158ACDC825877898358B3BE16
:10A06000845878898558FBCA8658798987587A89AF
:10A0700088587B898958ADDC8A587C898B587D89C2
:10A080008C587E898D5880898E5881898F58828915
:10A0900090588389915884899258CAC99358B9C4F1
:10A0A00094588589955886899658878997588889BC
:10A0B000985889899958BDC79A58AEDC9B588A89A7
:10A0C0009C588B899D588C899E58F6D49F58E6D011
:10A0D000A0588D89A1588E89A2588F89A35890893C
:10A0E000A4589189A5589289A6589389A75894890C
:10A0F000A858ABC4A958D5B6AA589589AB58968923
:10A10000AC589789AD589889AE589989AF589A89B3
:10A11000B0589B89B1589C89B2589D89B3589E8983
:10A12000B4589F89B558A089B658A189B758A28953
:10A13000B858A389B958A489BA58A589BB58A68923
:10A14000BC58D4DBBD58A789BE58A889BF58A98977
:10A15000C058AA89C158DAB1C258AB89C358AC8972
:10A16000C458AD89C558D5DBC658AE89C758AF8924
:10A17000C858B089C958B189CA58B289CB58B3896F
:10A18000CC58B489CD58B589CE58B689CF58B7893F
:10A19000D058B889D158D6DBD258B989D358BA89A2
:10A1A000D458BB89D558BEBAD658BC89D758BD89B2
:10A1B000D858BE89D958BF89DA58C089DB58C189B7
:10A1C000DC58C289DD58C389DE58C489DF58C58987
:10A1D000E058C689E158C789E258C889E358C98957
:10A1E000E458C0C8E558CA89E658CB89E758CC89F5
:10A1F000E858CD89E958CE89EA58CF89EB58BFCACB
:10A20000EC58C9C8ED58D089EE58B3D7EF58D1896A
:10A21000F058F9C9F158D289F258D389F358C7BF19
:10A22000F458D489F558D589F658F8BAF758D6892C
:10A23000F858D789F958BCD2FA58D889FB58D98927
:10A24000FC58DA89FD58DB89FE58DC89FF58DD8926
:10A250000059DE890159DF890259BAE20359E089C0
:10A260000459A6B40559E1890659E2890759B8B1DC
:10A270000859E3890959E4890A59E5890B59E6899E
:10A280000C59E7890D59B4B80E59E8890F59C4CF54
:10A290001059E9891159EA891259EB891359EC8946
:10A2A0001459E7D91559A6CF1659E2CD1759ED899A
:10A2B0001859EE891959EDD91A59E0B61B59EF8989
:10A2C0001C59B9D21D59F0891E59F1891F59BBB9C2
:10A2D0002059F2892159F3892259F4892359F589A2
:10A2E0002459B9E22559B7E22659F6892759F3B41A
:10A2F0002859F7892959ECCC2A59ABCC2B59F2B7FC
:10A300002C59F8892D59B2D82E59EBD12F59BBBAF7
:10A310003059F9893159A7CA3259FA893359FB8919
:10A320003459B7CD3559FC893659FD893759C4D2CE
:10A330003859E4BF3959D0BC3A59E1B63B59FE8986
:10A340003C59C5DE3D59408A3E59418A3F59428AAF
:10A350004059438A4159C6DE4259BCDB4359448ABD
:10A360004459D9D14559458A4659468A4759E6C67E
:10A370004859CEC44959EEB74A59478A4B59DCB7B8
:10A380004C59488A4D59498A4E59FCBF4F59E0D71C
:10A3900050594A8A5159F5C652594B8A53594C8AD9
:10A3A0005459BCB15559C8DE5659B1BD5759D7CCCF
:10A3B0005859CADE59594D8A5A59C9DE5B594E8AD5
:10A3C0005C594F8A5D59508A5E59518A5F59528A49
:10A3D0006059ECB56159538A6259DDC96359548A91
:10A3E0006459558A6559C2B06659568A6759578A61
:10A3F0006859588A6959598A6A595A8A6B595B8AC5
:10A400006C595C8A6D595D8A6E595E8A6F595F8A94
:10A410007059608A7159618A7259628A7359AEC5DE
:10A420007459ABC57559638A7659CCC47759648A17
:10A430007859E9BC7959FDCB7A59658A7B59668A86
:10A440007C59678A7D59C3BA7E59688A7F59698A5F
:10A4500080596A8A8159F9E58259E7C88359FAE532
:10A460008459FDCD85596B8A8659B1D78759BEB8B5
:10A470008859E8C289596C8A8A59D1C88B596D8A22
:10A480008C596E8A8D59FBE58E596F8A8F59708A67
:10A490009059718A9159728A9259CAB69359CBBC14
:10A4A0009459738A9559748A9659FDD19759A1E6A2
:10A4B0009859758A9959EEC39A59768A9B59778A21
:10A4C0009C59788A9D59798A9E59A4E69F597A8A1F
:10A4D000A0597B8AA1597C8AA2597D8AA359FEE59D
:10A4E000A459A5E6A559D7CDA6597E8AA759808A31
:10A4F000A859C1B7A959FCE5AA59FDE5AB59A3E68E
:10A50000AC59818AAD59828AAE59DDC4AF59A8E6EB
:10A51000B059838AB159848AB259A7E6B359858A5A
:10A52000B459868AB559878AB659888AB759898AAB
:10A53000B8598A8AB959C3C3BA598B8ABB59DEC67E
:10A54000BC598C8ABD598D8ABE59AAE6BF598E8ADC
:10A55000C0598F8AC159908AC259918AC359928A27
:10A56000C459938AC559948AC659B7C4C759958A9C
:10A57000C859968AC959978ACA59A2E6CB59BCCA02
:10A58000CC59988ACD59998ACE599A8ACF599B8AA3
:10A59000D059E3BDD159C3B9D259A6E6D359D5D0C4
:10A5A000D459AFCED5599C8AD6599D8AD759A9E698
:10A5B000D859B0E6D9599E8ADA59A6D2DB599F8A72
:10A5C000DC59AABDDD59ADE6DE59A08ADF59A18A62
:10A5D000E059A28AE159A38AE259A48AE359AFE675
:10A5E000E459A58AE559D1C0E659A68AE759A78A50
:10A5F000E859CCD2E959A88AEA59A98AEB59AA8A1A
:10A60000EC59A7BCED59AB8AEE59AC8AEF59AD8A2B
:10A61000F059AE8AF159AF8AF259B08AF359B18A2A
:10A62000F459B28AF559B38AF659B48AF759B58AFA
:10A63000F859B68AF959B1E6FA59B78AFB59F6D2F0
:10A64000FC59B88AFD59B98AFE59BA8AFF59CBD745
:10A65000005ABB8A015AFECD025ABC8A035ADECD8B
:10A66000045AA6C2055AABE6065AACE6075ABFBD65
:10A67000085AAEE6095AB3E60A5ABD8A0B5ABE8A90
:10A680000C5AB2E60D5ABF8A0E5AC08A0F5AC18AB6
:10A69000105AC28A115AB6E6125AC38A135AB8E639
:10A6A000145AC48A155AC58A165AC68A175AC78AAE
:10A6B000185AEFC4195AC88A1A5AC98A1B5ACA8A20
:10A6C0001C5AC8C41D5ACB8A1E5ACC8A1F5AEABECD
:10A6D000205AEFC9215ACD8A225ACE8A235AB7E688
:10A6E000245ACF8A255AF0B6265AD08A275AD18AB8
:10A6F000285AD28A295AE4C32A5AD38A2B5AD48A8E
:10A700002C5AD58A2D5AD68A2E5AD78A2F5AD88AA9
:10A71000305AD98A315AE9D3325AB4E6335ADA8AEE
:10A72000345AB5E6355ADB8A365AA2C8375ADC8A1B
:10A73000385ADD8A395ADE8A3A5ADF8A3B5AE08A29
:10A740003C5ABDE63D5AE18A3E5AE28A3F5AE38AC4
:10A75000405AB9E6415AE48A425AE58A435AE68A9F
:10A76000445AE78A455AE88A465AC5C6475AE98A8A
:10A77000485AEA8A495AF1CD4A5ABBE64B5AEB8A03
:10A780004C5AEC8A4D5AED8A4E5AEE8A4F5AEF8A4D
:10A79000505AF08A515AF18A525AF28A535AF38A1D
:10A7A000545AF48A555ABCE6565AF58A575AF68ACC
:10A7B000585AF78A595AF88A5A5AE9BB5B5AF98AA1
:10A7C0005C5AFA8A5D5AFB8A5E5AFC8A5F5AFD8A95
:10A7D000605AFE8A615A408B625ABEE6635A418BC8
:10A7E000645A428B655A438B665A448B675ABAE661
:10A7F000685A458B695A468B6A5AB7C06B5A478B61
:10A800006C5A488B6D5A498B6E5A4A8B6F5A4B8BD8
:10A81000705A4C8B715A4D8B725A4E8B735A4F8BA8
:10A82000745AA4D3755ABFE6765AF4C9775AC3E668
:10A83000785A508B795A518B7A5AC4E67B5A528B8C
:10A840007C5A538B7D5A548B7E5A558B7F5AF6D047
:10A85000805A568B815A578B825A588B835A598B00
:10A86000845A5A8B855A5B8B865A5C8B875A5D8BD0
:10A87000885A5E8B895A5F8B8A5A608B8B5A618BA0
:10A880008C5A628B8D5A638B8E5A648B8F5A658B70
:10A89000905A668B915A678B925ABDC3935A688BB4
:10A8A000945A698B955A6A8B965A6B8B975A6C8B14
:10A8B000985A6D8B995A6E8B9A5AC4C39B5AC2E6AA
:10A8C0009C5A6F8B9D5A708B9E5A718B9F5A728BBC
:10A8D000A05A738BA15A748BA25A758BA35A768B8C
:10A8E000A45A778BA55A788BA65A798BA75A7A8B5C
:10A8F000A85A7B8BA95A7C8BAA5AC1E6AB5A7D8B8E
:10A90000AC5A7E8BAD5A808BAE5A818BAF5A828BFC
:10A91000B05A838BB15A848BB25AC7E6B35AB1CFBF
:10A92000B45A858BB55AF4EBB65A868BB75A878BD7
:10A93000B85ACAE6B95A888BBA5A898BBB5A8A8BDD
:10A94000BC5A8B8BBD5A8C8BBE5AC5E6BF5A8D8BB9
:10A95000C05A8E8BC15ADEBCC25AA9C9C35A8F8B4A
:10A96000C45A908BC55A918BC65A928BC75A938BF7
:10A97000C85A948BC95AB5BCCA5A958BCB5A968B78
:10A98000CC5AD3CFCD5A978BCE5A988BCF5A998B1E
:10A99000D05A9A8BD15A9B8BD25AC8E6D35A9C8BE9
:10A9A000D45AC9E6D55A9D8BD65ACEE6D75A9E8B35
:10A9B000D85AD0E6D95A9F8BDA5AA08BDB5AA18B92
:10A9C000DC5AD1E6DD5AA28BDE5AA38BDF5AA48B68
:10A9D000E05ACBE6E15AD5B5E25AA58BE35ACCE66C
:10A9E000E45AA68BE55AA78BE65ACFE6E75AA88B1E
:10A9F000E85AA98BE95ADBC4EA5AAA8BEB5AC6E695
:10AA0000EC5AAB8BED5AAC8BEE5AAD8BEF5AAE8B4A
:10AA1000F05AAF8BF15ACDE6F25AB08BF35AB18BA4
:10AA2000F45AB28BF55AB38BF65AB48BF75AB58BEE
:10AA3000F85AB68BF95AB78BFA5AB88BFB5AB98BBE
:10AA4000FC5ABA8BFD5ABB8BFE5ABC8BFF5ABD8B8E
:10AA5000005BBE8B015BBF8B025BC08B035BC18B5A
:10AA6000045BC28B055BC38B065BC48B075BC58B2A
:10AA7000085BC68B095BD2E60A5BC78B0B5BC88B96
:10AA80000C5BC98B0D5BCA8B0E5BCB8B0F5BCC8BCE
:10AA9000105BCD8B115BCE8B125BCF8B135BD08B9E
:10AAA000145BD18B155BD28B165BD4E6175BD3E6B8
:10AAB000185BD38B195BD48B1A5BD58B1B5BD68B46
:10AAC0001C5BD78B1D5BD88B1E5BD98B1F5BDA8B16
:10AAD000205BDB8B215BDC8B225BDD8B235BDE8BE6
:10AAE000245BDF8B255BE08B265BE18B275BE28BB6
:10AAF000285BE38B295BE48B2A5BE58B2B5BE68B86
:10AB00002C5BE78B2D5BE88B2E5BE98B2F5BEA8B55
:10AB1000305BEB8B315BEC8B325BD5E6335BED8BE3
:10AB2000345BF8D9355BEE8B365BEF8B375BD6E663
:10AB3000385BF08B395BF18B3A5BF28B3B5BF38BD1
:10AB40003C5BF48B3D5BF58B3E5BF68B3F5BF78BA1
:10AB5000405BD7E6415BF88B425BF98B435BFA8B3A
:10AB6000445BFB8B455BFC8B465BFD8B475BFE8B45
:10AB7000485B408C495B418C4A5B428C4B5B438C0D
:10AB80004C5B448C4D5B458C4E5B468C4F5B478CDD
:10AB9000505BD3D7515BDDE6525B488C535BDEE6FE
:10ABA000545BD7BF555BD0D4565B498C575BD6D727
:10ABB000585BE6B4595BEFCB5A5BDAE65B5BC3D814
:10ABC0005C5BCED75D5BA2D05E5B4A8C5F5BCFC324
:10ABD000605B4B8C615B4C8C625BDFE6635BBEBC95
:10ABE000645BC2B9655BDBE6665BA7D1675B4D8CD6
:10ABF000685B4E8C695BA2BA6A5BCFC26B5B4F8CA1
:10AC00006C5BABD86D5B508C6E5B518C6F5B528C08
:10AC1000705BEBCA715BEEE5725B538C735BDCE6D9
:10AC2000745B548C755BF5B7765B558C775B568C93
:10AC3000785B578C795B588C7A5BE6C87B5B598C68
:10AC40007C5B5A8C7D5BF5C47E5B5B8C7F5B5C8C34
:10AC5000805BB2E5815BFEC4825B5D8C835BFCCB79
:10AC6000845BB3E5855BACD5865B5E8C875BEED39E
:10AC7000885BD8CA895BB2B08A5B5F8C8B5BCECBBA
:10AC80008C5BEACD8D5B608C8E5B618C8F5BEABAEE
:10AC9000905B628C915B638C925B648C935BB5E59B
:10ACA000945B658C955BB4E5965B668C975BDAD7B5
:10ACB000985BD9B9995BE6D69A5BA8B69B5BF0CD59
:10ACC0009C5BCBD29D5BA6B19E5BB5CA9F5B678C3C
:10ACD000A05BE8B3A15BF3C9A25BCDBFA35BFBD0D4
:10ACE000A45BD2CAA55BB6E5A65BC2BBA75B688CBA
:10ACF000A85B698CA95B6A8CAA5BDCCFAB5BACB947
:10AD0000AC5B6B8CAD5B6C8CAE5B6D8CAF5B6E8C3F
:10AD1000B05BD7D4B15B6F8CB25B708CB35BA6BAFF
:10AD2000B45BE7D1B55BFCCFB65BD2BCB75B718CD3
:10AD3000B85BB7E5B95BDDC8BA5B728CBB5B738C83
:10AD4000BC5B748CBD5BEDBFBE5BF6B1BF5BDECBA5
:10AD5000C05B758CC15B768CC25BC5BCC35B778CFA
:10AD6000C45BC4BCC55BFAD2C65BDCC3C75BDCBFDB
:10AD7000C85B788CC95B798CCA5B7A8CCB5B7B8C2B
:10AD8000CC5BBBB8CD5B7C8CCE5B7D8CCF5B7E8C93
:10AD9000D05BC2C3D15B808CD25BAEBAD35BA2D492
:10ADA000D45B818CD55B828CD65B838CD75B848CA7
:10ADB000D85B858CD95B868CDA5B878CDB5B888C77
:10ADC000DC5B898CDD5BDEC7DE5BAFC4DF5BECB2D6
:10ADD000E05B8A8CE15BD1B9E25B8B8CE35B8C8CB2
:10ADE000E45BBBE5E55BC8C1E65B8D8CE75B8E8C05
:10ADF000E85BAFD5E95B8F8CEA5B908CEB5B918C69
:10AE0000EC5B928CED5B938CEE5BBCE5EF5B948C22
:10AE1000F05BBEE5F15B958CF25B968CF35B978CF7
:10AE2000F45B988CF55B998CF65B9A8CF75B9B8C4A
:10AE3000F85BE7B4F95BD4B6FA5BC2CBFB5BB0D18D
:10AE4000FC5BBCB5FD5B9C8CFE5B9D8CFF5BD9CA3B
:10AE5000005C9E8C015CE2B7025C9F8C035CA08C62
:10AE6000045CE4C9055CA18C065CABBD075CA28CEC
:10AE7000085CA38C095CBECE0A5CF0D70B5CA48C8A
:10AE80000C5CA58C0D5CA68C0E5CA78C0F5CA1D015
:10AE9000105CA88C115CD9C9125CA98C135CAA8CBB
:10AEA000145CFBB6155CD8E6165CE2BC175CAB8C98
:10AEB000185CBEB3195CAC8C1A5CD0C91B5CAD8C41
:10AEC0001C5CD9E61D5CA2B31E5CAE8C1F5CAF8C13
:10AED000205CB08C215CB18C225CCCDE235CB28C1B
:10AEE000245CC8D3255CCDDE265CB38C275CA2D263
:10AEF000285CB48C295CB58C2A5CB68C2B5CB78C36
:10AF00002C5CCEDE2D5CB88C2E5CB98C2F5CBA8CA0
:10AF1000305CBB8C315CCDBE325CBC8C335CBD8C98
:10AF2000345CCFDE355CBE8C365CBF8C375CC08C4D
:10AF3000385CACCA395CFCD23A5CDFB33B5CEAE516
:10AF40003C5CE1C43D5CA1BE3E5CB2CE3F5CF2C461
:10AF5000405CD6BE415CA8C6425CE3B2435CC18C97
:10AF6000445CC28C455CD3BE465CC38C475CC48CDD
:10AF7000485CFCC7495CEBCC4A5CECBD4B5CDDCE6D
:10AF80004C5CC58C4D5CC68C4E5CBACA4F5CC1C66D
:10AF9000505CECE5515CBCD0525CC78C535CC88CF7
:10AFA000545CC98C555CB9D5565CCA8C575CCB8C4B
:10AFB000585CCC8C595CEDE55A5CCD8C5B5CCE8CDE
:10AFC0005C5CCF8C5D5CD08C5E5CF4CA5F5CD18CC9
:10AFD000605CC0CD615CC5C2625CD28C635CEFE535
:10AFE000645CD38C655CC4C2665CF0E5675CD48C41
:10AFF000685CD58C695CD68C6A5CD78C6B5CD88CB1
:10B000006C5CD98C6D5CDA8C6E5CF8E56F5CCDCDD8
:10B01000705CDB8C715CBDC9725CDC8C735CDD8C3C
:10B02000745CDE8C755CDF8C765CE08C775CE18C2C
:10B03000785CE28C795CD9D27A5CA8E17B5CE38CA9
:10B040007C5CE48C7D5CE58C7E5CE68C7F5CECD388
:10B05000805CE78C815CEACB825CF1C6835CE88C27
:10B06000845CE98C855CEA8C865CEB8C875CEC8C80
:10B07000885CACE1895CED8C8A5CEE8C8B5CEF8C3F
:10B080008C5CA7E18D5CA9E18E5CF08C8F5CF18C0F
:10B09000905CAAE1915CAFE1925CF28C935CF38CE2
:10B0A000945CEDB2955CF48C965CABE1975CDAB89D
:10B0B000985CADE1995CAEE19A5CB0E19B5CBAB59D
:10B0C0009C5CB1E19D5CF58C9E5CF68C9F5CF78C82
:10B0D000A05CF88CA15CF98CA25CB3E1A35CB8E144
:10B0E000A45CFA8CA55CFB8CA65CFC8CA75CFD8C3C
:10B0F000A85CFE8CA95CD2D1AA5C408DAB5CB6E1A9
:10B10000AC5CB5E1AD5CEBC1AE5C418DAF5C428D3A
:10B11000B05C438DB15CB7E1B25C448DB35CC0D42C
:10B12000B45C458DB55CB2E1B65C468DB75CBAE106
:10B13000B85CB6B0B95C478DBA5C488DBB5C498DD4
:10B14000BC5C4A8DBD5CB4E1BE5C4B8DBF5CF9BF9D
:10B15000C05C4C8DC15CB9E1C25C4D8DC35C4E8D51
:10B16000C45CBBE1C55C4F8DC65C508DC75C518D26
:10B17000C85C528DC95C538DCA5C548DCB5CBEE1FA
:10B18000CC5C558DCD5C568DCE5C578DCF5C588D8B
:10B19000D05C598DD15C5A8DD25CBCE1D35C5B8DA7
:10B1A000D45C5C8DD55C5D8DD65C5E8DD75C5F8D2F
:10B1B000D85C608DD95CC5D6DA5C618DDB5C628D54
:10B1C000DC5C638DDD5C648DDE5C658DDF5C668DD3
:10B1D000E05C678DE15CBFCFE25C688DE35C698D0C
:10B1E000E45CBDE1E55CBFE1E65CCDC2E75C6A8D95
:10B1F000E85CEBB6E95C6B8DEA5CF8D3EB5C6C8DDC
:10B20000EC5C6D8DED5CCDC7EE5C6E8DEF5C6F8D93
:10B21000F05CE5B7F15C708DF25C718DF35C728D62
:10B22000F45C738DF55C748DF65C758DF75C768DD2
:10B23000F85C778DF95C788DFA5C798DFB5CFEBEED
:10B24000FC5C7A8DFD5C7B8DFE5C7C8DFF5C7D8D76
:10B25000005D7E8D015D808D025DC0E1035DC1E119
:10B26000045D818D055D828D065DC7E1075DE7B3F5
:10B27000085D838D095D848D0A5D858D0B5D868DEE
:10B280000C5D878D0D5D888D0E5DE9C60F5D898D26
:10B29000105D8A8D115D8B8D125D8C8D135D8D8D92
:10B2A000145DDEB4155D8E8D165DC2D1175D8F8D78
:10B2B000185D908D195D918D1A5D928D1B5DC8E1B1
:10B2C0001C5D938D1D5D948D1E5DC6E11F5D958D8A
:10B2D000205D968D215D978D225D988D235D998DE2
:10B2E000245DC5E1255D9A8D265DC3E1275DC2E140
:10B2F000285D9B8D295DC0B12A5D9C8D2B5D9D8D48
:10B300002C5D9E8D2D5DB8D52E5DC4E12F5D9F8D8A
:10B31000305DA08D315DA18D325DA28D335DA38D39
:10B32000345DCBE1355DA48D365DA58D375DA68D91
:10B33000385DA78D395DA88D3A5DA98D3B5DAA8DDD
:10B340003C5DAB8D3D5DCCE13E5DCAE13F5DAC8DCA
:10B35000405DAD8D415DAE8D425DAF8D435DB08D85
:10B36000445DB18D455DB28D465DB38D475DFAEFAD
:10B37000485DB48D495DB58D4A5DD3E14B5DD2E149
:10B380004C5DB6C74D5DB68D4E5DB78D4F5DB88DCA
:10B39000505DB98D515DBA8D525DBB8D535DBC8DD5
:10B3A000545DBD8D555DBE8D565DBF8D575DC08DA5
:10B3B000585DC9E1595DC18D5A5DC28D5B5DCEE1BD
:10B3C0005C5DC38D5D5DD0E15E5DC48D5F5DC58DEF
:10B3D000605DC68D615DC78D625DC88D635DC98D21
:10B3E000645DCA8D655DCB8D665DCC8D675DCD8DF1
:10B3F000685DCE8D695DD4E16A5DCF8D6B5DD1E115
:10B400006C5DCDE16D5DD08D6E5DD18D6F5DCFE1F9
:10B41000705DD28D715DD38D725DD48D735DD58D70
:10B42000745DD5E1755DD68D765DD78D775DD88DF0
:10B43000785DD98D795DDA8D7A5DDB8D7B5DDC8D14
:10B440007C5DDD8D7D5DDE8D7E5DDF8D7F5DE08DE4
:10B45000805DE18D815DE28D825DD6E1835DE38D6E
:10B46000845DE48D855DE58D865DE68D875DE78D88
:10B47000885DE88D895DE98D8A5DEA8D8B5DEB8D58
:10B480008C5DEC8D8D5DED8D8E5DEE8D8F5DEF8D28
:10B49000905DF08D915DF18D925DF28D935DF38DF8
:10B4A000945DF48D955DF58D965DF68D975DF78DC8
:10B4B000985DF88D995DD7E19A5DF98D9B5DFA8D68
:10B4C0009C5DFB8D9D5DD8E19E5DFC8D9F5DFD8D3E
:10B4D000A05DFE8DA15D408EA25D418EA35D428E7A
:10B4E000A45D438EA55D448EA65D458EA75D468E08
:10B4F000A85D478EA95D488EAA5D498EAB5D4A8ED8
:10B50000AC5D4B8EAD5D4C8EAE5D4D8EAF5D4E8EA7
:10B51000B05D4F8EB15D508EB25D518EB35D528E77
:10B52000B45D538EB55D548EB65D558EB75DDAE170
:10B53000B85D568EB95D578EBA5D588EBB5D598E1B
:10B54000BC5D5A8EBD5D5B8EBE5D5C8EBF5D5D8EEB
:10B55000C05D5E8EC15D5F8EC25D608EC35D618EBB
:10B56000C45D628EC55DDBE1C65D638EC75D648EC2
:10B57000C85D658EC95D668ECA5D678ECB5D688E5F
:10B58000CC5D698ECD5DA1CECE5D6A8ECF5D6B8EBA
:10B59000D05D6C8ED15D6D8ED25D6E8ED35D6F8E03
:10B5A000D45D708ED55D718ED65D728ED75D738ED3
:10B5B000D85D748ED95D758EDA5D768EDB5DDDE7E4
:10B5C000DC5D778EDD5DA8B4DE5DDDD6DF5D788E77
:10B5D000E05D798EE15DB2D1E25DB2B3E35D7A8E7A
:10B5E000E45D7B8EE55DA4B9E65DF3D7E75DC9C791
:10B5F000E85DDEBEE95DAEB9EA5D7C8EEB5DD7CE7F
:10B60000EC5D7D8EED5D7E8EEE5DEEB2EF5DCFDBAF
:10B61000F05D808EF15DBABCF25DD1D2F35DC8CB36
:10B62000F45DCDB0F55D818EF65D828EF75DEFCF76
:10B63000F85D838EF95D848EFA5D858EFB5D868E66
:10B64000FC5D878EFD5DE3D9FE5DEDBDFF5D888EFF
:10B65000005E898E015ED2B1025ED0CA035EBCB2CA
:10B66000045E8A8E055EA7CB065EABB7075E8B8E47
:10B67000085EA6CA095E8C8E0A5E8D8E0B5E8E8E6B
:10B680000C5EA3CF0D5E8F8E0E5E908E0F5EF8E087
:10B69000105ECAD5115EFBE0125E918E135E928E33
:10B6A000145EFAE0155EC1C5165EFBCC175E938E84
:10B6B000185EB1C1195EF9E01A5EE3D61B5EAFB247
:10B6C0001C5EC4D61D5EDBB51E5E948E1F5E958E1D
:10B6D000205E968E215E978E225E988E235E998ED6
:10B6E000245E9A8E255E9B8E265EF8B4275EA1D6D8
:10B6F000285E9C8E295E9D8E2A5E9E8E2B5E9F8E7E
:10B700002C5EA08E2D5EAFCF2E5EEFB02F5EA18E91
:10B71000305EA28E315EFCE0325EA38E335EA48E7C
:10B72000345EA58E355EA68E365EA78E375EA1E1AD
:10B73000385EA3B3395EA88E3A5EA98E3B5EFDE00B
:10B740003C5EFEE03D5EB1C33E5EAA8E3F5EAB8EC8
:10B75000405EAC8E415EAD8E425EDDC3435EAE8E1A
:10B76000445EA2E1455EF9B7465EAF8E475EB08E9D
:10B77000485EB18E495EB28E4A5EB38E4B5EB48E29
:10B780004C5ECFBB4D5EB58E4E5EB68E4F5EB78EB5
:10B79000505EB88E515EB98E525EBA8E535EBB8ECD
:10B7A000545EA3E1555EBBC4565EBC8E575EBD8E33
:10B7B000585EBE8E595EBF8E5A5EC08E5B5EA4E13F
:10B7C0005C5EC18E5D5EC28E5E5EA5E15F5EC38E15
:10B7D000605EC48E615EA6E1625EB1B4635EC58EDA
:10B7E000645EC68E655EC78E665EC88E675EC98EF5
:10B7F000685ECA8E695ECB8E6A5ECC8E6B5ECD8EC5
:10B800006C5ECE8E6D5ECF8E6E5ED08E6F5ED18E94
:10B81000705ED28E715ED38E725EC9B8735EBDC625
:10B82000745EEAC4755ED48E765EA2B2775ED58E03
:10B83000785ED2D0795ED68E7A5EDBE77B5EC3BB64
:10B840007C5ED7D37D5EC4D37E5ED78E7F5EE3B948
:10B85000805ECFE2815ED88E825ED98E835EDA8E84
:10B86000845EAFD7855EDB8E865EECC7875ED3B124
:10B87000885EDC8E895EDD8E8A5EB2B48B5ED1E23C
:10B880008C5EDE8E8D5EDF8E8E5EE08E8F5EF2D001
:10B89000905EAEC2915ED0E2925EE18E935EE2BFB8
:10B8A000945EA6D3955ED7B5965ED2E2975EEAB572
:10B8B000985EE28E995EEDC39A5EFDB89B5EE38E64
:10B8C0009C5EAEB89D5EE48E9E5ED3C59F5ECFB794
:10B8D000A05ED4E2A15EE58EA25EE68EA35EE78E58
:10B8E000A45EE88EA55ED3E2A65EC8B6A75EF9D7D1
:10B8F000A85EE98EA95EEA8EAA5EEB8EAB5EEC8E48
:10B90000AC5EED8EAD5EA5CDAE5EEE8EAF5EEF8E23
:10B91000B05EF08EB15EF18EB25EF28EB35ED8E2B2
:10B92000B45EF38EB55ED6E2B65EFCCAB75EB5BF56
:10B93000B85EB9D3B95ED5E2BA5EF48EBB5EF58E61
:10B94000BC5EF68EBD5EF78EBE5ED7E2BF5EF88E41
:10B95000C05EF98EC15EFA8EC25EFB8EC35EFC8E47
:10B96000C45EFD8EC55EFE8EC65E408FC75E418F93
:10B97000C85E428FC95EAEC1CA5EC8C0CB5E438F8F
:10B98000CC5E448FCD5E458FCE5E468FCF5E478FB7
:10B99000D05E488FD15EDBE2D25EDAE2D35EAAC02F
:10B9A000D45E498FD55E4A8FD65ECEC1D75E4B8FAF
:10B9B000D85E4C8FD95E4D8FDA5E4E8FDB5EDCE257
:10B9C000DC5E4F8FDD5E508FDE5E518FDF5E528F0B
:10B9D000E05E538FE15E548FE25E558FE35E568FDB
:10B9E000E45E578FE55E588FE65E598FE75E5A8FAB
:10B9F000E85EDDE2E95E5B8FEA5EDEE2EB5E5C8FD5
:10BA0000EC5E5D8FED5E5E8FEE5E5F8FEF5E608F52
:10BA1000F05E618FF15E628FF25E638FF35E648F22
:10BA2000F45EC8DBF55E658FF65ED3D1F75EA2CD1E
:10BA3000F85E668FF95E678FFA5EA8BDFB5E688F61
:10BA4000FC5E698FFD5E6A8FFE5EC3DEFF5EA5D879
:10BA5000005FAABF015FCDDB025FECD2035FFAC6D5
:10BA6000045FAAC5055F6B8F065F6C8F075F6D8FE4
:10BA7000085FC4DE095F6E8F0A5FD7B10B5FAEDF70
:10BA80000C5F6F8F0D5F708F0E5F718F0F5FBDCA80
:10BA9000105F728F115FB1DF125F738F135FADB9EB
:10BAA000145F748F155FFDD2165F758F175FA5B891
:10BAB000185FEBBA195F768F1A5F778F1B5FDAB367
:10BAC0001C5F788F1D5F798F1E5F7A8F1F5FDCB5DB
:10BAD000205FC5D5215F7B8F225F7C8F235F7D8FA9
:10BAE000245F7E8F255FD6C3265FD2CF275FA1BBA1
:10BAF000285F808F295FF3E52A5FF2E52B5F818F56
:10BB00002C5F828F2D5FF4E52E5F838F2F5FE4CD56
:10BB1000305F848F315FF5C8325F858F335F868FEA
:10BB2000345F878F355F888F365F898F375F8A8F65
:10BB3000385F8B8F395FAFB53A5FBFC73B5F8C8F84
:10BB40003C5FF6E53D5F8D8F3E5F8E8F3F5F8F8F51
:10BB5000405FB0EC415F908F425F918F435F928F67
:10BB6000445F938F455F948F465F958F475F968FB5
:10BB7000485F978F495F988F4A5F998F4B5F9A8F85
:10BB80004C5F9B8F4D5F9C8F4E5F9D8F4F5F9E8F55
:10BB9000505FE6E5515F9F8F525FE9B9535FB1B5E2
:10BBA000545FA08F555FBCC2565FE8E5575FE7E57D
:10BBB000585FE9E5595FA18F5A5FA28F5B5FA38F42
:10BBC0005C5FA48F5D5FCDD25E5FA58F5F5FA68F48
:10BBD000605FA78F615FEAE1625FCED0635FA88F8D
:10BBE000645FAECD655FA98F665FE5D1675FAA8FA1
:10BBF000685FAB8F695FCAB26A5FEBB16B5FAC8F96
:10BC00006C5FF2B16D5FEDC56E5FAD8F6F5FAE8F34
:10BC1000705FC3D5715FB0D3725FAF8F735FDCE1CC
:10BC2000745FB08F755FB18F765FB28F775FDDE144
:10BC3000785FB38F795FDBD27A5FB48F7B5FB9B304
:10BC40007C5FCBB17D5FB58F7E5FB68F7F5FB78F37
:10BC5000805FF9CD815FF7D5825FDEE1835FB88FCA
:10BC6000845FB6BE855FFDB4865FB98F875FDFE115
:10BC7000885FDCBA895FE0E18A5FB2BB8B5FC9C2D3
:10BC80008C5FE1E18D5FBA8F8E5FBB8F8F5FBC8F62
:10BC9000905FECD0915FBD8F925FBDCD935FBE8F03
:10BCA000945FBF8F955FE2E1965FC08F975FC3B5EA
:10BCB000985FC7C5995FE3E19A5FC18F9B5FC28FB1
:10BCC0009C5FE4E19D5FC38F9E5FC48F9F5FC58FC4
:10BCD000A05FC68FA15FF9D3A25FC78FA35FC88F94
:10BCE000A45FC98FA55FCA8FA65FCB8FA75FCC8FDC
:10BCF000A85FE5E1A95FCD8FAA5FADD1AB5FCE8F25
:10BD0000AC5FCF8FAD5FE6E1AE5FA2CEAF5FD08F0D
:10BD1000B05FD18FB15FD28FB25FD38FB35FD48F5B
:10BD2000B45FD58FB55FE7E1B65FD68FB75FC2B5B9
:10BD3000B85FD78FB95FD88FBA5FD98FBB5FDA8F03
:10BD4000BC5FE8E1BD5FD5BBBE5FDB8FBF5FDC8F53
:10BD5000C05FDD8FC15FDE8FC25FDF8FC35FC4D086
:10BD6000C45FE0E2C55FD8B1C65FE4D2C75FE08FD1
:10BD7000C85FE18FC95FE1E2CA5FE28FCB5FE38F0B
:10BD8000CC5FC9BCCD5FCCC8CE5FE48FCF5FE3E2B0
:10BD9000D05FFEECD15FFDECD25FAFDFD35FE58F0C
:10BDA000D45FE68FD55FE78FD65FE2E2D75FBED67E
:10BDB000D85FFCCDD95FA6C3DA5FE88FDB5FE98F80
:10BDC000DC5FEA8FDD5FC3E3DE5FEB8FDF5FEC8F6D
:10BDD000E05FD2D6E15FE7E2E25FED8FE35FEE8FF7
:10BDE000E45FE8E2E55FEF8FE65FF08FE75FC7D3E0
:10BDF000E85FF18FE95FF28FEA5FECE2EB5FECBFA7
:10BE0000EC5FF38FED5FEDE2EE5FE5E2EF5FF48F65
:10BE1000F05FF58FF15FC0B3F25FF68FF35FF78FDE
:10BE2000F45FF88FF55FEEC4F65FF98FF75FFA8F76
:10BE3000F85FEEE2F95FFB8FFA5FFC8FFB5FC3D028
:10BE4000FC5FFD8FFD5FF6BAFE5FE9E2FF5FDEB7E4
:10BE50000060B3BB0160ACCC0260CBCB0360E4E21A
:10BE60000460E6E20560EAE20660EBE20760FE8F4E
:10BE700008604090096041900A60F7E20B604290D0
:10BE80000C6043900D60F4E20E60F5D40F60F3E2B5
:10BE900010604490116045901260ADC513604690EB
:10BEA0001460FAD51560C2C51660C0B2176047901D
:10BEB000186048901960EFE21A6049901B60F2E246
:10BEC0001C60AFC11D60BCCB1E604A901F604B90D0
:10BED0002060A1B52160F9E222604C9023604D9072
:10BEE00024604E902560B1BC2660F1E22760D4D07A
:10BEF0002860B9D42960F5E22A60D6B92B60F6E251
:10BF00002C604F902D6050902E6051902F60D3C7C1
:10BF1000306052903160539032605490336055904D
:10BF2000346056903560F0E2366057903760589034
:10BF30003860599039605A903A605B903B60DCD72A
:10BF40003C60A1ED3D605C903E605D903F60F8E23A
:10BF500040605E904160A5ED4260FEE24360D1CA60
:10BF600044605F9045606090466061904760629079
:10BF700048606390496064904A6065904B60B5C1C9
:10BF80004C6066904D60D0BB4E6067904F6068908B
:10BF90005060D6BF516069905260E3BA53606A90B6
:10BFA00054606B905560A1CB56606C9057606D905B
:10BFB00058606E905960A6ED5A60A3ED5B606F907B
:10BFC0005C6070905D60A2ED5E6071905F607290E9
:10BFD00060607390616074906260D6BB6360A7ED2F
:10BFE0006460F4D065607590666076906760A4EDDB
:10BFF0006860DEBA6960F7B66A60A1E36B60B2B6EA
:10C000006C60F1CC6D60A7B96E6077906F60A2CF65
:10C010007060A1C771607890726079907360D2BFD0
:10C0200074607A9075607B907660F1B677607C90F2
:10C030007860FAE27960FBE27A60FDE27B60FCE224
:10C040007C60D5C47D60A2E37E607D907F60C1D3BB
:10C0500080607E9081608090826081908360A7E3A1
:10C060008460C4C785608290866083908760849076
:10C07000886085908960A4CF8A6086908B60879065
:10C080008C60A9E38D60B7BA8E6088908F608990CC
:10C0900090608A9091608B909260A8E393608C90FE
:10C0A0009460DABB95608D909660A3E397608E9064
:10C0B00098608F90996090909A60A4E39B60AAE347
:10C0C0009C6091909D60A6E39E6092909F60F2CEEE
:10C0D000A060C6D3A1609390A2609490A360BCBB03
:10C0E000A4609590A5609690A660C3D4A760979031
:10C0F000A860FAC4A9609890AA609990AB60A8ED76
:10C10000AC60FCD0AD60A5E3AE609A90AF60F5C3C3
:10C11000B0609B90B160ADE3B260AFB1B3609C9092
:10C12000B460B2E3B5609D90B6609E90B7609F909A
:10C13000B860C2BCB960A090BA60A190BB60ACE32B
:10C14000BC60BFB5BD60A290BE60A390BF60A4906C
:10C15000C060A590C160A690C260A790C360A8907F
:10C16000C460A990C560E9C7C660B0E3C760AA9083
:10C17000C860AB90C960AC90CA60AABECB60EFCD7E
:10C18000CC60AD90CD60AE90CE60AF90CF60B090FF
:10C19000D060B190D160F3BBD260B290D360B39065
:10C1A000D460B490D560E8CCD660B590D760B69036
:10C1B000D860AFE3D960B790DA60B1E3DB60B890E4
:10C1C000DC60A7CFDD60AEE3DE60B990DF60A9CEB2
:10C1D000E060DDBBE160BA90E260BB90E360BC90E0
:10C1E000E460BD90E560BE90E660EBB5E760E5BE5B
:10C1F000E860D2B2E960CDB3EA60BF90EB60B9B15C
:10C20000EC60ABE3ED60D1B2EE60ACB5EF60DFB9EE
:10C21000F060E8B6F160C090F260C190F360EBCFDF
:10C22000F460B7E3F560C290F660CCBBF760C390F2
:10C23000F860C490F960C7C8FA60CAD0FB60C590C6
:10C24000FC60C690FD60C790FE60C890FF60C9901A
:10C250000061B8E30161EEB30261CA900361CB9063
:10C260000461CC900561CD900661A9ED0761CE9087
:10C270000861FAD30961E4D30A61CF900B61D090D1
:10C280000C61D1900D61AAED0E61B9E30F61E2D2AC
:10C290001061D2901161D3901261D4901361D59046
:10C2A0001461D6901561B5E31661D7901761D890E7
:10C2B0001861D9901961DA901A61DED31B61DB90A5
:10C2C0001C61DC901D61DD901E61DE901F61D0B8A5
:10C2D0002061B3E32161DF902261E0902361B6E346
:10C2E0002461DFB72561E1902661B4E32761A2C034
:10C2F0002861E2902961E3902A61E4902B61BAE31E
:10C300002C61E5902D61E6902E61E7902F61E89019
:10C310003061E9903161EA903261EB903361EC90E9
:10C320003461ED903561EE903661EF903761F090B9
:10C330003861F1903961F2903A61F3903B61F49089
:10C340003C61F5903D61F6903E61F7903F61B8D455
:10C350004061F8904161F9904261FA904361FB902D
:10C360004461FC904561FD904661FE9047614091BB
:10C370004861C8B4496141914A61BBE34B61429154
:10C380004C61C5BB4D6143914E61F7C94F6144910A
:10C39000506145915161E5C95261469153614791A0
:10C3A000546148915561BDC45661499157614A91A4
:10C3B00058614B9159614C915A614D915B614E911D
:10C3C0005C614F915D61ABED5E6150915F61519138
:10C3D00060615291616153916261FDC263615491E8
:10C3E0006461559165615691666157916761DBBBE8
:10C3F0006861AEBF696158916A6159916B615A91E8
:10C400006C615B916D615C916E615D916F615E913C
:10C410007061BFCE71615F91726160917361619172
:10C42000746162917561BCE3766163917761B6BFB7
:10C4300078616491796165917A6166917B616791B8
:10C440007C6168917D6169917E616A917F616B9188
:10C4500080616C9181616D9182616E9183616F9158
:10C460008461709185617191866172918761739128
:10C4700088617491896175918A6176918B61EFB160
:10C480008C6177918D6178918E61F7D48F6179910C
:10C4900090617A9191617B9192617C9193617D91A0
:10C4A0009461BEE395617E919661809197618191DF
:10C4B00098618291996183919A6184919B61859140
:10C4C0009C6186919D61ADED9E6187919F61889190
:10C4D000A0618991A1618A91A2618B91A3618C91E4
:10C4E000A4618D91A5618E91A6618F91A761BFE333
:10C4F000A861A9BAA961ACEDAA619091AB619191D3
:10C50000AC61BDE3AD619291AE619391AF619491E5
:10C51000B0619591B1619691B2619791B361989133
:10C52000B4619991B5619A91B6619B91B761C0E38D
:10C53000B8619C91B9619D91BA619E91BB619F91D7
:10C54000BC61A091BD61A191BE61B6BABF61A2916B
:10C55000C061A391C161A491C261AEB6C361A5914E
:10C56000C461A691C561A791C661A891C761A9914F
:10C57000C861B8D0C961AA91CA61C3B0CB61AEED40
:10C58000CC61AB91CD61AC91CE61AD91CF61AE91FB
:10C59000D061AF91D161AFEDD261C1C0D361B09133
:10C5A000D461C1E3D561B191D661B291D761B39144
:10C5B000D861B491D961B591DA61B691DB61B79177
:10C5C000DC61B891DD61B991DE61BA91DF61BB9147
:10C5D000E061BC91E161BD91E261BE91E361BF9117
:10C5E000E461C091E561C191E661B3C5E761C291C3
:10C5F000E861C391E961C491EA61C591EB61C691BB
:10C60000EC61C791ED61C891EE61C991EF61CA918A
:10C61000F061CB91F161CC91F261CD91F361CE915A
:10C62000F461CF91F561C2E3F661D091F761D191E8
:10C63000F861D291F961D391FA61D491FB61D591FE
:10C64000FC61D691FD61D791FE61D891FF61B2DCAA
:10C650000062D9910162DA910262DB910362DC919E
:10C660000462DD910562DE910662B0ED0762DF9142
:10C670000862EAB80962E0910A62ECCE0B62A7EAAE
:10C680000C62E7D00D62F9CA0E62D6C80F62B7CF4E
:10C690001062C9B31162D2CE1262E4BD1362E1919D
:10C6A0001462E2911562DEE31662F2BB1762A8EA39
:10C6B0001862BDD51962E3911A62DDC61B62A9EA50
:10C6C0001C62E4911D62E5911E62E6911F62AAEA76
:10C6D0002062E7912162ACEA2262ABEA2362E89130
:10C6E0002462AEEA2562ADEA2662E9912762EA9108
:10C6F0002862EB912962EC912A62D8BD2B62ED9100
:10C700002C62AFEA2D62EE912E62BEC22F62EF91D3
:10C710003062F0913162F1913262F2913362C1B4D0
:10C720003462F7B43562F3913662F4913762A7BB95
:10C730003862F5913962F6913A62F7913B62F8916D
:10C740003C62F9913D62E6EC3E62E5EC3F62BFB7C8
:10C750004062F9CB4162E2B14262FA914362E7EC96
:10C760004462FB914562FC914662FD914762C8C9F3
:10C770004862E8EC4962E9EC4A62FE914B62D6CA33
:10C780004C62D0DE4D62C5B24E62FAD44F62409226
:10C79000506241925162CBC65262C7B05362F2B44A
:10C7A0005462D3C855624292566243925762449291
:10C7B0005862D0CD596245925A6246925B62B8BFC8
:10C7C0005C6247925D6248925E6249925F624A9201
:10C7D00060624B9261624C9262624D926362DBBF17
:10C7E00064624E9265624F926662A4C76762B4D675
:10C7F000686250926962A9C06A62D1DE6B62A8C9A0
:10C800006C62EFD16D62A4C56E62E7B06F62B6B3C1
:10C810007062C5C871625192726252927362E2B0E4
:10C8200074625392756254927662F6B7776255924B
:10C83000786256927962FAC57A6257927B62589210
:10C840007C62F3B67D6259927E62D2D57F62D0B3AC
:10C850008062BCBC81625A9282625B9283625C920B
:10C860008462ADB385625D9286625E9287625F92FA
:10C87000886260928962F1BE8A62D1B08B626192F5
:10C880008C6262928D6263928E6264928F62659214
:10C89000906266929162D6D29262E3CA9362A5D701
:10C8A000946267929562B6CD9662B6B69762B9BF4A
:10C8B0009862DBD5996268929A62A7B89B62D7C5E5
:10C8C0009C6269929D626A929E626B929F62D2DEC6
:10C8D000A062D9BFA162D5C2A262C0C7A3626C9296
:10C8E000A462A4BBA562A8B1A6626D92A7626E9273
:10C8F000A862EAC5A9626F92AA627092AB62FBC598
:10C90000AC62A7CCAD627192AE627292AF6273926A
:10C91000B0627492B162A7B1B2627592B36276925C
:10C92000B4627792B562D6B5B6627892B762799200
:10C93000B8627A92B962A8C4BA627B92BB62D3DE53
:10C94000BC62BAD1BD62E9B3BE627C92BF62F2C37F
:10C95000C0627D92C1627E92C262F7B7C36280926A
:10C96000C462F4D6C562A3B5C662F0B2C762B4C4ED
:10C97000C862E9C4C962ADC0CA62D4DECB6281922A
:10C98000CC62E8B0CD62C4C5CE62E0C1CF62829213
:10C99000D062D5B9D1628392D262DCBED362D8CDE7
:10C9A000D462CEB0D5628492D662CFCDD762D6DEC5
:10C9B000D862D0BED962BED7DA62D5DEDB62D0D50E
:10C9C000DC62DDB0DD628592DE628692DF62E2C407
:10C9D000E0628792E1628892E262A3C2E362F0BC05
:10C9E000E4628992E562B5D3E662B9C0E762A1C5A7
:10C9F000E862A6B2E962F1D4EA628A92EB628B92B3
:10CA0000EC62A8C0ED62C3CAEE62D7DEEF62FCD56D
:10CA1000F0628C92F162B0B9F2628D92F362ADC8AD
:10CA2000F462A9CBF5628E92F662D9DEF762BDBFE1
:10CA3000F8628F92F9629092FA629192FB629292FE
:10CA4000FC62B4C6FD62A7D7FE62B0CAFF62C3C46F
:10CA5000006393920163D6B30263D2B903639492E5
:10CA60000463959205639692066397920763B8D61E
:10CA70000863FCEA0963B4B00A6398920B63999265
:10CA80000C639A920D639B920E63E6BF0F639C92B8
:10CA900010639D921163F4CC12639E9213639F9274
:10CAA0001463A0921563A1921663DACD1763A29264
:10CAB0001863A3921963A4921A63BFD61B63CEC2F4
:10CAC0001C63A5921D63CECE1E63A2CC1F63AED0A5
:10CAD0002063D3C42163B2B52263D8DE2363F5D5C6
:10CAE0002463B7BC2563D3BB2663A6922763A792B2
:10CAF0002863A4B02963A8922A63B2C52B63ECB45F
:10CB00002C63A9922D63AA922E63AB922F63F1D569
:10CB10003063AC923163AD923263FDEA3363AE921F
:10CB20003463AF923563B0923663B1923763B29299
:10CB30003863B3923963DADE3A63A6CD3B63B492CD
:10CB40003C63B5923D63ECCD3E63B6923F63B792D2
:10CB50004063B8924163B9924263E6CE4363DCDE40
:10CB60004463BA924563B1CD4663A6C04763BB92A6
:10CB70004863BC924963BDD74A63BD924B63DBDE19
:10CB80004C63C6B04D63B4BA4E63D3C94F63F3C4AC
:10CB90005063E8BE5163BE925263BF925363C0922A
:10CBA0005463C1925563B6B25663C2925763C3923F
:10CBB0005863C4925963C5925A63C6925B63C79225
:10CBC0005C63C8925D63C9925E63CCC05F63F0CB67
:10CBD0006063CA926163F1BC6263BBBB6363B7B558
:10CBE0006463CB926563CC926663CD926763F5C54F
:10CBF0006863CE926963E6DE6A63CF926B63D0921C
:10CC00006C63D1926D63E3DE6E63DDBE6F63D292BF
:10CC10007063D3927163DFDE7263D4927363D592D3
:10CC20007463D6927563D7927663B7B47763DDBDCC
:10CC30007863D8927963D9927A63E0DE7B63EDC43E
:10CC40007C63DA927D63DB927E63DC927F63DD92AC
:10CC50008063C6CF8163DE928263E0B58363DF9237
:10CC60008463E0928563E1928663E2928763DEB635
:10CC70008863DACA8963F4B58A63E5DE8B63E3927D
:10CC80008C63C6D58D63E4928E63E1DE8F63CDCC79
:10CC90009063FEC69163E5929263C5C59363E69285
:10CCA0009463E7929563E8929663B4D29763E992AE
:10CCB0009863F2BE9963EA929A63EB929B63EC925B
:10CCC0009C63ED929D63EE929E63EF929F63F09260
:10CCD000A063D3C2A163F192A263BDCCA363B8B336
:10CCE000A463F292A563D3BDA663F392A763D8BFF2
:10CCF000A863C6CDA963DAD1AA63EBB4AB63F4929F
:10CD0000AC63E4DEAD63DDDEAE63E7DEAF63F59218
:10CD1000B063FEEAB163F692B263F792B363B0C256
:10CD2000B463E2DEB563F892B663F992B763C0D636
:10CD3000B863A7B5B963FA92BA63F4B2BB63FB9266
:10CD4000BC63E8DEBD63FC92BE63F2DEBF63FD92AE
:10CD5000C063FE92C1634093C2634193C363429335
:10CD6000C463EDDEC5634393C663F1DEC7634493DA
:10CD7000C8634593C963E0C8CA634693CB634793CE
:10CD8000CC634893CD63E1D7CE63EFDECF63E8C3D6
:10CD9000D063E1CCD1634993D263E5B2D3634A93C4
:10CDA000D4634B93D5634C93D663BED2D7634D9374
:10CDB000D8634E93D9634F93DA635093DB635193F7
:10CDC000DC635293DD635393DE63EEDEDF635493E3
:10CDD000E063EBDEE163D5CEE2635593E363A7B492
:10CDE000E4635693E5635793E6635893E763599377
:10CDF000E8635A93E963ABBFEA63BEBEEB635B9340
:10CE0000EC635C93ED63D2BDEE635D93EF635E9381
:10CE1000F0635F93F1636093F263E9DEF363619320
:10CE2000F463AED4F5636293F663DEDEF763639377
:10CE3000F863EADEF9636493FA636593FB636693D0
:10CE4000FC636793FD63BFC0FE636893FF63ECDE22
:10CE50000064F3B20164E9B80264A7C20364699391
:10CE600004646A930564C1BD06646B9307646C93A4
:10CE700008646D9309646E930A646F930B64F5DE26
:10CE80000C64F8DE0D6470930E6471930F64ABB2A2
:10CE90001064A4B411647293126473931364EAB4BB
:10CEA0001464A6C915647493166475931764769315
:10CEB00018647793196478931A6479931B64F6DE87
:10CEC0001C64D1CB1D647A931E64E3B81F647B930A
:10CED0002064F7DE2164FADE22647C9323647D9370
:10CEE00024647E93256480932664F9DE276481930D
:10CEF00028648293296483932A64C2CC2B6484932C
:10CF00002C64E1B02D64EEB42E6485932F64869377
:10CF100030648793316488933264899333648A934D
:10CF20003464BAE535648B9336648C9337648D939F
:10CF300038648E9339648F933A64AFD03B64909396
:10CF40003C6491933D64EBB23E6492933F64A1EBE9
:10CF5000406493934164F4DE4264949343649593F4
:10CF60004464E3C94564F3DE4664DAB04764A1D2A1
:10CF70004864F7B1496496934A64AFCC4B64979385
:10CF80004C6498934D6499934E649A934F649B9329
:10CF900050649C9351649D935264F0DE53649E935D
:10CFA0005464A4CB55649F935664A0935764A19393
:10CFB0005864AAD55964A2935A64A3935B64A4935A
:10CFC0005C64A5935D64A6935E64FBDE5F64A793D7
:10CFD0006064A8936164A9936264AA936364AB9349
:10CFE0006464AC936564AD936664AE936764DDB4CA
:10CFF0006864AF936964A6C46A64B0936B64B193C8
:10D000006C64B2936D64FDDE6E64B3936F64B4932D
:10D010007064B5937164B6937264B7937364B89394
:10D020007464B9937564BA937664BB937764BC9364
:10D030007864FEC37964A1C47A64A1DF7B64BD9384
:10D040007C64BE937D64BF937E64C0937F64C19310
:10D050008064C2938164C3938264CCC18364C493AB
:10D060008464FCDE8564EFBE8664C5938764B2C6C3
:10D070008864C6938964C7938A64C8938B64C99390
:10D080008C64CA938D64CB938E64CC938F64CD9360
:10D090009064CE939164C5B39264F6C89364CF93C1
:10D0A0009464D0939564BACB9664FEDE9764D19372
:10D0B0009864D2939964A4DF9A64D3939B64D493C5
:10D0C0009C64D5939D64D6939E64B2D79F64D79396
:10D0D000A064D893A164D993A264DA93A364DB9388
:10D0E000A464B7B3A564DC93A664DD93A764DE9360
:10D0F000A864DF93A964C3C1AA64E093AB64E1931D
:10D10000AC64CBC7AD64A5B2AE64E9B4AF64E293DE
:10D11000B064ABD7B164E393B264E493B364E593D2
:10D12000B464E693B564ECC4B664E793B764A2DF75
:10D13000B864A3DFB964E893BA64A5DFBB64E9937C
:10D14000BC64B3BABD64EA93BE64EB93BF64EC9372
:10D15000C064A6DFC164ED93C264DEC0C364EE9315
:10D16000C464EF93C564C3C9C664F093C764F19304
:10D17000C864F293C964F393CA64F493CB64F593DF
:10D18000CC64F693CD64D9B2CE64E6C7CF64F7938E
:10D19000D064A7DFD164F893D264DCC7D364F99379
:10D1A000D464FA93D564FB93D664FC93D764A8DF68
:10D1B000D864A2EBD964FD93DA64FE93DB644094F7
:10D1C000DC644194DD644294DE64D3CBDF64439439
:10D1D000E0644494E1644594E264AADFE364469425
:10D1E000E464A9DFE5644794E664C1B2E764489467
:10D1F000E8644994E9644A94EA644B94EB644C947F
:10D20000EC644D94ED644E94EE644F94EF6450944E
:10D21000F0645194F1645294F2645394F36454941E
:10D22000F4645594F5645694F6645794F7645894EE
:10D23000F8645994F9645A94FA645B94FB645C94BE
:10D24000FC645D94FD645E94FE645F94FF6460948E
:10D250000065CAC5016561940265629403656394C3
:10D26000046564940565659406656694076567942E
:10D27000086568940965ABDF0A6569940B656A9473
:10D280000C656B940D656C940E656D940F656E94D2
:10D2900010656F94116570941265DCD413657194F8
:10D2A0001465729415657394166574941765759476
:10D2B0001865C1C8196576941A6577941B657894CA
:10D2C0001C6579941D657A941E657B941F657C941A
:10D2D00020657D9421657E942265809423658194E8
:10D2E000246582942565ACDF266583942765849444
:10D2F00028658594296586942A6587942B65F0BEF8
:10D300002C6588942D6589942E65ADDF2F65A7D691
:10D3100030658A9431658B9432658C9433658D9435
:10D320003465B7EA3565B6EB3665D5CA37658E9490
:10D330003865FCD83965C4B83A658F943B65A5B9A2
:10D340003C6590943D6591943E65C5B73F65FED5BB
:10D350004065929441659394426594944365959495
:10D36000446596944565CAB946659794476598940F
:10D370004865A7D04965CDF44A6599944B659A9460
:10D380004C65D0B54D659B944E659C944F65F4C338
:10D3900050659D945165C8BE52659E9453659F9497
:10D3A0005465A0945565B7EB5665BDB05765A1941B
:10D3B0005865A2945965CCBD5A65A3945B65B2C10A
:10D3C0005C65A4945D65D6B15E65A8B35F65A59400
:10D3D0006065A6946165A7946265D2B86365A2C9C9
:10D3E0006465A8946565A9946665D8B66765AA94CE
:10D3F0006865AB946965AC946A65AD946B65B8EB90
:10D400006C65B4BE6D65AE946E65AF946F65B09497
:10D410007065FDCA7165B1947265C3C77365B294D6
:10D420007465FBD57565B3947665B4947765F3B789
:10D430007865B5947965B6947A65B7947B65B89448
:10D440007C65B9947D65BA947E65BB947F65BC9418
:10D450008065BD948165BE948265BF948365C094E8
:10D460008465C1948565C2948665C3948765C4CE7E
:10D470008865C4948965C5948A65C6948B65ABD567
:10D480008C65F3B18D65C7948E65C8948F65C9941A
:10D490009065B3EC9165DFB09265CA949365B5EC85
:10D4A0009465CB949565CC949665CD949765B7B605
:10D4B0009865CE949965CFC19A65CF949B65FAF52E
:10D4C0009C65B1D09D65D0949E65D1949F65E5D54E
:10D4D000A065D294A165D3CEA265D394A365D4945C
:10D4E000A465EFBDA565E2B3A665D594A765ABB805
:10D4F000A865D694A965B6D5AA65D794AB65BDEDE8
:10D50000AC65D894AD65CFB6AE65D994AF65B9CBEF
:10D51000B065C2D0B165DA94B265DB94B365DC94D2
:10D52000B465DD94B565DE94B665DF94B765E094C7
:10D53000B865E194B965BDB7BA65E294BB65E3949B
:10D54000BC65B6ECBD65A9CABE65E494BF65E5944B
:10D55000C065E694C165D4C5C265E794C365B9ECFE
:10D56000C465B8ECC565C3C2C665B7ECC765E894C9
:10D57000C865E994C965EA94CA65EB94CB65FDD0AA
:10D58000CC65BAECCD65EC94CE65BBECCF65E5D748
:10D59000D065ED94D165EE94D265BCECD365EF9483
:10D5A000D465F094D565F194D665BDECD765ECC62D
:10D5B000D865F294D965F394DA65F494DB65F59453
:10D5C000DC65F694DD65F794DE65F894DF65F99423
:10D5D000E065DECEE165FA94E265C8BCE365FB94E4
:10D5E000E465FC94E565D5C8E665A9B5E765C9BEFF
:10D5F000E865BCD6E965E7D4EA65FD94EB65FE9481
:10D60000EC65AED1ED65F1D0EE65B8EAEF65B9EA4B
:10D61000F065BAEAF165B5BAF2654095F3654195F2
:10D62000F4654295F5654395F665B1CAF765F5BFB2
:10D63000F8654495F9654595FA65FACDFB6546951B
:10D64000FC654795FD654895FE654995FF654A95DA
:10D650000066C0EA01664B950266BAB00366BEEA90
:10D6600004664C9505664D950666A5C007664E9501
:10D6700008664F95096650950A66BBEA0B66519598
:10D680000C66FDB20D6652950E66F7C30F66E8BBD9
:10D690001066539511665495126655951366D7D248
:10D6A0001466F4CE1566BFEA16665695176657954A
:10D6B000186658951966BCEA1A6659951B665A95FC
:10D6C0001C665B951D66C3EA1E665C951F66C7D027
:10D6D0002066B3D321665D9522665E9523665F95CD
:10D6E000246660952566BAB4266661952766C1C32F
:10D6F0002866F2D7296662952A6663952B6664953B
:10D700002C6665952D66D1D52E6666952F66C7CA9F
:10D71000306667953166C5EA326668953366699505
:10D720003466C4EA3566C7EA3666C6EA37666A957D
:10D7300038666B9539666C953A666D953B666E9565
:10D740003C66E7D63D666F953E66D4CF3F667095E2
:10D75000406671954166CBEA426672954366CEBBE0
:10D7600044667395456674954666759547667695E5
:10D7700048667795496678954A6679954B66FABD0D
:10D780004C66CEC94D667A954E667B954F66CCEA5F
:10D7900050667C9551667D955266B9C95366FECF39
:10D7A0005466CAEA5566CED45666CDEA5766CFEAC5
:10D7B00058667E95596680955A66EDCD5B66819573
:10D7C0005C6682955D6683955E6684955F66C9EA50
:10D7D000606685956166CEEA626686956366879522
:10D7E0006466EECE656688956666DEBB676689957B
:10D7F0006866BFB369668A956A668B956B668C9519
:10D800006C668D956D668E956E66D5C66F66B0BE7C
:10D810007066FACE71668F95726690957366919573
:10D820007466E7C7756692957666A7BE7766D0EA96
:10D8300078669395796694957A66C7D67B66959552
:10D840007C6696957D6697957E66C0C17F66989545
:10D850008066999581669A958266DDD483669B95EC
:10D860008466D1EA85669C9586669D958766BECF5F
:10D8700088669E9589669F958A66A0958B66A19518
:10D880008C66D2EA8D66A2958E66A3958F66A49566
:10D890009066A5959166EECA9266A6959366A79541
:10D8A0009466A8959566A9959666AFC59766B5B036
:10D8B0009866AA959966AB959A66AC959B66AD9568
:10D8C0009C66AE959D66D4EA9E66AF959F66B095C0
:10D8D000A066B195A166B295A266B395A366B4950C
:10D8E000A466B595A566B695A666B795A766D3EA6C
:10D8F000A866DFF4A966B895AA66B995AB66BA952D
:10D90000AC66BB95AD66BC95AE66BAC4AF66BD9558
:10D91000B066BE95B166BF95B266C095B366C19557
:10D92000B466A9B1B566C295B666C395B766C49527
:10D93000B866C595B966DFE5BA66C695BB66C79594
:10D94000BC66C895BD66C995BE66D5EABF66CA9570
:10D95000C066CB95C166CC95C266CD95C366CE95A3
:10D96000C466CF95C566D095C666D195C766D29573
:10D97000C866D395C966D495CA66D595CB66D69543
:10D98000CC66D795CD66D895CE66D995CF66DA9513
:10D99000D066DB95D166DC95D266DD95D366DE95E3
:10D9A000D466DF95D566E095D666E195D766E295B3
:10D9B000D866E395D966EFCADA66E495DB66D6EAFF
:10D9C000DC66D7EADD66D8C6DE66E595DF66E695F5
:10D9D000E066E795E166E895E266E995E366EA9533
:10D9E000E466EB95E566EC95E666D8EAE766ED95C4
:10D9F000E866EE95E966D9EAEA66EF95EB66F0959A
:10DA0000EC66F195ED66F295EE66F395EF66F495AA
:10DA1000F066BBD4F166F595F266FAC7F366B7D245
:10DA2000F466FCB8F566F695F666F795F766C2EA11
:10DA3000F866F895F966DCB2FA66F995FB66FA9530
:10DA4000FC66FCC2FD66FB95FE66F8D4FF66E6CC7C
:10DA50000067EED70167FC950267FD950367FE95A9
:10DA600004674096056741960667429607674396A6
:10DA70000867C2D40967D0D30A67C3EB0B67F3C545
:10DA80000C6744960D67FEB70E6745960F6746967E
:10DA90001067D4EB1167479612674896136749964B
:10DAA0001467B7CB1567DEEB16674A961767CAC0CF
:10DAB00018674B9619674C961A674D961B67FBCDF6
:10DAC0001C674E961D67AFB31E674F961F67DAC679
:10DAD0002067509621675196226752962367539686
:10DAE00024675496256755962667FCEB276756965C
:10DAF0002867BEC4296757962A67B4CE2B67A9C486
:10DB00002C67BEB12D67FDD42E6758962F67F5CAD6
:10DB1000306759963167ECD632675A9633675B9611
:10DB20003467D3C63567E4B636675C9637675D966B
:10DB300038675E9639675F963A67FABB3B676096CF
:10DB40003C6761963D67E0D03E6762963F676396AB
:10DB50004067B1C9416764964267D3D44367A8C898
:10DB600044676596456766964667CBB8476767968C
:10DB70004867BEE84967BCC94A6768964B676996BB
:10DB80004C67BBE84D676A964E67EEC04F67D3D0CF
:10DB90005067C4B25167E5B452676B965367BCE8EF
:10DBA00054676C9655676D965667C8D557676E96DD
:10DBB00058676F96596770965A6771965B67729649
:10DBC0005C67C5B65D6773965E67BDE85F67F8CA58
:10DBD0006067DCB86167F5CC6267749663677596B9
:10DBE000646776966567B4C0666777966767789668
:10DBF0006867EED16967BFE86A67C2E86B677996C4
:10DC00006C677A966D67BCBA6E677B966F67ADB1CD
:10DC10007067DCBD71677C967267BDEA7367C3E8A5
:10DC200074677D967567C6E876677E967767CBE8FA
:10DC300078678096796781967A6782967B67839604
:10DC40007C67CCE87D6784967E67C9CB7F67E5B04B
:10DC5000806785968167ABBC826786968367879667
:10DC60008467B9B985678896866789968767C1E8AA
:10DC700088678A968967F7CD8A678B968B67CAE82B
:10DC80008C678C968D678D968E678E968F678F9634
:10DC90009067F6CE91679096926791969367929669
:10DCA000946793969567EDD5966794969767D6C1D6
:10DCB0009867C4E8996795969A67B6C39B679696E6
:10DCC0009C67FBB99D67A6D69E67C8E89F67979635
:10DCD000A0679896A1679996A267E0CAA367E6D461
:10DCE000A4679A96A567C0E8A6679B96A767C5E84C
:10DCF000A867C7E8A9679C96AA67B9C7AB67E3B7E7
:10DD0000AC679D96AD67C9E8AE679E96AF67DDBF0D
:10DD1000B067D2E8B1679F96B267A096B367D7E8BD
:10DD2000B467A196B567D5E8B667DCBCB767CFBC6A
:10DD3000B867DBE8B967A296BA67A396BB67A496F3
:10DD4000BC67A596BD67A696BE67A796BF67A8964F
:10DD5000C067A996C167DEE8C267AA96C367DAE81A
:10DD6000C467FAB1C567AB96C667AC96C767AD9690
:10DD7000C867AE96C967AF96CA67B096CB67B196CB
:10DD8000CC67B296CD67B396CE67B496CF67D8B05E
:10DD9000D067B3C4D167CCB8D267E2C6D367BEC878
:10DDA000D467E1C8D567B596D667B696D767B796F4
:10DDB000D867CFE8D967D4E8DA67D6E8DB67B896E2
:10DDC000DC67F1B9DD67D8E8DE67F5D7DF67B996BC
:10DDD000E067FBC4E167BA96E267DCE8E367BB96FD
:10DDE000E467BC96E567E9B2E667BD96E767BE966D
:10DDF000E867BF96E967D1E8EA67C096EB67C19626
:10DE0000EC67EDBCED67C296EE67C396EF67C2BFE5
:10DE1000F067CDE8F167F9D6F267C496F367F8C109
:10DE2000F467F1B2F567C596F667C696F767C796C9
:10DE3000F867C896F967C996FA67CA96FB67CB96E2
:10DE4000FC67CC96FD67DFE8FE67CD96FF67C1CA29
:10DE50000068D9E80168CE960268CF960368D0962C
:10DE60000468D1960568A4D50668D2960768EAB119
:10DE70000868BBD50968CEE80A68D0E80B68B0B678
:10DE80000C68D3E80D68D3960E68DDE80F68B8C05B
:10DE90001068D4961168F7CA1268D5961368A8CB93
:10DEA0001468D6961568D7961668DCC61768F5C04C
:10DEB0001868D8961968D9961A68DA961B68DB969E
:10DEC0001C68DC961D68E9E81E68DD961F68DE9612
:10DED0002068DF962168A3D02268E0962368E19647
:10DEE0002468E2962568E3962668E4962768E59616
:10DEF0002868E6962968F2E82A68EAD62B68E79649
:10DF00002C68E8962D68E9962E68EA962F68EB96BD
:10DF10003068EC963168ED963268E0E83368E1E805
:10DF20003468EE963568EF963668F0963768F9D122
:10DF30003868CBBA3968F9B83A68F1963B68F29616
:10DF40003C68F1B83D68D4D43E68EFE83F68F3968A
:10DF50004068EEE84168ECE84268F0B94368D2CC2A
:10DF60004468E6E84568A6CE4668F2BF4768F4967E
:10DF70004868B8B04968F1E84A68F0E84B68F59637
:10DF80004C68C0D74D68F6964E68E4E84F68F7963F
:10DF90005068A9CD5168A3C95268F8965368B8BBB8
:10DFA0005468DBBD5568EAE85668F9965768FA96F2
:10DFB0005868FB965968FC965A68FD965B68FE9611
:10DFC0005C6840975D6841975E6842975F684397D9
:10DFD0006068E2E86168E3E86268E5E86368B5B54F
:10DFE0006468E7E86568C5C76668EBE86768EDE8F8
:10DFF0006868B0BD6968AED76A6844976B68F8E82E
:10E000006C6845976D6846976E6847976F68489744
:10E010007068499771684A9772684B9773684C9714
:10E020007468F5E875684D977668B0CD7768F6E85E
:10E0300078684E9779684F977A6850977B685197C0
:10E040007C6852977D6853977E6854977F68559790
:10E05000806856978168BAC1826857978368E8E8F4
:10E06000846858978568B7C38668F0B08768599701
:10E0700088685A9789685B978A685C978B685D9710
:10E080008C685E978D685F978E6860978F68F4E8FC
:10E090009068619791686297926863979368F7E8D0
:10E0A0009468649795686597966866979768A3B92A
:10E0B00098686797996868979A6869979B686A975C
:10E0C0009C686B979D686C979E686D979F686E972C
:10E0D000A0686F97A1687097A268D2C9A36871976A
:10E0E000A4687297A5687397A668CEC3A768E0CEA8
:10E0F000A868E6C0A9687497AA687597AB68769710
:10E10000AC687797AD68F3CBAE687897AF68DDCC35
:10E11000B068B5D0B1687997B2687A97B368E1CA48
:10E12000B4687B97B568F3E8B6687C97B7687D9765
:10E13000B8687E97B9688097BA688197BB688297FC
:10E14000BC688397BD688497BE688597BF688697CB
:10E15000C068ECBCC1688797C268F9E8C368889753
:10E16000C4688997C5688A97C6688B97C7688C9773
:10E17000C8688D97C968DEC3CA688E97CB68E5C644
:10E18000CC688F97CD68F7B9CE689097CF68919794
:10E19000D0689297D1689397D268F4B0D368949777
:10E1A000D4689597D568D8D7D6689697D768979743
:10E1B000D868ACBCD9689897DA68EFC5DB689997DE
:10E1C000DC689A97DD689B97DE689C97DF689D976F
:10E1D000E068C4CCE1689E97E2689F97E368A6E98F
:10E1E000E468A097E568A197E668A297E768A39717
:10E1F000E868A497E968A597EA68A697EB68A797E7
:10E20000EC68A897ED68A997EE68ADC9EF68AA9782
:10E21000F068A2E9F168E2C0F268AB97F368AC97E6
:10E22000F468AD97F568C3BFF668AE97F768AF9727
:10E23000F868B097F968FEE8FA68D7B9FB68B19753
:10E24000FC68FBE8FD68B297FE68B397FF68B49777
:10E250000069B5970169A4E90269B6970369B797A0
:10E260000469B8970569CED20669B9970769BA9764
:10E270000869BB970969BC970A69BD970B69A3E94F
:10E280000C69BE970D69B2D60E69B5D70F69BF97F5
:10E290001069A7E91169C0971269B7BD1369C197E1
:10E2A0001469C2971569C3971669C4971769C5970A
:10E2B0001869C6971969C7971A69C8971B69C997DA
:10E2C0001C69CA971D69CB971E69CC971F69FCE82A
:10E2D0002069FDE82169CD972269CE972369CF9700
:10E2E0002469A1E92569D0972669D1972769D29732
:10E2F0002869D3972969D4972A69D5972B69D69726
:10E300002C69D7972D69D6CD2E69D8972F69D997C3
:10E310003069ACD23169DA973269DB973369DC97BF
:10E320003469B2E93569DD973669DE973769DF9779
:10E330003869E0973969A9E93A69E1973B69E29759
:10E340003C69E3973D69AAB43E69E4973F69BBB471
:10E350004069E5974169E6974269ABE94369E79708
:10E360004469E8974569E9974669EA974769EB97F1
:10E370004869EC974969ED974A69EE974B69EF97C1
:10E380004C69F0974D69F1974E69F2974F69F39791
:10E390005069F4975169F5975269F6975369F79761
:10E3A0005469A8D05569F8975669F9975769A5E94E
:10E3B0005869FA975969FB975A69FEB35B69FC97EC
:10E3C0005C69FD975D69ACE95E69E3C05F69FE97D2
:10E3D0006069AAE961694098626941986369B9E92D
:10E3E00064694298656943986669B8E967694498C1
:10E3F00068694598696946986A6947986B69AEE9A2
:10E400006C6948986D6949986E69FAE86F694A982D
:10E4100070694B987169A8E972694C9873694D9855
:10E4200074694E9875694F98766950987769ACBF52
:10E430007869B1E97969BAE97A6951987B69529842
:10E440007C69A5C27D6953987E6954987F69559807
:10E450008069AFE9816956988269C5B88369579820
:10E460008469ADE9856958988669DCD38769B4E920
:10E470008869B5E98969B7E98A6959988B695A98B1
:10E480008C695B988D69C7E98E695C988F695D9826
:10E4900090695E9891695F989269609893696198B4
:10E4A0009469C6C09569C5E9966962989769639849
:10E4B0009869B0E9996964989A6965989B69BBE91C
:10E4C0009C69F1B09D6966989E6967989F69689894
:10E4D000A0696998A1696A98A2696B98A3696C9808
:10E4E000A4696D98A5696E98A6696F98A769BCE93B
:10E4F000A869A5D5A9697098AA697198AB69BEE9A0
:10E50000AC697298AD69BFE9AE697398AF697498E8
:10E51000B0697598B169C1E9B2697698B3697798BD
:10E52000B469F1C1B5697898B6697998B769B6C820
:10E53000B8697A98B9697B98BA697C98BB69BDE972
:10E54000BC697D98BD697E98BE698098BF698198D5
:10E55000C0698298C169C2E9C2698398C369849815
:10E56000C4698598C5698698C6698798C769889877
:10E57000C8698998C9698A98CA69C3E9CB698B98BF
:10E58000CC69B3E9CD698C98CE69B6E9CF698D982D
:10E59000D069B1BBD1698E98D2698F98D3699098B0
:10E5A000D469C0E9D5699198D6699298D76993984A
:10E5B000D8699498D9699598DA699698DB69F7BC17
:10E5C000DC699798DD699898DE699998DF69C4E9F4
:10E5D000E069C6E9E1699A98E2699B98E3699C98C9
:10E5E000E4699D98E5699E98E6699F98E769A09817
:10E5F000E869A198E969A298EA69A398EB69A498E7
:10E60000EC69A598ED69CAE9EE69A698EF69A79843
:10E61000F069A898F169A998F269CEE9F369AA9816
:10E62000F469AB98F569AC98F669AD98F769AE985E
:10E63000F869AF98F969B098FA69B198FB69B2982E
:10E64000FC69B398FD69DBB2FE69B498FF69C8E95B
:10E65000006AB598016AB698026AB798036AB898D2
:10E66000046AB998056ABA98066ABB98076ABC98A2
:10E67000086ABD98096ABE980A6AAEB70B6ABF9865
:10E680000C6AC0980D6AC1980E6AC2980F6AC39846
:10E69000106AC498116AC598126AC698136AC79816
:10E6A000146AC898156AC998166ACA98176ACBE995
:10E6B000186ACCE9196ACB981A6ACC981B6ACD986B
:10E6C0001C6ACE981D6ACF981E6AD0981F6AC1D561
:10E6D000206AD198216AA3C4226AD298236AD39867
:10E6E000246AD498256AD598266AD698276AD79836
:10E6F000286AD8E9296AD8982A6AE1BA2B6AD9988F
:10E700002C6ADA982D6ADB982E6ADC982F6AC9E9A0
:10E71000306ADD98316AA3D3326ADE98336ADF98B3
:10E72000346AE098356AD4E9366AE198376AE29843
:10E73000386AE398396AE4983A6AE5983B6AE69859
:10E740003C6AE7983D6AD7E93E6AD0E93F6AE898B3
:10E75000406AE998416AEA98426AEB98436AEC9801
:10E76000446ACFE9456AED98466AEE98476AC1C7A0
:10E77000486AEF98496AF0984A6AF1984B6AF298A9
:10E780004C6AF3984D6AF4984E6AF5984F6AF69879
:10E79000506AD2E9516AF798526AF898536AF99820
:10E7A000546AFA98556AFB98566AFC98576AFD981D
:10E7B000586AD9E9596AC8B35A6AFE985B6AD3E9BC
:10E7C0005C6A40995D6A41995E6A42995F6A4399C1
:10E7D000606A4499616AF0CF626A4599636A4699B2
:10E7E000646A4799656ACDE9666A4899676A499992
:10E7F000686A4A99696A4B996A6A4C996B6A4D9939
:10E800006C6A4E996D6A4F996E6A50996F6A519908
:10E81000706A5299716AF7B3726A5399736A54991C
:10E82000746A5599756A5699766A5799776A5899AC
:10E83000786A5999796AD6E97A6A5A997B6A5B99B2
:10E840007C6ADAE97D6A5C997E6A5D997F6A5E9985
:10E85000806AB4CC816A5F99826A6099836A61999F
:10E86000846AADCF856A6299866A6399876A64997A
:10E87000886A6599896A66998A6A67998B6A6899CC
:10E880008C6A69998D6A6A998E6AD5E98F6A6B99E3
:10E89000906ADCE9916ADBE9926A6C99936A6D99F6
:10E8A000946A6E99956A6F99966A7099976ADEE98B
:10E8B000986A7199996A72999A6A73999B6A74991C
:10E8C0009C6A75999D6A76999E6A77999F6A7899EC
:10E8D000A06AD1E9A16A7999A26A7A99A36A7B9917
:10E8E000A46A7C99A56A7D99A66A7E99A76A80998F
:10E8F000A86A8199A96ADDE9AA6A8299AB6ADFE907
:10E90000AC6ACAC3AD6A8399AE6A8499AF6A8599C5
:10E91000B06A8699B16A8799B26A8899B36A899907
:10E92000B46A8A99B56A8B99B66A8C99B76A8D99D7
:10E93000B86A8E99B96A8F99BA6A9099BB6A9199A7
:10E94000BC6A9299BD6A9399BE6A9499BF6A959977
:10E95000C06A9699C16A9799C26A9899C36A999947
:10E96000C46A9A99C56A9B99C66A9C99C76A9D9917
:10E97000C86A9E99C96A9F99CA6AA099CB6AA199E7
:10E98000CC6AA299CD6AA399CE6AA499CF6AA599B7
:10E99000D06AA699D16AA799D26AA899D36AA99987
:10E9A000D46AAA99D56AAB99D66AAC99D76AAD9957
:10E9B000D86AAE99D96AAF99DA6AB099DB6AB19927
:10E9C000DC6AB299DD6AB399DE6AB499DF6AB599F7
:10E9D000E06AB699E16AB799E26AB899E36AB999C7
:10E9E000E46ABA99E56ABB99E66ABC99E76ABD9997
:10E9F000E86ABE99E96ABF99EA6AC099EB6AC19967
:10EA0000EC6AC299ED6AC399EE6AC499EF6AC59936
:10EA1000F06AC699F16AC799F26AC899F36AC99906
:10EA2000F46ACA99F56ACB99F66ACC99F76ACD99D6
:10EA3000F86ACE99F96ACF99FA6AD099FB6AD199A6
:10EA4000FC6AD299FD6AD399FE6AD499FF6AD59976
:10EA5000006BD699016BD799026BD899036BD99942
:10EA6000046BDA99056BDB99066BDC99076BDD9912
:10EA7000086BDE99096BDF990A6BE0990B6BE199E2
:10EA80000C6BE2990D6BE3990E6BE4990F6BE599B2
:10EA9000106BE699116BE799126BE899136BE99982
:10EAA000146BEA99156BEB99166BEC99176BED9952
:10EAB000186BEE99196BEF991A6BF0991B6BF19922
:10EAC0001C6BF2991D6BF3991E6BF4991F6BF599F2
:10EAD000206BB7C7216BCEB4226BB6BB236BC0D003
:10EAE000246BA3EC256BF699266BF799276BB7C5BA
:10EAF000286BF899296BF9992A6BFA992B6BFB997A
:10EB00002C6BFC992D6BFD992E6BFE992F6B409A07
:10EB1000306B419A316B429A326BFBD3336B439A21
:10EB2000346B449A356B459A366B469A376BA4EC36
:10EB3000386B479A396BA5EC3A6BDBC63B6B489A4E
:10EB40003C6B499A3D6B4A9A3E6BEEBF3F6B4B9ACA
:10EB5000406B4C9A416B4D9A426B4E9A436BA6ECBC
:10EB6000446B4F9A456B509A466BA7EC476BAAD003
:10EB7000486B519A496BB8C74A6B529A4B6B539A80
:10EB80004C6BE8B84D6B549A4E6B559A4F6B569A36
:10EB9000506B579A516B589A526B599A536B5A9AB9
:10EBA000546B5B9A556B5C9A566B5D9A576B5E9A89
:10EBB000586B5F9A596BA8EC5A6B609A5B6B619AC1
:10EBC0005C6B629A5D6B639A5E6B649A5F6B659A2D
:10EBD000606B669A616B679A626BB9D6636BFDD5A1
:10EBE000646BCBB4656BBDB2666BE4CE676BE7C696
:10EBF000686B689A696B699A6A6BE1CD6B6B6A9A0C
:10EC00006C6B6B9A6D6B6C9A6E6B6D9A6F6B6E9A88
:10EC1000706B6F9A716B709A726B719A736B729A58
:10EC2000746B739A756B749A766B759A776B769A28
:10EC3000786B779A796BF5B47A6B789A7B6BC0CBEB
:10EC40007C6BDFBC7D6B799A7E6B7A9A7F6B7B9A4B
:10EC5000806B7C9A816BE2E9826BE3E9836BEAD19A
:10EC6000846BE5E9856B7D9A866BF9B4876BE4E983
:10EC7000886B7E9A896BB3D18A6BE2CA8B6BD0B2F8
:10EC80008C6B809A8D6BE8E98E6B819A8F6B829A80
:10EC9000906B839A916B849A926BE6E9936BE7E9A8
:10ECA000946B859A956B869A966BB3D6976B879A79
:10ECB000986B889A996B899A9A6BE9E99B6BEAE958
:10ECC0009C6B8A9A9D6B8B9A9E6B8C9A9F6B8D9A8C
:10ECD000A06B8E9AA16BEBE9A26B8F9AA36B909AB3
:10ECE000A46B919AA56B929AA66B939AA76B949A30
:10ECF000A86B959AA96B969AAA6BECE9AB6B979A5D
:10ED0000AC6B989AAD6B999AAE6B9A9AAF6B9B9AD3
:10ED1000B06B9C9AB16B9D9AB26B9E9AB36BAFEC41
:10ED2000B46BB9C5B56BCEB6B66B9F9AB76BF3D261
:10ED3000B86BA09AB96BA19ABA6BA29ABB6BA39A53
:10ED4000BC6BA49ABD6BA59ABE6BA69ABF6BEEB5C1
:10ED5000C06BA79AC16BD9BBC26BB1ECC36BA89A4D
:10ED6000C46BA99AC56BE3D2C66BAA9AC76BAB9A60
:10ED7000C86BAC9AC96BAD9ACA6BAE9ACB6BE3CE3B
:10ED8000CC6BAF9ACD6BB8C4CE6BB09ACF6BBFC310
:10ED9000D06BB19AD16BB29AD26BBEB6D36BB9D8E5
:10EDA000D46BC8B1D56BCFB1D66BD1B1D76BFEC523
:10EDB000D86BB39AD96BD0B1DA6BB49ADB6BABC3B7
:10EDC000DC6BB59ADD6BB69ADE6BB79ADF6BB89ADF
:10EDD000E06BB99AE16BB1D5E26BBA9AE36BBB9A7F
:10EDE000E46BBC9AE56BBD9AE66BBE9AE76BBF9A83
:10EDF000E86BC09AE96BC19AEA6BA4EBEB6BC1BA02
:10EE0000EC6BC29AED6BC39AEE6BC49AEF6BBACC03
:10EE1000F06BC59AF16BC69AF26BC79AF36BA5EBD0
:10EE2000F46BC89AF56BA7EBF66BC99AF76BCA9AA5
:10EE3000F86BCB9AF96BA8EBFA6BCC9AFB6BCD9A7B
:10EE4000FC6BCE9AFD6BA6EBFE6BCF9AFF6BD09A54
:10EE5000006CD19A016CD29A026CD39A036CD49A4A
:10EE6000046CD59A056CA9EB066CABEB076CAAEBAE
:10EE7000086CD69A096CD79A0A6CD89A0B6CD99AF6
:10EE80000C6CDA9A0D6CACEB0E6CDB9A0F6CCFCA83
:10EE9000106CB5D8116CF1C3126CDC9A136CA5C35D
:10EEA000146CF8C6156CADEB166CCAC4176CDD9A01
:10EEB000186CAEEB196CAFEB1A6CB0EB1B6CD5B7E2
:10EEC0001C6CDE9A1D6CDF9A1E6CE09A1F6CFAB700
:10EED000206CE19A216CB1EB226CE2C7236CE29AC0
:10EEE000246CB3EB256CE39A266CA4BA276CF5D19D
:10EEF000286CB1B0296CB2EB2A6CB4EB2B6CE49AA1
:10EF00002C6CE59A2D6CE69A2E6CAAB52F6CC8C2B3
:10EF1000306CE8C7316CE79A326CB5EB336CE89A29
:10EF2000346CAECB356CDFE3366CE99A376CEA9A19
:10EF3000386CC0D3396CEB9A3A6CEC9A3B6CED9A16
:10EF40003C6CEE9A3D6CDBD93E6CEF9A3F6CF09ACC
:10EF5000406CA1CD416CADD6426CF3C7436CF19AC5
:10EF6000446CF29A456CF39A466CE0D9476CE3BB6B
:10EF7000486CF49A496CBABA4A6CE2E34B6CF59A65
:10EF80004C6CF69A4D6CF79A4E6CF89A4F6CF99A55
:10EF9000506CABCF516CFA9A526CFB9A536CFC9A42
:10EFA000546CE0E3556CC7C9566CFD9A576CB9BAFE
:10EFB000586CFE9A596C409B5A6C419B5B6CB4D167
:10EFC0005C6CE1E35D6CEAC85E6CAFB95F6CADBDD3
:10EFD000606CD8B3616CDBCE626C429B636C439B0C
:10EFE000646CC0CC656C449B666C459B676C469BAF
:10EFF000686CE8E3696CE9E36A6CF4CD6B6C479B81
:10F000006C6C489B6D6C499B6E6C4A9B6F6C4B9B08
:10F01000706CADCC716C4C9B726CB3BC736C4D9BC3
:10F02000746CEAE3756C4E9B766CEBE3776C4F9BEC
:10F03000786C509B796CDAD07A6C519B7B6C529BCC
:10F040007C6C539B7D6CFBC67E6CDAB77F6C549BEB
:10F05000806C559B816CDFC7826CCAD2836CD6CE24
:10F06000846C569B856CE4E3866CECE3876C579B61
:10F07000886CF2C9896CC1B38A6C589B8B6C599BA4
:10F080008C6CE7E38D6C5A9B8E6C5B9B8F6CE3C63C
:10F09000906CE5E3916C5C9B926C5D9B936CB3ED23
:10F0A000946CE6E3956C5E9B966C5F9B976C609BA3
:10F0B000986C619B996CB3C99A6C629B9B6CE6C51A
:10F0C0009C6C639B9D6C649B9E6C659B9F6CB5B9AF
:10F0D000A06C669BA16CBBC3A26C679BA36CE3E3B3
:10F0E000A46CBDC5A56CA4C1A66CD9C2A76CD7B2CF
:10F0F000A86C689BA96CEDE3AA6CA6BBAB6CADC415
:10F10000AC6C699BAD6CF0E3AE6CDABEAF6C6A9B25
:10F11000B06C6B9BB16CFBE3B26CF5E3B36CD3BA30
:10F12000B46C6C9BB56C6D9BB66C6E9BB76C6F9B37
:10F13000B86CD0B7B96CCDD3BA6C709BBB6CCED663
:10F14000BC6CD3D5BD6CC1B9BE6CB4D5BF6CD8D1C5
:10F15000C06C719BC16C729BC26C739BC36C749BC3
:10F16000C46CB9D0C56CF6C7C66C759BC76C769B72
:10F17000C86C779BC96CAAC8CA6CB4B2CB6C789BBC
:10F18000CC6CDAC3CD6C799BCE6C7A9BCF6C7B9BBD
:10F19000D06CEEE3D16C7C9BD26C7D9BD36CFCE39A
:10F1A000D46CEFE3D56CA8B7D66CF7E3D76CF4E377
:10F1B000D86C7E9BD96C809BDA6C819BDB6CBAB778
:10F1C000DC6C829BDD6C839BDE6CA2C5DF6C849B58
:10F1D000E06CF6E3E16CDDC5E26CA8B2E36CFCC662
:10F1E000E46C859BE56CE0C4E66C869BE76C879BD2
:10F1F000E86CA2D7E96C889BEA6CE1C0EB6CF9E3A0
:10F20000EC6C899BED6C8A9BEE6CFAE3EF6CFDE392
:10F21000F06CA9CCF16CF3E3F26C8B9BF36CBED376
:10F22000F46C8C9BF56CC3B1F66CB4EDF76CF1E348
:10F23000F86CF2E3F96C8D9BFA6CF8E3FB6CBAD0D6
:10F24000FC6CC3C6FD6CF3D4FE6CFEE3FF6C8E9BBE
:10F25000006D8F9B016DE0BD026D909B036D919BD6
:10F26000046DA7E4056D929B066D939B076DA6E464
:10F27000086D949B096D959B0A6D969B0B6DF3D160
:10F280000C6DA3E40D6D979B0E6DA9E40F6D989B1B
:10F29000106D999B116D9A9B126DF7C8136D9B9B16
:10F2A000146D9C9B156D9D9B166D9E9B176DB4CF29
:10F2B000186D9F9B196DA8E41A6DAEE41B6DE5C235
:10F2C0001C6DA09B1D6DA19B1E6DB4B61F6DA29BF6
:10F2D000206DA39B216DA49B226DA59B236DA69BF6
:10F2E000246DA79B256DF2BD266DA89B276DA2E41A
:10F2F000286DA99B296DAA9B2A6DE9BA2B6DAAE4FA
:10F300002C6DAB9B2D6DAC9B2E6DACE42F6DAD9B2E
:10F31000306DAE9B316DFDB6326DDED6336DB2E42D
:10F32000346DAF9B356DADE4366DB09B376DB19BE1
:10F33000386DB29B396DA1E43A6DB39B3B6DEEBB6A
:10F340003C6DDDCD3D6DA2C73E6DC9C53F6DB49B23
:10F35000406DB59B416DF7C1426DB69B436DA4E412
:10F36000446DB79B456DB3C7466DACBD476DBDBD24
:10F37000486DA5E4496DB89B4A6DC7D74B6DE2B2A5
:10F380004C6DB99B4D6DABE44E6DC3BC4F6DAFE49E
:10F39000506DBA9B516DEBBB526DB0E4536DA8C577
:10F3A000546DB1E4556DBB9B566DBC9B576DBD9BB9
:10F3B000586DBE9B596DE3D55A6DA3BF5B6DBF9B66
:10F3C0005C6DBAE45D6DC09B5E6DB7E45F6DC19B23
:10F3D000606DBBE4616DC29B626DC39B636DBDE4F8
:10F3E000646DC49B656DC59B666DD6C6676DC69B17
:10F3F000686DC79B696DC6BA6A6DCBC06B6DC89BE3
:10F400006C6DC99B6D6DCA9B6E6DA1B86F6DB4E4D8
:10F41000706DCB9B716DCC9B726DCD9B736DCE9BD4
:10F42000746DA1D4756DCF9B766DD09B776DA3BAAB
:10F43000786DFEBD796DD19B7A6DD29B7B6DD39B30
:10F440007C6DBCE47D6DD49B7E6DD59B7F6DD69B22
:10F45000806DD79B816DD89B826DBFCD836DD99B0D
:10F46000846DDA9B856DF9C4866DDB9B876DDC9BB3
:10F47000886DFBCF896DE6C98A6DDD9B8B6DDE9B48
:10F480008C6DBFD38D6DDF9B8E6DD1CF8F6DE09B6B
:10F49000906DE19B916DB3E4926DE29B936DB8E446
:10F4A000946DB9E4956DE9CC966DE39B976DE49B03
:10F4B000986DE59B996DE69B9A6DE79B9B6DCECC15
:10F4C0009C6DE89B9D6DD4C09E6DB5E49F6DB0C1F1
:10F4D000A06DB6E4A16DD0CEA26DE99BA36DC1BBBA
:10F4E000A46DD3B5A56DEA9BA66DF3C8A76DA7BDA6
:10F4F000A86DC7D5A96DACC9AA6DA2B8AB6DCAE499
:10F50000AC6DEB9BAD6DEC9BAE6DCCE4AF6DC4D13F
:10F51000B06DED9BB16DEE9BB26DBAD2B36DEF9B4A
:10F52000B46DF09BB56DADBAB66DF19BB76DF29B46
:10F53000B86DD4BAB96DF39BBA6DF49BBB6DF59BF6
:10F54000BC6DF69BBD6DF79BBE6DF89BBF6DC3E4B4
:10F55000C06DEDB5C16DF99BC26DFA9BC36DFB9B90
:10F56000C46DCDD7C56DC0E4C66DFDCFC76DBFE41A
:10F57000C86DFC9BC96DFD9BCA6DFE9BCB6DDCC14C
:10F58000CC6DCACCCD6D409CCE6D419CCF6D429C64
:10F59000D06D439CD16DE7CAD26D449CD36D459C20
:10F5A000D46D469CD56D479CD66DD7C4D76D489C0D
:10F5B000D86DD4CCD96DC8E4DA6D499CDB6D4A9C1A
:10F5C000DC6D4B9CDD6DC7E4DE6DC1E4DF6D4C9CF2
:10F5D000E06DC4E4E16DADB5E26D4D9CE36D4E9C14
:10F5E000E46DD9D3E56D4F9CE66DC6E4E76D509CA4
:10F5F000E86D519CE96D529CEA6D539CEB6DF9D21C
:10F60000EC6DE3B4ED6D549CEE6DB4BBEF6D559CA9
:10F61000F06D569CF16DEEC9F26D579CF36DBEB462
:10F62000F46D589CF56D599CF66D5A9CF76DECBBCA
:10F63000F86D5B9CF96DCDD1FA6D5C9CFB6DEDCCEA
:10F64000FC6DB5EDFD6D5D9CFE6D5E9CFF6D5F9C80
:10F65000006E609C016E619C026E629C036E639CF6
:10F66000046E649C056EE5C7066E659C076E669C1D
:10F67000086E679C096E689C0A6EA8D40B6E699C24
:10F680000C6ECBE40D6ED5D70E6EC2E40F6E6A9C85
:10F69000106EA5BD116EC5E4126E6B9C136E6C9C52
:10F6A000146EE6D3156E6D9C166EC9E4176EF8C91C
:10F6B000186E6E9C196E6F9C1A6EBEE41B6E709C69
:10F6C0001C6E719C1D6EE5D31E6E729C1F6E739C2A
:10F6D000206EFEC7216EC9B6226E749C236EFCD4C8
:10F6E000246EB3B2256ED7E4266E759C276E769C89
:10F6F000286E779C296EC2CE2A6E789C2B6ECDE444
:10F700002C6E799C2D6EBCCE2E6E7A9C2F6EDBB843
:10F71000306E7B9C316E7C9C326ED6E4336E7D9C69
:10F72000346ECABF356E7E9C366E809C376E819C6F
:10F73000386ECED3396E829C3A6EECC33B6E839C9E
:10F740003C6E849C3D6E859C3E6E869C3F6E879C85
:10F75000406E889C416E899C426E8A9C436EC8C5EF
:10F76000446ED8E4456E8B9C466E8C9C476E8D9C97
:10F77000486E8E9C496E8F9C4A6E909C4B6E919CFD
:10F780004C6E929C4D6EC4CD4E6ECFE44F6E939CEA
:10F79000506E949C516E959C526E969C536ED4E420
:10F7A000546ED5E4556E979C566EFEBA576E989C73
:10F7B000586EE6CF596E999C5A6E9A9C5B6EBFD577
:10F7C0005C6E9B9C5D6E9C9C5E6E9D9C5F6ED2E4AD
:10F7D000606E9E9C616E9F9C626EA09C636EA19CFD
:10F7E000646EA29C656EA39C666EA49C676EA59CCD
:10F7F000686EA69C696EA79C6A6EA89C6B6ED0E42E
:10F800006C6EA99C6D6EAA9C6E6ECEE46F6EAB9C06
:10F81000706EAC9C716EAD9C726EAE9C736EAF9C44
:10F82000746EB09C756EB19C766EB29C776EB39C14
:10F83000786EB49C796EB59C7A6EB69C7B6EB79CE4
:10F840007C6EB89C7D6EB99C7E6EE5CD7F6EAACA3B
:10F85000806EBA9C816EBB9C826EBC9C836EA3C082
:10F86000846EBD9C856EA6BD866ED3E4876EBE9CFD
:10F87000886EBF9C896EC8B88A6EC09C8B6EC19C16
:10F880008C6EC29C8D6EC39C8E6EC49C8F6EE7E4A2
:10F89000906EB4D4916EC59C926EC69C936EC79CBC
:10F8A000946EC89C956EC99C966ECA9C976ECB9CB4
:10F8B000986EDBE4996ECC9C9A6ECD9C9B6ECE9C30
:10F8C0009C6EEFC19D6ECF9C9E6ED09C9F6EE9E4B6
:10F8D000A06ED19CA16ED29CA26EE7D2A36ED39CE7
:10F8E000A46ED49CA56EDFE4A66ED59CA76EE0E462
:10F8F000A86ED69CA96ED79CAA6EAACFAB6ED89CD8
:10F90000AC6ED99CAD6EDA9CAE6EDB9CAF6EDDCB7F
:10F91000B06EDC9CB16EDAE4B26ED1E4B36EDD9C05
:10F92000B46EE5E4B56EDE9CB66EDCC8B76EE3E49B
:10F93000B86EDF9CB96EE09CBA6EE7C4BB6EE2E4C1
:10F94000BC6EE19CBD6EE1E4BE6EE29CBF6EE39CCA
:10F95000C06EE49CC16EFCB3C26EE8E4C36EE59C6D
:10F96000C46EE69CC56EE79CC66EE89CC76EE1B5AA
:10F97000C86EE99CC96EEA9CCA6EEB9CCB6ECCD774
:10F98000CC6EEC9CCD6EED9CCE6EEE9CCF6EE6E424
:10F99000D06EEF9CD16EACBBD26EF09CD36ED2D742
:10F9A000D46ECFCCD56EF8EBD66EF19CD76EE4E476
:10F9B000D86EF29CD96EF39CDA6EF6B9DB6EF49CCD
:10F9C000DC6EF59CDD6EF69CDE6ECDD6DF6ED9E486
:10F9D000E06EDCE4E16EFAC2E26EDEE4E36EF79C18
:10F9E000E46ECBC2E56EC4C0E66ED0C2E76EF89C92
:10F9F000E86EF5B1E96EB2CCEA6EF99CEB6EFA9C5A
:10FA0000EC6EFB9CED6EFC9CEE6EFD9CEF6EFE9C26
:10FA1000F06E409DF16E419DF26E429DF36E439DEE
:10FA2000F46ECEB5F56E449DF66E459DF76E469D1F
:10FA3000F86E479DF96EEFE4FA6E489DFB6E499DA6
:10FA4000FC6E4A9DFD6E4B9DFE6E4C9DFF6E4D9D66
:10FA5000006F4E9D016F4F9D026FAFC6036F509DAB
:10FA6000046F519D056F529D066FE1C6076F539D50
:10FA7000086F549D096FF5E40A6F559D0B6F569DF5
:10FA80000C6F579D0D6F589D0E6F599D0F6FA9C23A
:10FA9000106F5A9D116F5B9D126F5C9D136FECC0D0
:10FAA000146FDDD1156FEEE4166F5D9D176F5E9DCF
:10FAB000186F5F9D196F609D1A6F619D1B6F629D2E
:10FAC0001C6F639D1D6F649D1E6F659D1F6F669DFE
:10FAD000206FAEC4216F679D226F689D236F699D63
:10FAE000246FEDE4256F6A9D266F6B9D276F6C9DDB
:10FAF000286F6D9D296FF6E42A6FF4E42B6FFEC228
:10FB00002C6F6E9D2D6FDDE42E6F6F9D2F6FF0E4D7
:10FB1000306F709D316FFECA326F719D336FC4D5E7
:10FB2000346F729D356F739D366FF1E4376F749D3E
:10FB3000386F759D396F769D3A6F779D3B6F789DD5
:10FB40003C6F799D3D6F7A9D3E6FFAD13F6F7B9DF3
:10FB5000406F7C9D416F7D9D426F7E9D436F809D78
:10FB6000446F819D456F829D466FEBE4476FECE4E7
:10FB7000486F839D496F849D4A6F859D4B6FF2E46A
:10FB80004C6F869D4D6FABCE4E6F879D4F6F889D9E
:10FB9000506F899D516F8A9D526F8B9D536F8C9DC5
:10FBA000546F8D9D556F8E9D566F8F9D576F909D95
:10FBB000586FCBC5596F919D5A6F929D5B6F939D06
:10FBC0005C6FB1C75D6F949D5E6FBAC25F6F959DAC
:10FBD000606F969D616F979D626FEAE4636F989D79
:10FBE000646F999D656F9A9D666FCAC1676F9B9D93
:10FBF000686F9C9D696F9D9D6A6F9E9D6B6F9F9DB9
:10FC00006C6FA09D6D6FB6CC6E6FB1B36F6FA19D21
:10FC1000706FA29D716FA39D726FFBE4736FA49DC3
:10FC2000746FF3E4756FA59D766FA69D776FA79DA2
:10FC3000786FFAE4796FA89D7A6FFDE47B6FA99DD8
:10FC40007C6FFCE47D6FAA9D7E6FAB9D7F6FAC9D4A
:10FC5000806FAD9D816FAE9D826FAF9D836FB09DB4
:10FC6000846FCEB3856FB19D866FB29D876FB39D54
:10FC7000886FBAB3896FF7E48A6FB49D8B6FB59DB7
:10FC80008C6FF9E48D6FF8E48E6FECC58F6FB69DC5
:10FC9000906FB79D916FB89D926FB99D936FBA9D0C
:10FCA000946FBB9D956FBC9D966FBD9D976FBE9DDC
:10FCB000986FBF9D996FC09D9A6FC19D9B6FC29DAC
:10FCC0009C6FBDC09D6FC39D9E6FC49D9F6FC59D62
:10FCD000A06FC69DA16FE8D4A26FC79DA36FC89DFA
:10FCE000A46FC99DA56FCA9DA66FCB9DA76FA2E506
:10FCF000A86FCC9DA96FCD9DAA6FCE9DAB6FCF9DF8
:10FD0000AC6FD09DAD6FD19DAE6FD29DAF6FD39DC7
:10FD1000B06FD49DB16FD59DB26FD69DB36FC4B097
:10FD2000B46FD79DB56FD89DB66FA4E5B76FD99D59
:10FD3000B86FDA9DB96FA3E5BA6FDB9DBB6FDC9D31
:10FD4000BC6FDD9DBD6FDE9DBE6FDF9DBF6FE09D13
:10FD5000C06FA4BCC16FE19DC26FA5E5C36FE29DFA
:10FD6000C46FE39DC56FE49DC66FE59DC76FE69DBB
:10FD7000C86FE79DC96FA1E5CA6FE89DCB6FE99D8C
:10FD8000CC6FEA9DCD6FEB9DCE6FEC9DCF6FED9D5F
:10FD9000D06FEE9DD16FFEE4D26FF4B1D36FEF9DC3
:10FDA000D46FF09DD56FF19DD66FF29DD76FF39D07
:10FDB000D86FF49DD96FF59DDA6FF69DDB6FF79DD7
:10FDC000DC6FF89DDD6FF99DDE6FA8E5DF6FFA9DB2
:10FDD000E06FA9E5E16FA6E5E26FFB9DE36FFC9D97
:10FDE000E46FFD9DE56FFE9DE66F409EE76F419ECF
:10FDF000E86F429EE96F439EEA6F449EEB6F459E1B
:10FE0000EC6F469EED6F479EEE6FA7E5EF6FAAE59C
:10FE1000F06F489EF16F499EF26F4A9EF36F4B9EC2
:10FE2000F46F4C9EF56F4D9EF66F4E9EF76F4F9E92
:10FE3000F86F509EF96F519EFA6F529EFB6F539E62
:10FE4000FC6F549EFD6F559EFE6F569EFF6F579E32
:10FE50000070589E0170599E02705A9E03705B9EFE
:10FE600004705C9E05705D9E06705E9E07705F9ECE
:10FE70000870609E0970619E0A70629E0B70639E9E
:10FE80000C70649E0D70659E0E70669E0F70679E6E
:10FE90001070689E1170D9C61270699E13706A9EA8
:10FEA00014706B9E15706C9E16706D9E17706E9E12
:10FEB00018706F9E1970709E1A70ABE51B70ADE5DF
:10FEC0001C70719E1D70729E1E70739E1F70749EBA
:10FED0002070759E2170769E2270779E2370ACE50F
:10FEE0002470789E2570799E26707A9E27707B9E5E
:10FEF00028707C9E29707D9E2A707E9E2B70809E2D
:10FF00002C70819E2D70829E2E70839E2F70849EF9
:10FF10003070859E3170869E3270879E3370889EC9
:10FF20003470899E3570AFE536708A9E37708B9E2F
:10FF300038708C9E3970AEE53A708D9E3B708E9E07
:10FF40003C708F9E3D70909E3E70919E3F70929E41
:10FF50004070939E4170949E4270959E4370969E11
:10FF60004470979E4570989E4670999E47709A9EE1
:10FF700048709B9E49709C9E4A709D9E4B709E9EB1
:10FF80004C70E0B94D709F9E4E70A09E4F70B0E5D2
:10FF90005070A19E5170A29E5270A39E5370A49E59
:10FFA0005470A59E5570A69E5670A79E5770A89E29
:10FFB0005870A99E5970AA9E5A70AB9E5B70AC9EF9
:10FFC0005C70AD9E5D70AE9E5E70B1E55F70AF9E81
:10FFD0006070B09E6170B19E6270B29E6370B39E9D
:10FFE0006470B49E6570B59E6670B69E6770B79E6D
:10FFF0006870B89E6970B99E6A70BA9E6B70F0BBEB
:020000040807EB
:100000006C70E1EC6D70F0C36E70BB9E6F70C6B526
:100010007070D2BB7170BC9E7270BD9E7370BE9EBC
:100020007470BF9E7570E9C17670EED47770C09E13
:100030007870C4BE7970C19E7A70C29E7B70C39E78
:100040007C70C6D77D70C49E7E70D6D47F70D3B2CC
:100050008070BEEC8170C59E8270C69E8370C79E04
:100060008470C89E8570C1EA8670C99E8770CA9EDA
:100070008870CB9E8970AFC28A70B6B48B70CC9EEC
:100080008C70CD9E8D70CE9E8E70D7D18F70CF9E8E
:100090009070D09E9170D19E9270B4B39370D29EA6
:1000A0009470B2C89570BBBF9670C0EC9770D39E29
:1000B0009870D49E9970CBD69A70D59E9B70D69E20
:1000C0009C70BFEC9D70C1EC9E70D79E9F70D89EB7
:1000D000A070D99EA170DA9EA270DB9EA370DC9EF8
:1000E000A470DD9EA570DE9EA670DF9EA770E09EC8
:1000F000A870E19EA970E29EAA70E39EAB70C5EC69
:10010000AC70E6BEAD70BFCCAE70DAC5AF70BCBE31
:10011000B070E49EB170C6ECB270E59EB370FEB1F3
:10012000B470E69EB570E79EB670E89EB770C4ECFA
:10013000B870A8D5B970E3B5BA70E99EBB70C2ECCF
:10014000BC70B6C1BD70E3B3BE70EA9EBF70EB9EDB
:10015000C070C3ECC170B8CBC270C3C0C370FECC5A
:10016000C470EC9EC570ED9EC670EE9EC770EF9E8B
:10017000C870D2C1C970F09ECA70C8ECCB70F19E35
:10018000CC70F29ECD70F39ECE70F49ECF70F59E33
:10019000D070F69ED170F79ED270F89ED370F99E03
:1001A000D470FA9ED570FB9ED670FC9ED770FD9ED3
:1001B000D870E6BAD970D3C0DA70FE9EDB70F2D682
:1001C000DC70409FDD70419FDE70429FDF70CCD1BC
:1001D000E070439FE170449FE270459FE370469F4B
:1001E000E470BEBFE570479FE670B3B7E770D5C94E
:1001F000E870C7ECE970E2BBEA70489FEB70CCCCCA
:10020000EC70FDBDED70C8C8EE70499FEF70A9CFCE
:10021000F0704A9FF1704B9FF2704C9FF3704D9FAE
:10022000F4704E9FF5704F9FF670509FF770E9CDB8
:10023000F870519FF970EBC5FA70529FFB70539F95
:10024000FC70549FFD70E9B7FE70559FFF70569F7C
:100250000071579F0171589F0271599F03715A9FF6
:1002600004715B9F05715C9F06715D9F07715E9FC6
:1002700008715F9F0971C9D10A71B8BA0B71609F8B
:100280000C71619F0D71629F0E71639F0F71649F6E
:100290001071C9EC1171659F1271669F1371CAECE0
:1002A0001471679F1571C0BB1671CBEC1771689FF5
:1002B0001871E2EC1971BAB11A71D9B71B71699F43
:1002C0001C716A9F1D716B9F1E716C9F1F716D9FCA
:1002D00020716E9F21716F9F2271709F2371719F9A
:1002E0002471729F2571739F2671B9BD2771749F08
:1002F0002871759F2971769F2A71779F2B71789F3E
:100300002C71799F2D717A9F2E717B9F2F71CCEC70
:100310003071E6D13171CDEC32717C9F33717D9FAC
:1003200034717E9F3571809F3671BBC83771819F54
:100330003871829F3971839F3A71849F3B71859F89
:100340003C71869F3D71879F3E71889F3F71899F59
:1003500040718A9F41718B9F42718C9F43718D9F29
:1003600044718E9F4571D1EC46718F9F4771909F6C
:100370004871919F4971929F4A71D3EC4B71939F41
:100380004C71CDBB4D71949F4E71E5BC4F71959FE3
:100390005071969F5171979F5271989F5371999F79
:1003A00054719A9F55719B9F56719C9F57719D9F49
:1003B00058719E9F59719F9F5A71A09F5B71A19F19
:1003C0005C71CFEC5D71A29F5E71B7C95F71A39F35
:1003D0006071A49F6171A59F6271A69F6371A79FC1
:1003E0006471BAC36571A89F6671E3EC6771D5D576
:1003F0006871D0EC6971A99F6A71AA9F6B71AB9FFC
:100400006C71AC9F6D71AD9F6E71F3D66F71AE9FC5
:100410007071AF9F7171B09F7271D2EC7371CEEC3D
:100420007471B19F7571B29F7671B39F7771B49FEC
:100430007871D4EC7971B59F7A71D5EC7B71B69FE8
:100440007C71B79F7D71BFC97E71B89F7F71B99F65
:100450008071BA9F8171BB9F8271BC9F8371BD9F68
:100460008471A8CF8571BE9F8671BF9F8771C09F21
:100470008871C19F8971C29F8A71DCD08B71C39FC3
:100480008C71C49F8D71C59F8E71C69F8F71ACD1C9
:100490009071C79F9171C89F9271C99F9371CA9FB4
:1004A0009471DBC89571CB9F9671CC9F9771CD9F4E
:1004B0009871D6EC9971F5CE9A71CE9F9B71CF9FB2
:1004C0009C71D09F9D71D19F9E71D29F9F71ECCAEC
:1004D000A071DAECA171D39FA271D49FA371D59FB3
:1004E000A471D69FA571D79FA671D89FA771D99FD8
:1004F000A871D9ECA971DA9FAA71DB9FAB71DC9F5F
:10050000AC71BEB0AD71DD9FAE71DE9FAF71DF9F8C
:10051000B071E09FB171E19FB271E29FB371D7EC0E
:10052000B471E39FB571D8ECB671E49FB771E59FE4
:10053000B871E69FB971E4ECBA71E79FBB71E89FAF
:10054000BC71E99FBD71EA9FBE71EB9FBF71EC9FCB
:10055000C071ED9FC171EE9FC271EF9FC371BCC8A6
:10056000C471F09FC571F19FC671F29FC771F39F6F
:10057000C871F49FC971F59FCA71F69FCB71F79F3F
:10058000CC71F89FCD71F99FCE71C7C1CF71FA9F21
:10059000D071FB9FD171FC9FD271FD9FD371FE9FE3
:1005A000D471DCECD571E0D1D67140A0D77141A0F7
:1005B000D87142A0D97143A0DA7144A0DB7145A083
:1005C000DC7146A0DD7147A0DE7148A0DF7149A053
:1005D000E071DBECE1714AA0E2714BA0E3714CA049
:1005E000E4714DA0E571EFD4E6714EA0E771DDEC4A
:1005F000E8714FA0E97150A0EA7151A0EB7152A0CF
:10060000EC7153A0ED7154A0EE71C6DBEF7155A0F3
:10061000F07156A0F17157A0F27158A0F37159A072
:10062000F4715AA0F5715BA0F6715CA0F7715DA042
:10063000F8715EA0F971DEECFA715FA0FB7160A049
:10064000FC7161A0FD7162A0FE7163A0FF7164A0E6
:10065000007265A0017266A0027267A0037268A0B2
:10066000047269A005726AA00672ACB107726BA031
:1006700008726CA009726DA00A726EA00B726FA056
:100680000C7270A00D7271A00E7272A00F7273A026
:10069000107274A0117275A0127276A0137277A0F6
:1006A000147278A0157279A016727AA017727BA0C6
:1006B00018727CA019727DA01A727EA01B7280A095
:1006C0001C7281A01D72DFEC1E7282A01F7283A0BB
:1006D000207284A0217285A0227286A0237287A036
:1006E000247288A0257289A026728AA027728BA006
:1006F0002872E0EC29728CA02A72A6D72B728DA0EA
:100700002C72C0C52D728EA02E728FA02F7290A059
:100710003072BCEB3172AEB0327291A0337292A0E3
:10072000347293A03572F4BE3672B8B83772AFD255
:100730003872D6B03972F9B53A7294A03B72B3D818
:100740003C7295A03D72ACCB3E7296A03F72DDE349
:10075000407297A0417298A0427299A043729AA0E9
:1007600044729BA045729CA046729DA04772ACC685
:100770004872E6B049729EA04A729FA04B72A0A038
:100780004C72C6C54D72B9EB4E72A1A04F72A2A0B9
:100790005072A3A05172A4A05272BAEB5372A5A0DA
:1007A0005472A6A05572A7A05672BBEB5772A8A0B0
:1007B0005872A9A05972C0D15A72AAA05B72A3C57F
:1007C0005C72ABA05D72F2EA5E72ACA05F72B2C402
:1007D0006072ADA06172B5C46272CEC06372AEA029
:1007E0006472AFA06572B0A06672F3EA6772C1C4AA
:1007F0006872B1A06972EFCE6A72B2A06B72B3A0D8
:100800006C72B4A06D72B5A06E72F0EA6F72F4EA09
:100810007072B6A07172B7A07272FCC97372B8A080
:100820007472B9A07572A3C77672BAA07772BBA0B2
:100830007872BCA07972D8CC7A72FECE7B72BDA0E1
:100840007C72BEA07D72BFA07E72F5EA7F72F6EA6E
:100850008072ACCF8172E7C08272C0A08372C1A0E7
:100860008472F7EA8572C2A08672C3A08772C4A0A0
:100870008872C5A08972C6A08A72BFB68B72F8EA68
:100880008C72C7A08D72F9EA8E72C8A08F72FAEAD4
:100890009072C9A09172CAA09272FBEA9372CBA027
:1008A0009472CCA09572CDA09672CEA09772CFA074
:1008B0009872D0A09972D1A09A72D2A09B72D3A044
:1008C0009C72D4A09D72D5A09E72D6A09F72F1EAB0
:1008D000A072D7A0A172D8A0A272D9A0A372DAA0E8
:1008E000A472DBA0A572DCA0A672DDA0A772DEA0B8
:1008F000A872DFA0A972E0A0AA72E1A0AB72E2A088
:10090000AC72AEC8AD72EBE1AE72E3A0AF72B8B735
:10091000B072ECE1B172E4A0B272E5A0B372E6A0ED
:10092000B472EDE1B572E7A0B672B4D7B772EEE17A
:10093000B872EFE1B972CCD3BA72E8A0BB72E9A089
:10094000BC72EAA0BD72EBA0BE72ECA0BF72EDA0BB
:10095000C072EEA0C172F1E1C272F1BFC372F0E1E8
:10096000C472D2B5C572EFA0C672F0A0C772F1A072
:10097000C872B7B1C972F2A0CA72F3A0CB72F4A068
:10098000CC72F5A0CD72F3E1CE72F2E1CF72F6A097
:10099000D072FCBAD172F7A0D272F4E1D372F8A08F
:1009A000D472F9A0D572FAA0D672FBA0D772B7B9EB
:1009B000D872FCA0D972D1BEDA72FDA0DB72FEA0A3
:1009C000DC7240AADD7241AADE72FCC4DF7242AA68
:1009D000E072DDBAE172C6BDE27243AAE37244AAD4
:1009E000E47245AAE57246AAE67247AAE77248AAE7
:1009F000E872F5E1E972F7E1EA7249AAEB724AAAF4
:100A0000EC72C0B6ED72C1CFEE72A8CAEF72F6E119
:100A1000F072F8D5F172FCD3F272F8E1F372FCE1F6
:100A2000F472F9E1F5724BAAF6724CAAF772FAE188
:100A3000F872EAC0F9724DAAFA72FEE1FB72A1E205
:100A4000FC72C7C0FD724EAAFE724FAAFF7250AA76
:100A5000007351AA0173FBE1027352AA0373FDE113
:100A6000047353AA057354AA067355AA077356AAAA
:100A7000087357AA097358AA0A73A5E20B7359AAF7
:100A80000C735AAA0D735BAA0E73D4C10F735CAAC0
:100A900010735DAA11735EAA12735FAA1373A3E2A7
:100AA000147360AA1573A8E21673FEB21773A2E25C
:100AB000187361AA197362AA1A7363AA1B73CDC350
:100AC0001C73C2B21D73A7E21E73A6E21F7364AA51
:100AD000207365AA2173A4E22273A9E2237366AA94
:100AE000247367AA2573ABE2267368AA277369AAE1
:100AF00028736AAA2973C9D02A73EDD62B73A8C3A9
:100B00002C73ACE22D736BAA2E73D7CF2F736CAA04
:100B100030736DAA3173AEE232736EAA33736FAA6B
:100B20003473EFBA357370AA367371AA3773E0E97C
:100B30003873ADE23973AAE23A7372AA3B7373AAAF
:100B40003C7374AA3D7375AA3E73ABBB3F73B3D4B9
:100B5000407376AA417377AA427378AA437379AA3D
:100B600044737AAA45737BAA46737CAA47737DAA0D
:100B700048737EAA497380AA4A7381AA4B7382AADA
:100B80004C7383AA4D73B0E24E7384AA4F7385AA47
:100B90005073AFE2517386AA5273E1E9537387AA87
:100BA000547388AA557389AA56738AAA5773B1E2F7
:100BB00058738BAA59738CAA5A738DAA5B738EAA29
:100BC0005C738FAA5D7390AA5E7391AA5F7392AAF9
:100BD0006073B2E2617393AA627394AA637395AA75
:100BE000647396AA657397AA667398AA677399AA9D
:100BF00068739AAA69739BAA6A739CAA6B739DAA6D
:100C00006C73B3E26D73A1CC6E739EAA6F73B4E282
:100C100070739FAA7173A0AA727340AB737341ABD8
:100C2000747342AB757343AB767344AB777345AB68
:100C3000787346AB797347AB7A7348AB7B7349AB38
:100C40007C734AAB7D734BAB7E73B5E27F734CAB69
:100C500080734DAB81734EAB82734FAB837350ABDC
:100C60008473FED0857351AB867352AB8773CAC24F
:100C7000887353AB8973F1D38A7354AB8B73F5CDFF
:100C80008C7355AB8D7356AB8E73E0E78F7357AB98
:100C9000907358AB9173E1E7927359AB93735AAB6E
:100CA00094735BAB95735CAB9673C1BE97735DAB8E
:100CB00098735EAB99735FAB9A7360AB9B73EAC238
:100CC0009C7361AB9D7362AB9E7363AB9F73E4E7F0
:100CD000A07364ABA17365ABA273E3E7A37366ABC8
:100CE000A47367ABA57368ABA67369ABA7736AAB54
:100CF000A8736BABA973E6CDAA736CABAB73B5C32A
:100D0000AC736DABAD736EABAE73E2E7AF73B7BBF5
:100D1000B073D6CFB1736FABB273E1C1B373E9E710
:100D2000B47370ABB57371ABB67372ABB773E8E7FE
:100D3000B87373ABB97374ABBA73F4E7BB73A3B294
:100D4000BC7375ABBD7376ABBE7377ABBF7378AB5B
:100D5000C073EAE7C17379ABC273E6E7C3737AABDA
:100D6000C4737BABC5737CABC6737DABC7737EAB03
:100D7000C873ECE7C973EBE7CA73BAC9CB7380AB2E
:100D8000CC7381ABCD73E4D5CE7382ABCF73E5E783
:100D9000D073A9B7D173E7E7D27383ABD37384ABB6
:100DA000D47385ABD57386ABD67387ABD77388AB5B
:100DB000D87389ABD973EEE7DA738AABDB738BAB8D
:100DC000DC738CABDD738DABDE73F3E7DF738EAB5F
:100DD000E073E9D6E1738FABE27390ABE37391AB51
:100DE000E47392ABE573EDE7E67393ABE773F2E779
:100DF000E87394ABE973F1E7EA7395ABEB7396ABE9
:100E0000EC7397ABED73E0B0EE7398ABEF7399AB07
:100E1000F0739AABF1739BABF273F5E7F3739CAB92
:100E2000F4739DABF5739EABF6739FABF773A0ABFA
:100E3000F87340ACF97341ACFA7342ACFB7343AC4A
:100E4000FC7344ACFD7345ACFE7346ACFF7347AC1A
:100E5000007448AC017449AC02744AAC0374F2C724
:100E600004744BAC0574C5C00674EDC007744CAC7B
:100E700008744DAC0974F0C10A74F0E70B744EAC01
:100E80000C744FAC0D7450AC0E7451AC0F74F6E78B
:100E90001074F6CB117452AC127453AC137454AC7E
:100EA000147455AC157456AC167457AC177458AC12
:100EB000187459AC19745AAC1A74A2E81B74A1E8DE
:100EC0001C745BAC1D745CAC1E745DAC1F745EACBA
:100ED00020745FAC217460AC2274C1D7237461AC00
:100EE000247462AC2574FAE72674F9E7277463ACBE
:100EF0002874FBE7297464AC2A74F7E72B7465AC9B
:100F00002C74FEE72D7466AC2E74FDE72F7467AC6D
:100F10003074FCE7317468AC327469AC3374D5C199
:100F20003474D9C73574FDC53674C3C537746AAC1B
:100F300038746BAC39746CAC3A746DAC3B746EAC99
:100F40003C74EDC73D746FAC3E7470AC3F7471ACD3
:100F5000407472AC4174A3E8427473AC437474ACD3
:100F6000447475AC457476AC467477AC477478AC11
:100F7000487479AC49747AAC4A747BAC4B747CACE1
:100F80004C747DAC4D747EAC4E7480AC4F7481ACAF
:100F9000507482AC517483AC527484AC537485AC7D
:100FA000547486AC5574A6E8567487AC5774A5E89B
:100FB000587488AC5974A7E85A74F7BA5B74F8E7A8
:100FC0005C74A4E85D7489AC5E74F0C85F74AAC9EF
:100FD00060748AAC61748BAC62748CAC63748DACDD
:100FE00064748EAC65748FAC667490AC677491ACAD
:100FF000687492AC697493AC6A7494AC6B7495AC7D
:101000006C7496AC6D74A9E86E7497AC6F7498AC00
:101010007074E5B9717499AC72749AAC73749BACCA
:1010200074749CAC75749DAC7674FED17774A8E82A
:1010300078749EAC79749FAC7A74A0AC7B7440AD2C
:101040007C7441AD7D7442AD7E74AAE87F7443AD7B
:101050008074ADE88174AEE8827444AD8374A7C136
:10106000847445AD857446AD867447AD8774AFE82A
:10107000887448AD897449AD8A744AAD8B74B0E800
:101080008C744BAD8D744CAD8E74ACE88F744DADDB
:101090009074B4E891744EAD92744FAD937450ADAA
:1010A000947451AD957452AD967453AD977454AD1C
:1010B000987455AD997456AD9A7457AD9B7458ADEC
:1010C0009C74ABE89D7459AD9E74B1E89F745AADA1
:1010D000A0745BADA1745CADA2745DADA3745EAD94
:1010E000A4745FADA57460ADA67461ADA774B5E8D6
:1010F000A874B2E8A974B3E8AA7462ADAB7463AD26
:10110000AC7464ADAD7465ADAE7466ADAF7467AD0F
:10111000B07468ADB17469ADB2746AADB3746BADDF
:10112000B4746CADB5746DADB6746EADB7746FADAF
:10113000B87470ADB97471ADBA74B7E8BB7472AD00
:10114000BC7473ADBD7474ADBE7475ADBF7476AD53
:10115000C07477ADC17478ADC27479ADC3747AAD23
:10116000C4747BADC5747CADC6747DADC7747EADF3
:10117000C87480ADC97481ADCA7482ADCB7483ADBF
:10118000CC7484ADCD7485ADCE7486ADCF7487AD8F
:10119000D07488ADD17489ADD274B6E8D3748AADF9
:1011A000D4748BADD5748CADD6748DADD7748EAD33
:1011B000D8748FADD97490ADDA7491ADDB7492AD03
:1011C000DC74CFB9DD7493ADDE74ACF0DF7494AD34
:1011D000E074ADF0E17495ADE274B0C6E374EAB0CA
:1011E000E474BFC8E57496ADE674DFCDE77497ADDF
:1011F000E87498ADE97499ADEA749AADEB749BAD5F
:10120000EC749CADED749DADEE74CDCEEF74B1EA8F
:10121000F0749EADF1749FADF274A0ADF37440AE66
:10122000F474B2EAF57441AEF674BFC6F774C9B48B
:10123000F87442AEF97443AEFA7444AEFB7445AE32
:10124000FC7446AEFD7447AEFE7448AEFF74B3EA5C
:10125000007549AE01754AAE02754BAE03754CAED2
:101260000475E7D505754DAE06754EAE07754FAEE4
:10127000087550AE097551AE0A7552AE0B7553AE76
:101280000C7554AE0D75F9DD0E7555AE0F75B4EADB
:10129000107556AE1175B5EA127557AE1375B6EAEC
:1012A000147558AE157559AE16755AAE17755BAEF6
:1012B0001875CAB81975B0DF1A75F5C91B755CAE1B
:1012C0001C75F0CC1D755DAE1E755EAE1F75FAC93E
:1012D00020755FAE217560AE227561AE237562AE7A
:1012E000247563AE2575FBC9267564AE277565AE9A
:1012F0002875C3D32975A6CB2A7566AE2B75A6B8FB
:101300002C75AEF02D75C2B12E7567AE2F75B8E590
:101310003075EFCC3175C9D33275D7BC3375EAC996
:10132000347568AE3575E7B5367569AE3775D0C4B6
:101330003875E9B539756AAE3A75AEEE3B75ADBB39
:101340003C756BAE3D756CAE3E75DEE73F756DAEC0
:101350004075AFEE41756EAE42756FAE437570AEBF
:10136000447571AE4575A9B3467572AE477573AED7
:101370004875B2EE497574AE4A7575AE4B75B1EEEF
:101380004C75E7BD4D7576AE4E75B0EE4F75B7CE68
:10139000507577AE517578AE527579AE53757AAE99
:1013A0005475CFC555757BAE56757CAE57757DAE01
:1013B00058757EAE5975F4C15A75CEDB5B75B3EEC8
:1013C0005C75F3D05D7580AE5E7581AE5F7582AE83
:1013D000607583AE617584AE627585AE637586AEE9
:1013E000647587AE6575D4C26675E8C6677588AEE4
:1013F000687589AE69758AAE6A75ACB76B758BAE68
:101400006C758CAE6D758DAE6E758EAE6F758FAE64
:10141000707590AE717591AE7275B4EE737592AED3
:101420007475EBB3757593AE767594AE777595AEAE
:101430007875FBBB7975B5EE7A7596AE7B7597AE10
:101440007C7598AE7D7599AE7E759AAE7F75DCE73A
:1014500080759BAE81759CAE82759DAE8375B6EE30
:1014600084759EAE85759FAE8675AEBD8775A0AE40
:10147000887540AF897541AF8A7542AF8B75E2F1CF
:101480008C7543AF8D7544AF8E7545AF8F75E8CAC7
:10149000907546AF9175C9D29275DAF0937547AFE2
:1014A0009475DBF0957548AF9675DCF09775C6C1FD
:1014B000987549AF9975EDB89A75CEBE9B754AAFD0
:1014C0009C754BAF9D75DEF09E754CAF9F75B1C599
:1014D000A075DDF0A175F1D1A2754DAFA375E0F057
:1014E000A475CCB0A575EABDA6754EAFA7754FAF74
:1014F000A87550AFA97551AFAA7552AFAB75DFD2C1
:10150000AC75DFF0AD7553AFAE75AFB4AF75E8B77E
:10151000B075E6F0B175E5F0B275A3C6B375E1F04C
:10152000B475E2F0B575C3B4B67554AFB77555AFC1
:10153000B875E3F0B975EED5BA7556AFBB7557AF50
:10154000BC75DBCCBD75D2BEBE75B2BCBF7558AF25
:10155000C07559AFC1755AAFC275E8F0C375E7F0F1
:10156000C475E4F0C575A1B2C6755BAFC775A2D6E8
:10157000C875B8D3C975B7BECA75ACC8CB755CAFF2
:10158000CC755DAFCD75EAF0CE755EAFCF755FAF50
:10159000D07560AFD17561AFD275F7D1D37562AF39
:1015A000D475CCD6D575DBBAD675E9F0D77563AFEF
:1015B000D875BBB6D97564AFDA7565AFDB75B4CDD8
:1015C000DC7566AFDD7567AFDE75A6C6DF7568AF23
:1015D000E07569AFE1756AAFE275A1C1E375EBF043
:1015E000E475EEF0E5756BAFE675EDF0E775F0F0DC
:1015F000E875ECF0E9756CAFEA75BEBBEB75EFF022
:10160000EC756DAFED756EAFEE756FAFEF7570AFDA
:10161000F075B5CCF175F2F0F27571AFF37572AF8C
:10162000F475D5B3F57573AFF67574AFF77575AF1F
:10163000F87576AFF975D4B1FA7577AFFB7578AFF9
:10164000FC75F3F0FD7579AFFE757AAFFF75F4F0B8
:101650000076F6F00176E1B402767BAF0376F1F026
:1016600004767CAF0576F7F006767DAF07767EAF21
:10167000087680AF097681AF0A76FAF00B7682AFF2
:101680000C76F8F00D7683AF0E7684AF0F7685AFCB
:101690001076F5F0117686AF127687AF137688AFA5
:1016A000147689AF1576FDF016768AAF1776F9F0C5
:1016B0001876FCF01976FEF01A768BAF1B76A1F146
:1016C0001C768CAF1D768DAF1E768EAF1F76C1CE89
:1016D0002076A4F121768FAF2276A3F1237690AF06
:1016E0002476F6C12576FBF02676DDCA277691AF03
:1016F000287692AF2976F1B42A76F1B12B76B1CC67
:101700002C7693AF2D76A6F12E7694AF2F7695AFEB
:101710003076A7F1317696AF327697AF3376ACF16B
:101720003476CED53576A9F1367698AF377699AF3F
:101730003876B3C839769AAF3A769BAF3B769CAF92
:101740003C76A2F13D769DAF3E76ABF13F76A8F1B7
:101750004076A5F141769EAF42769FAF4376AAF1DF
:101760004476A0AF457640B0467641B0477642B069
:10177000487643B0497644B04A7645B04B7646B099
:101780004C76A9B04D76ADF14E7647B04F7648B065
:10179000507649B051764AB052764BB053764CB041
:1017A0005476AFF155764DB05676B1F157764EB0CE
:1017B00058764FB0597650B05A7651B05B7652B0E9
:1017C0005C76B0F15D7653B05E76AEF15F7654B084
:1017D000607655B0617656B0627657B06376A2D126
:1017E000647658B0657659B066765AB067765BB065
:1017F00068765CB069765DB06A765EB06B76B2F1A1
:101800006C765FB06D7660B06E7661B06F76B3F176
:10181000707662B0717663B0727664B0737665B0DC
:10182000747666B0757667B0767668B0777669B0AC
:101830007876EFB979766AB07A766BB07B76C7B591
:101840007C766CB07D76D7B07E76D9B07F766DB081
:1018500080766EB081766FB08276EDD4837670B08C
:101860008476C4B5857671B08676D4BD8776CABBDA
:101870008876A7F0897672B08A7673B08B76DEB8F8
:101880008C7674B08D7675B08E76A8F08F7676B043
:10189000907677B09176A8B0927678B09376A9F0EA
:1018A000947679B095767AB09676EECD97767BB0D1
:1018B00098767CB09976AAF09A767DB09B767EB0C9
:1018C0009C7680B09D7681B09E7682B09F7683B004
:1018D000A07684B0A17685B0A27686B0A37687B0D4
:1018E000A476ABF0A57688B0A67689B0A7768AB044
:1018F000A8768BB0A9768CB0AA768DB0AB768EB078
:10190000AC768FB0AD7690B0AE76A4C6AF7691B01F
:10191000B07692B0B176E5D6B276E4F1B37693B014
:10192000B476E5F1B57694B0B67695B0B77696B064
:10193000B87697B0B97698B0BA7699B0BB769AB0C7
:10194000BC769BB0BD769CB0BE769DB0BF76F3C32F
:10195000C0769EB0C1769FB0C276DBD3C376A0B00E
:10196000C47640B1C576D1D6C676E8C5C77641B152
:10197000C876AFD3C97642B1CA76E6D2CB7643B148
:10198000CC7644B1CD76C1EECE76BBB0CF76B5D5B0
:10199000D076CED1D176E0BCD276D0BAD37645B16E
:1019A000D476F8BFD57646B1D676C7B8D776C1B566
:1019B000D876CCC5D97647B1DA7648B1DB76A2CAFB
:1019C000DC7649B1DD764AB1DE764BB1DF76CBC34A
:1019D000E0764CB1E1764DB1E2764EB1E3764FB1AF
:1019E000E47650B1E576C2EEE67651B1E77652B1D3
:1019F000E87653B1E97654B1EA7655B1EB7656B153
:101A0000EC7657B1ED7658B1EE76BFC4EF76A2B65C
:101A1000F07659B1F176ECEDF276A4C3F3765AB1D3
:101A2000F476B1D6F5765BB1F6765CB1F7765DB15A
:101A3000F876E0CFF976EFEDFA765EB1FB765FB13E
:101A4000FC76CEC5FD7660B1FE76DCB6FF7661B180
:101A5000007762B10177A1CA027763B1037764B1FD
:101A60000477EDED057765B1067766B10777F0EDA0
:101A70000877F1ED0977BCC30A7767B10B77B4BF7C
:101A80000C7768B10D77EEED0E7769B10F776AB11B
:101A900010776BB111776CB112776DB113776EB1AE
:101AA00014776FB1157770B1167771B1177772B17E
:101AB000187773B11977F4ED1A77F2ED1B7774B1DB
:101AC0001C7775B11D7776B11E7777B11F77E6D594
:101AD0002077DFC3217778B12277F3ED237779B1CF
:101AE00024777AB125777BB12677F6ED27777CB11D
:101AF0002877A3D52977A3D12A777DB12B777EB11B
:101B00002C7780B12D77F5ED2E7781B12F77D0C36B
:101B1000307782B1317783B1327784B1337785B151
:101B2000347786B13577F7ED3677F4BF3777ECBE8B
:101B30003877F8ED397787B13A77F7CC3B7788B1CA
:101B40003C77DBD13D7789B13E778AB13F778BB166
:101B50004077C5D74177F6D542778CB14377FCED16
:101B600044778DB145778EB146778FB14777FBEDDE
:101B7000487790B1497791B14A7792B14B7793B159
:101B80004C7794B14D7795B14E7796B14F7797B129
:101B90005077F9ED5177FAED527798B1537799B1C3
:101BA00054779AB155779BB156779CB157779DB1D1
:101BB00058779EB159779FB15A77FDED5B77A6BEF6
:101BC0005C77A0B15D7740B25E7741B25F7742B299
:101BD000607743B26177AFCB6277A1EE6377BDB632
:101BE000647744B26577A2EE6677C0C4677745B282
:101BF0006877FEED697746B26A7747B26B77DEBDEC
:101C00006C77C7B26D7748B26E7749B26F774AB2D8
:101C100070774BB271774CB272774DB273774EB228
:101C200074774FB2757750B2767751B2777752B2F8
:101C3000787753B27977C3B67A7754B27B7755B257
:101C40007C7756B27D77A5EE7E77BAD87F77A3EE04
:101C50008077A6EE817757B2827758B2837759B2F0
:101C60008477E9C38577F2B386775AB287775BB218
:101C700088775CB289775DB28A775EB28B775FB224
:101C80008C77A7EE8D77A4EE8E77B9CF8F7760B281
:101C9000907761B29177A8EE9277F7C2937762B2AC
:101CA000947763B2957764B2967765B2977766B2A8
:101CB000987767B2997768B29A7769B29B776AB278
:101CC0009C776BB29D776CB29E776DB29F77A9EED1
:101CD000A077AAEEA1776EB2A277ABDEA3776FB240
:101CE000A47770B2A577B3C6A67771B2A777C6C737
:101CF000A87772B2A977F5D6AA77C9B5AB7773B2D0
:101D0000AC77B2CBAD7774B2AE7775B2AF7776B24F
:101D1000B077ABEEB17777B2B27778B2B377ABCDBD
:101D2000B47779B2B577ACEEB6777AB2B7777BB2E3
:101D3000B8777CB2B9777DB2BA777EB2BB77B0D5CF
:101D4000BC7780B2BD77ADEEBE7781B2BF77C4F607
:101D5000C07782B2C17783B2C27784B2C37785B2CB
:101D6000C47786B2C57787B2C67788B2C77789B29B
:101D7000C8778AB2C9778BB2CA778CB2CB778DB26B
:101D8000CC778EB2CD77C7DBCE778FB2CF7790B2DC
:101D9000D07791B2D17792B2D27793B2D37794B20F
:101DA000D47795B2D57796B2D67797B2D777A3B4D2
:101DB000D87798B2D97799B2DA779AB2DB77ACC391
:101DC000DC77E6F1DD779BB2DE779CB2DF779DB200
:101DD000E0779EB2E1779FB2E277B8CAE377D3D2D9
:101DE000E477A0B2E577AAD6E67740B3E777F2EFDB
:101DF000E87741B3E977D8BEEA7742B3EB77C3BD62
:101E0000EC77F3EFED77CCB6EE77ABB0EF7743B38B
:101E1000F07744B3F17745B3F27746B3F377AFCABF
:101E2000F47747B3F57748B3F677B6EDF77749B36C
:101E3000F877B7EDF9774AB3FA774BB3FB774CB342
:101E4000FC774DB3FD77F9CEFE77AFB7FF77F3BFE1
:101E50000078B8ED0178EBC20278B0C903784EB3D0
:101E600004784FB3057850B3067851B3077852B36E
:101E7000087853B30978B9ED0A7854B30B7855B3A1
:101E80000C78F6C60D78B3BF0E7856B30F7857B3FB
:101E9000107858B31178BCED1278F8C5137859B39F
:101EA0001478D0D115785AB31678A9D71778BAED27
:101EB0001878BBED19785BB31A78E2D11B785CB364
:101EC0001C78BFED1D78C0ED1E785DB31F78C4EDA2
:101ED00020785EB321785FB3227860B32378C8EDB1
:101EE000247861B32578C6ED2678CEED2778E8D53D
:101EF000287862B32978C9ED2A7863B32B7864B364
:101F00002C78C7ED2D78BEED2E7865B32F7866B3AB
:101F10003078E9C5317867B3327868B3337869B31C
:101F20003478C6C635786AB336786BB33778E9C982
:101F30003878D2D43978C1ED3A78C2ED3B78C3ED28
:101F40003C78C5ED3D786CB33E78F9C03F786DB311
:101F50004078A1B441786EB342786FB3437870B3E0
:101F6000447871B34578E8B9467872B34778D0EDD4
:101F7000487873B3497874B34A7875B34B7876B3BD
:101F80004C78D1ED4D7877B34E78CAED4F7878B371
:101F90005078CFED517879B35278F8CE53787AB340
:101FA00054787BB35578B6CB5678CCED5778CDEDD9
:101FB00058787CB359787DB35A787EB35B7880B318
:101FC0005C7881B35D78F5CF5E7882B35F7883B358
:101FD000607884B3617885B3627886B3637887B3B9
:101FE000647888B3657889B366788AB367788BB389
:101FF00068788CB369788DB36A78D2ED6B78F2C16A
:102000006C78B2D36D78CBED6E78B7C86F788EB33D
:1020100070788FB3717890B3727891B3737892B30C
:10202000747893B3757894B3767895B37778EFBC7A
:10203000787896B3797897B37A7898B37B7899B3B0
:102040007C78F0C57D789AB37E789BB37F789CB31B
:1020500080789DB381789EB382789FB38378A0B354
:10206000847840B4857841B4867842B48778D6EDD8
:10207000887843B48978EFB58A7844B48B7845B4CE
:102080008C78B5C28D78ADB08E78E9CB8F7846B4B8
:10209000907847B49178AEB1927848B49378D4ED03
:1020A000947849B495784AB496784BB49778EBCD48
:1020B0009878E2B599784CB49A78D5ED9B78D3EDC1
:1020C0009C78D7ED9D784DB49E784EB49F78FAB544
:1020D000A0784FB4A178D8EDA27850B4A378D9ED08
:1020E000A47851B4A578DCEDA67852B4A778CCB129
:1020F000A87853B4A97854B4AA7855B4AB7856B438
:10210000AC7857B4AD7858B4AE7859B4AF785AB407
:10211000B078F6C5B178EEBCB278DAEDB378BCCC65
:10212000B478EAB2B5785BB4B6785CB4B7785DB42D
:10213000B8785EB4B978DBEDBA785FB4BB7860B4D8
:10214000BC7861B4BD7862B4BE78EBC4BF7863B4C8
:10215000C07864B4C178C5B4C27865B4C37866B4D5
:10216000C47867B4C578F5B0C67868B4C77869B480
:10217000C8786AB4C978DFEDCA78DAC0CB78E8B439
:10218000CC786BB4CD786CB4CE786DB4CF786EB4B7
:10219000D078CDC5D1786FB4D27870B4D37871B41B
:1021A000D478DDEDD578C4BFD67872B4D77873B45F
:1021B000D87874B4D978DEEDDA7875B4DB7876B493
:1021C000DC7877B4DD7878B4DE7879B4DF787AB407
:1021D000E0787BB4E1787CB4E2787DB4E3787EB4D7
:1021E000E47880B4E57881B4E67882B4E77883B4A3
:1021F000E878A5C4E97884B4EA7885B4EB7886B445
:10220000EC78E0EDED7887B4EE7888B4EF7889B4B7
:10221000F0788AB4F1788BB4F278E1EDF3788CB48D
:10222000F478E3EDF5788DB4F6788EB4F778D7C10D
:10223000F8788FB4F97890B4FA78C7BBFB7891B48A
:10224000FC7892B4FD7893B4FE7894B4FF7895B49A
:10225000007996B40179B8BD027997B4037998B43E
:10226000047999B40579E2ED06799AB407799BB4BB
:1022700008799CB409799DB40A799EB40B799FB40E
:102280000C79A0B40D7940B50E7941B50F7942B5FE
:10229000107943B5117944B5127945B51379E4ED58
:1022A000147946B5157947B5167948B5177949B502
:1022B00018794AB519794BB51A794CB51B794DB5D2
:1022C0001C794EB51D794FB51E79E6ED1F7950B5D5
:1022D000207951B5217952B5227953B5237954B576
:1022E0002479E5ED257955B5267956B5277957B581
:1022F000287958B5297959B52A795AB52B795BB51A
:102300002C795CB52D795DB52E795EB52F795FB5E9
:10231000307960B5317961B5327962B5337963B5B9
:102320003479E7ED357964B5367965B5377966B5D1
:10233000387967B5397968B53A79BECA3B79EAEC3C
:102340003C79F1C03D7969B53E79E7C93F796AB515
:102350004079EBEC4179EEC642796BB543796CB5C7
:1023600044796DB545796EB54679ECEC47796FB532
:102370004879EDC64979EDEC4A7970B54B7971B57C
:102380004C7972B54D7973B54E7974B54F7975B591
:10239000507976B5517977B5527978B55379F0ECB3
:1023A000547979B555797AB55679E6D75779F3ECFA
:1023B00058797BB559797CB55A79F1EC5B79EEECBB
:1023C0005C79EFEC5D79A3D75E79F1C95F79EECBEB
:1023D0006079F4EC61797DB56279F2EC63797EB570
:1023E000647980B56579E9CF667981B56779F6EC6E
:1023F0006879B1C6697982B56A7983B56B7984B534
:102400006C7985B56D79C0BC6E7986B56F79F5EC60
:10241000707987B5717988B5727989B573798AB51C
:1024200074798BB575798CB576798DB57779BBB5BF
:102430007879F6BB79798EB57A79F7EC7B798FB5B7
:102440007C7990B57D7991B57E7992B57F7993B598
:102450008079F7D98179FBBD827994B5837995B577
:102460008479BBC28579F8EC867996B5877997B57A
:10247000887998B5897999B58A79F9EC8B799AB583
:102480008C799BB58D799CB58E799DB58F79A3B8E4
:1024900090799EB591799FB59279A0B5937940B620
:1024A000947941B6957942B6967943B6977944B610
:1024B000987945B6997946B69A79FAEC9B7947B6F8
:1024C0009C7948B69D7949B69E794AB69F794BB6B4
:1024D000A0794CB6A1794DB6A2794EB6A3794FB684
:1024E000A47950B6A57951B6A67952B6A779FBEC76
:1024F000A87953B6A97954B6AA7955B6AB7956B628
:10250000AC7957B6AD7958B6AE7959B6AF795AB6F7
:10251000B0795BB6B1795CB6B2795DB6B379FCECF3
:10252000B4795EB6B5795FB6B67960B6B77961B69B
:10253000B87962B6B979EDD3BA79AED8BB79EBC0C8
:10254000BC7963B6BD79DDC7BE79CCBABF7964B654
:10255000C079E3D0C179BDCBC27965B6C379BACDB4
:10256000C47966B6C57967B6C679D1B8C77968B691
:10257000C87969B6C979FCB1CA796AB6CB79EFC7AF
:10258000CC796BB6CD79D6D6CE796CB6CF796DB61F
:10259000D0796EB6D179C6BFD279EBC3D3796FB695
:1025A000D47970B6D579F5EFD67971B6D77972B698
:1025B000D879D8C3D97973B6DA7974B6DB7975B6B8
:1025C000DC7976B6DD7977B6DE7978B6DF79E2D771
:1025D000E07979B6E1797AB6E2797BB6E379F7EF1B
:1025E000E479D3B3E5797CB6E679D8C7E779EDD15C
:1025F000E8797DB6E979C8D6EA797EB6EB79F8EF65
:10260000EC7980B6ED79F6EFEE7981B6EF79FDBB26
:10261000F079C6B3F17982B6F27983B6F37984B6EC
:10262000F47985B6F57986B6F67987B6F77988B6FE
:10263000F879D5BDF97989B6FA798AB6FB79C6D227
:10264000FC798BB6FD79E0BBFE798CB6FF798DB64F
:10265000007AA1CF017A8EB6027AFCEF037AFBEF03
:10266000047A8FB6057A90B6067AF9EF077A91B6B2
:10267000087A92B6097A93B60A7A94B60B7ACCB3F2
:102680000C7A95B60D7AD4C90E7AB0CB0F7A96B67D
:10269000107A97B6117A98B6127A99B6137A9AB6D2
:1026A000147AFEEF157A9BB6167A9CB6177ADEB0CE
:1026B000187A9DB6197A9EB61A7AC9D61B7A9FB631
:1026C0001C7AA0B61D7A40B71E7AFDEF1F7A41B77B
:1026D000207AEDB3217A42B7227A43B7237AD5F62E
:1026E000247A44B7257A45B7267A46B7277A47B77A
:1026F000287A48B7297A49B72A7A4AB72B7A4BB74A
:102700002C7A4CB72D7A4DB72E7A4EB72F7A4FB719
:10271000307A50B7317A51B7327A52B7337AC8CE5D
:10272000347A53B7357A54B7367A55B7377AA2F038
:10273000387A56B7397AA1F03A7A57B73B7ABEB5AC
:102740003C7ADABC3D7AFCBB3E7A58B73F7AE5B8B2
:10275000407A59B7417A5AB7427A5BB7437A5CB745
:10276000447A5DB7457A5EB7467AC2C4477A5FB7A6
:10277000487A60B7497A61B74A7A62B74B7A63B7E9
:102780004C7A64B74D7A65B74E7A66B74F7A67B7B9
:10279000507A68B7517AA3F0527A69B7537A6AB718
:1027A000547A6BB7557A6CB7567A6DB7577AEBCBCC
:1027B000587A6EB7597A6FB75A7A70B75B7A71B731
:1027C0005C7A72B75D7A73B75E7A74B75F7A75B701
:1027D000607A76B7617A77B7627A78B7637A79B7D1
:1027E000647A7AB7657A7BB7667A7CB7677A7DB7A1
:1027F000687A7EB7697A80B76A7A81B76B7A82B76E
:102800006C7A83B76D7A84B76E7A85B76F7A86B73C
:10281000707AA6F0717A87B7727A88B7737A89B7B7
:10282000747AA8D1757A8AB7767ABFBE777AEEC7FE
:10283000787AB6F1797AB7F17A7AD5BF7B7A8BB7A5
:102840007C7A8CB77D7A8DB77E7A8EB77F7AA9B481
:10285000807AB8F1817ABBCD827A8FB7837AD4C778
:10286000847AADD5857A90B7867AB9F1877A91B7AF
:10287000887ABAF1897A92B78A7A93B78B7A94B7C1
:102880008C7A95B78D7ACFC78E7A96B78F7A97B7AD
:10289000907A98B7917AA4D2927ACFD6937A99B750
:1028A000947A9AB7957ABBF1967AD1BD977AB0B4FB
:1028B000987ABDBE997A9BB79A7A9CB79B7A9DB756
:1028C0009C7ADCB49D7AD1CE9E7A9EB79F7ADFBF88
:1028D000A07ABDF1A17A9FB7A27AA0B7A37A40B837
:1028E000A47A41B8A57AFABFA67ABCF1A77A42B811
:1028F000A87ABFF1A97A43B8AA7A44B8AB7A45B8A6
:10290000AC7ABEF1AD7AC0F1AE7A46B8AF7A47B8CC
:10291000B07A48B8B17A49B8B27A4AB8B37AC1F154
:10292000B47A4BB8B57A4CB8B67A4DB8B77A4EB8D7
:10293000B87A4FB8B97A50B8BA7A51B8BB7A52B8A7
:10294000BC7A53B8BD7A54B8BE7A55B8BF7AFEC1C6
:10295000C07A56B8C17A57B8C27A58B8C37A59B84B
:10296000C47A5AB8C57A5BB8C67A5CB8C77A5DB81B
:10297000C87A5EB8C97A5FB8CA7A60B8CB7AA2C1A1
:10298000CC7A61B8CD7A62B8CE7A63B8CF7A64B8BF
:10299000D07A65B8D17A66B8D27A67B8D37A68B88F
:1029A000D47A69B8D57A6AB8D67AFACAD77A6BB8BF
:1029B000D87A6CB8D97ABED5DA7A6DB8DB7A6EB8C7
:1029C000DC7A6FB8DD7A70B8DE7ABABEDF7AB9BE6B
:1029D000E07AC2D5E17A71B8E27A72B8E37AA2BF3E
:1029E000E47A73B8E57AAFCDE67AB5F1E77A74B8F0
:1029F000E87A75B8E97A76B8EA7A77B8EB7A78B88F
:102A0000EC7A79B8ED7ADFBDEE7A7AB8EF7ACBB6A8
:102A1000F07A7BB8F17A7CB8F27A7DB8F37A7EB836
:102A2000F47A80B8F57A81B8F67A82B8F77A83B802
:102A3000F87A84B8F97AF1D6FA7AC3F3FB7A85B8D2
:102A4000FC7A86B8FD7AC4F3FE7A87B8FF7ACDB8EF
:102A5000007B88B8017B89B8027B8AB8037BC6F308
:102A6000047BC7F3057B8BB8067BCAB0077B8CB8A9
:102A7000087BC5F3097B8DB80A7BC9F30B7BF1CBCF
:102A80000C7B8EB80D7B8FB80E7B90B80F7BCBF391
:102A9000107B91B8117BA6D0127B92B8137B93B8B0
:102AA000147BCAB1157BC8F3167B94B8177B95B815
:102AB000187B96B8197BCFF31A7B97B81B7BD1B5DF
:102AC0001C7B98B81D7B99B81E7BD7F31F7B9AB8E7
:102AD000207BD2F3217B9BB8227B9CB8237B9DB8C3
:102AE000247BD4F3257BD3F3267BFBB7277B9EB8CF
:102AF000287BBFB1297B9FB82A7BCEF32B7BCAF3FF
:102B00002C7BDAB52D7BA0B82E7BD0F32F7B40B980
:102B1000307B41B9317BD1F3327B42B9337BD5F382
:102B2000347B43B9357B44B9367B45B9377B46B9ED
:102B3000387BCDF3397B47B93A7BE3BC3B7B48B963
:102B40003C7BFDC13D7B49B93E7BD6F33F7B4AB917
:102B5000407B4BB9417B4CB9427B4DB9437B4EB96D
:102B6000447B4FB9457BDAF3467B50B9477BCCF3C6
:102B7000487B51B9497BC8B54A7B52B94B7BEEBD06
:102B80004C7BDCF34D7B53B94E7B54B94F7BA4B7E0
:102B9000507BF0BF517BFED6527BB2CD537B55B9F3
:102BA000547BF0B4557B56B9567BDFB2577B57B98F
:102BB000587BD8F3597B58B95A7BD9F35B7BB8C99A
:102BC0005C7B59B95D7BDDF35E7B5AB95F7B5BB99A
:102BD000607BDEF3617B5CB9627BE1F3637B5DB9B3
:102BE000647B5EB9657B5FB9667B60B9677B61B901
:102BF000687B62B9697B63B96A7B64B96B7B65B9D1
:102C00006C7B66B96D7B67B96E7BDFF36F7B68B9F0
:102C1000707B69B9717BE3F3727BE2F3737B6AB912
:102C2000747B6BB9757BDBF3767B6CB9777BEABF22
:102C3000787B6DB9797BEFB37A7B6EB97B7BE0F300
:102C40007C7B6FB97D7B70B97E7BA9C77F7B71B9B7
:102C5000807BF2BC817B72B9827B73B9837B74B950
:102C6000847B75B9857BEBF3867B76B9877B77B9F7
:102C7000887B78B9897B79B98A7B7AB98B7B7BB978
:102C80008C7B7CB98D7BBFB98E7B7DB98F7B7EB908
:102C9000907BE4F3917B80B9927B81B9937B82B97D
:102CA000947BADB2957BFEBB967B83B9977BE3CBE0
:102CB000987B84B9997B85B99A7B86B99B7B87B9C8
:102CC0009C7BEDF39D7BE9F39E7B88B99F7B89B963
:102CD000A07B8AB9A17BDCB9A27BEEF3A37B8BB985
:102CE000A47B8CB9A57B8DB9A67BE5F3A77BE6F326
:102CF000A87BEAF3A97BE1C2AA7BECF3AB7BEFF301
:102D0000AC7BE8F3AD7BFDBCAE7B8EB9AF7B8FB9FE
:102D1000B07B90B9B17BE4CFB27B91B9B37B92B970
:102D2000B47BF0F3B57B93B9B67B94B9B77B95B917
:102D3000B87BE7F3B97B96B9BA7B97B9BB7B98B9F7
:102D4000BC7B99B9BD7B9AB9BE7B9BB9BF7B9CB953
:102D5000C07B9DB9C17BF2F3C27B9EB9C37B9FB997
:102D6000C47BA0B9C57B40BAC67BADD7C77BAAC61A
:102D7000C87B41BAC97B42BACA7B43BACB7B44BA4F
:102D8000CC7BF3F3CD7B45BACE7B46BACF7B47BA3B
:102D9000D07B48BAD17BF1F3D27B49BAD37BA8C2AE
:102DA000D47B4ABAD57B4BBAD67B4CBAD77B4DBACB
:102DB000D87B4EBAD97BDDB8DA7BF5F3DB7B4FBA33
:102DC000DC7B50BADD7BF4F3DE7B51BADF7B52BA99
:102DD000E07B53BAE17BDBB4E27B54BAE37B55BAC8
:102DE000E47B56BAE57BF6F3E67BF7F3E77B57BA6D
:102DF000E87B58BAE97B59BAEA7BF8F3EB7B5ABA1D
:102E0000EC7B5BBAED7B5CBAEE7BBAC0EF7B5DBA64
:102E1000F07B5EBAF17BE9C0F27B5FBAF37B60BA0C
:102E2000F47B61BAF57B62BAF67B63BAF77BF1C5D6
:102E3000F87B64BAF97B65BAFA7B66BAFB7B67BA42
:102E4000FC7BFBF3FD7B68BAFE7BFAF3FF7B69BA80
:102E5000007C6ABA017C6BBA027C6CBA037C6DBAE6
:102E6000047C6EBA057C6FBA067C70BA077CD8B455
:102E7000087C71BA097C72BA0A7C73BA0B7CFEF3C7
:102E80000C7CF9F30D7C74BA0E7C75BA0F7CFCF3E4
:102E9000107C76BA117C77BA127C78BA137C79BA36
:102EA000147C7ABA157C7BBA167CFDF3177C7CBA4D
:102EB000187C7DBA197C7EBA1A7C80BA1B7C81BAD8
:102EC0001C7C82BA1D7C83BA1E7C84BA1F7CA1F450
:102ED000207C85BA217C86BA227C87BA237C88BA7A
:102EE000247C89BA257C8ABA267CA3F4277CC9BBBA
:102EF000287C8BBA297C8CBA2A7CA2F42B7C8DBAD4
:102F00002C7C8EBA2D7C8FBA2E7C90BA2F7C91BAF5
:102F1000307C92BA317C93BA327C94BA337C95BAC5
:102F2000347C96BA357C97BA367C98BA377C99BA95
:102F3000387CA4F4397C9ABA3A7C9BBA3B7C9CBA24
:102F40003C7C9DBA3D7C9EBA3E7C9FBA3F7CBEB223
:102F5000407CA6F4417CA5F4427CA0BA437C40BBF3
:102F6000447C41BB457C42BB467C43BB477C44BB65
:102F7000487C45BB497C46BB4A7C47BB4B7C48BB35
:102F80004C7C49BB4D7CAEBC4E7C4ABB4F7C4BBBA2
:102F9000507C4CBB517C4DBB527C4EBB537C4FBBD9
:102FA000547C50BB557C51BB567C52BB577C53BBA9
:102FB000587C54BB597C55BB5A7C56BB5B7C57BB79
:102FC0005C7C58BB5D7C59BB5E7C5ABB5F7C5BBB49
:102FD000607C5CBB617C5DBB627C5EBB637C5FBB19
:102FE000647C60BB657C61BB667C62BB677C63BBE9
:102FF000687C64BB697C65BB6A7C66BB6B7C67BBB9
:103000006C7C68BB6D7C69BB6E7C6ABB6F7C6BBB88
:10301000707C6CBB717C6DBB727C6EBB737CD7C3E8
:10302000747CE1D9757C6FBB767C70BB777C71BB9F
:10303000787C72BB797C73BB7A7C74BB7B7CE0C090
:103040007C7CCCF47D7CD1D77E7C75BB7F7C76BBD1
:10305000807C77BB817C78BB827C79BB837C7ABBAC
:10306000847C7BBB857C7CBB867C7DBB877C7EBB7C
:10307000887C80BB897CDBB78A7C81BB8B7C82BBF4
:103080008C7C83BB8D7C84BB8E7C85BB8F7C86BB1C
:10309000907C87BB917CCEF4927CA3C1937C88BB4F
:1030A000947C89BB957CC9C6967C8ABB977CD6B438
:1030B000987CB3D5997C8BBB9A7C8CBB9B7C8DBB5D
:1030C0009C7CD0F49D7CCFF49E7CD1F49F7CDACBA9
:1030D000A07C8EBBA17C8FBBA27CD2F4A37C90BBD6
:1030E000A47CC1D4A57CE0D6A67C91BBA77C92BB76
:1030F000A87C93BBA97C94BBAA7CE0B7AB7C95BBB6
:10310000AC7C96BBAD7C97BBAE7CB8C1AF7C98BBAA
:10311000B07C99BBB17CBBC1B27CD3F4B37CACBEF8
:10312000B47C9ABBB57C9BBBB67C9CBBB77C9DBB7F
:10313000B87C9EBBB97CE2B4BA7C9FBBBB7CA0BB15
:10314000BC7CD4F4BD7CD5F4BE7CABBEBF7C40BCA3
:10315000C07C41BCC17CD6F4C27C42BCC37C43BCB5
:10316000C47C44BCC57CDBF4C67C45BCC77CD7F4BE
:10317000C87CDAF4C97C46BCCA7CFDBACB7C47BCAF
:10318000CC7CD8F4CD7CD9F4CE7C48BCCF7C49BC77
:10319000D07C4ABCD17C4BBCD27C4CBCD37C4DBCDB
:1031A000D47C4EBCD57CE2B8D67CC7CCD77CDCF4D2
:1031B000D87C4FBCD97CDAB2DA7C50BCDB7C51BC09
:1031C000DC7CD3C3DD7C52BCDE7C53BCDF7CE3D42F
:1031D000E07CB7BFE17C54BCE27C55BCE37C56BCD0
:1031E000E47C57BCE57C58BCE67C59BCE77C5ABC07
:1031F000E87CDDF4E97C5BBCEA7C5CBCEB7C5DBC20
:10320000EC7C5EBCED7C5FBCEE7C60BCEF7CB4C54E
:10321000F07C61BCF17C62BCF27C63BCF37C64BC7E
:10322000F47C65BCF57C66BCF67C67BCF77C68BC4E
:10323000F87CE9F4F97C69BCFA7C6ABCFB7CB5CF0C
:10324000FC7C6BBCFD7C6CBCFE7C6DBCFF7C6EBCF6
:10325000007D6FBC017D70BC027D71BC037D72BCC2
:10326000047D73BC057D74BC067D75BC077D76BC92
:10327000087D77BC097D78BC0A7DC9CE0B7D79BC01
:103280000C7D7ABC0D7D7BBC0E7D7CBC0F7D7DBC36
:10329000107D7EBC117D80BC127D81BC137D82BC03
:1032A000147D83BC157D84BC167D85BC177D86BCD2
:1032B000187D87BC197D88BC1A7D89BC1B7D8ABCA2
:1032C0001C7D8BBC1D7D8CBC1E7D8DBC1F7D8EBC72
:1032D000207DD8CB217D8FBC227DF7CB237D90BC78
:1032E000247D91BC257D92BC267D93BC277DF4BDB9
:1032F000287D94BC297D95BC2A7D96BC2B7DCFD79B
:103300002C7D97BC2D7D98BC2E7D99BC2F7DDBC07C
:10331000307D9ABC317D9BBC327D9CBC337D9DBC95
:10332000347D9EBC357D9FBC367DA0BC377D40BDC5
:10333000387D41BD397D42BD3A7D43BD3B7D44BDB5
:103340003C7D45BD3D7D46BD3E7D47BD3F7D48BD85
:10335000407D49BD417D4ABD427D4BBD437D4CBD55
:10336000447D4DBD457D4EBD467D4FBD477D50BD25
:10337000487D51BD497D52BD4A7D53BD4B7D54BDF5
:103380004C7D55BD4D7D56BD4E7D57BD4F7D58BDC5
:10339000507D59BD517D5ABD527D5BBD537D5CBD95
:1033A000547D5DBD557D5EBD567D5FBD577D60BD65
:1033B000587D61BD597D62BD5A7D63BD5B7D64BD35
:1033C0005C7D65BD5D7D66BD5E7D67BD5F7D68BD05
:1033D000607D69BD617D6ABD627D6BBD637D6CBDD5
:1033E000647D6DBD657D6EBD667D6FBD677D70BDA5
:1033F000687D71BD697D72BD6A7D73BD6B7D74BD75
:103400006C7D75BD6D7D76BD6E7DF5D06F7D77BDB4
:10341000707D78BD717D79BD727D7ABD737D7BBD18
:10342000747D7CBD757D7DBD767D7EBD777DEAF446
:10343000787D80BD797D81BD7A7D82BD7B7D83BDB8
:103440007C7D84BD7D7D85BD7E7D86BD7F7D87BD88
:10345000807D88BD817D89BD827D8ABD837D8BBD58
:10346000847D8CBD857D8DBD867D8EBD877D8FBD28
:10347000887D90BD897D91BD8A7D92BD8B7D93BDF8
:103480008C7D94BD8D7D95BD8E7D96BD8F7D97BDC8
:10349000907D98BD917D99BD927D9ABD937D9BBD98
:1034A000947D9CBD957D9DBD967D9EBD977D9FBD68
:1034B000987DA0BD997D40BE9A7D41BE9B7D42BE58
:1034C0009C7D43BE9D7D44BE9E7D45BE9F7D46BE88
:1034D000A07D47BEA17D48BEA27D49BEA37D4ABE58
:1034E000A47D4BBEA57D4CBEA67DEBF4A77D4DBE55
:1034F000A87D4EBEA97D4FBEAA7D50BEAB7D51BEFC
:10350000AC7D52BEAD7D53BEAE7DECF4AF7D54BEFE
:10351000B07D55BEB17D56BEB27D57BEB37D58BE9F
:10352000B47D59BEB57D5ABEB67D5BBEB77D5CBE6F
:10353000B87D5DBEB97D5EBEBA7D5FBEBB7D60BE3F
:10354000BC7D61BEBD7D62BEBE7D63BEBF7D64BE0F
:10355000C07D65BEC17D66BEC27D67BEC37D68BEDF
:10356000C47D69BEC57D6ABEC67D6BBEC77D6CBEAF
:10357000C87D6DBEC97D6EBECA7D6FBECB7D70BE7F
:10358000CC7D71BECD7D72BECE7D73BECF7D74BE4F
:10359000D07D75BED17D76BED27D77BED37D78BE1F
:1035A000D47D79BED57D7ABED67D7BBED77D7CBEEF
:1035B000D87D7DBED97D7EBEDA7D80BEDB7D81BEBD
:1035C000DC7D82BEDD7D83BEDE7D84BEDF7D85BE8B
:1035D000E07D86BEE17D87BEE27D88BEE37D89BE5B
:1035E000E47D8ABEE57D8BBEE67D8CBEE77D8DBE2B
:1035F000E87D8EBEE97D8FBEEA7D90BEEB7D91BEFB
:10360000EC7D92BEED7D93BEEE7D94BEEF7D95BECA
:10361000F07D96BEF17D97BEF27D98BEF37D99BE9A
:10362000F47D9ABEF57D9BBEF67D9CBEF77D9DBE6A
:10363000F87D9EBEF97D9FBEFA7DA0BEFB7D40BF9A
:10364000FC7D41BFFD7D42BFFE7D43BFFF7D44BF8A
:10365000007E45BF017E46BF027E47BF037E48BF56
:10366000047E49BF057E4ABF067E4BBF077E4CBF26
:10367000087E4DBF097E4EBF0A7E4FBF0B7E50BFF6
:103680000C7E51BF0D7E52BF0E7E53BF0F7E54BFC6
:10369000107E55BF117E56BF127E57BF137E58BF96
:1036A000147E59BF157E5ABF167E5BBF177E5CBF66
:1036B000187E5DBF197E5EBF1A7E5FBF1B7E60BF36
:1036C0001C7E61BF1D7E62BF1E7E63BF1F7E64BF06
:1036D000207E65BF217E66BF227E67BF237E68BFD6
:1036E000247E69BF257E6ABF267E6BBF277E6CBFA6
:1036F000287E6DBF297E6EBF2A7E6FBF2B7E70BF76
:103700002C7E71BF2D7E72BF2E7E73BF2F7E74BF45
:10371000307E75BF317E76BF327E77BF337E78BF15
:10372000347E79BF357E7ABF367E7BBF377E7CBFE5
:10373000387E7DBF397E7EBF3A7E80BF3B7EE3F719
:103740003C7E81BF3D7E82BF3E7E83BF3F7E84BF85
:10375000407E85BF417EB1B7427E86BF437E87BF34
:10376000447E88BF457E89BF467E8ABF477EEDF492
:10377000487E8BBF497E8CBF4A7E8DBF4B7E8EBFFD
:103780004C7E8FBF4D7E90BF4E7E91BF4F7E92BFCD
:10379000507E93BF517E94BF527E95BF537E96BF9D
:1037A000547E97BF557E98BF567E99BF577E9ABF6D
:1037B000587E9BBF597E9CBF5A7E9DBF5B7E9EBF3D
:1037C0005C7E9FBF5D7EA0BF5E7E40C05F7E41C0CD
:1037D000607E42C0617E43C0627E44C0637E45C05D
:1037E000647E46C0657E47C0667E48C0677E49C02D
:1037F000687E4AC0697E4BC06A7E4CC06B7E4DC0FD
:103800006C7E4EC06D7E4FC06E7E50C06F7E51C0CC
:10381000707E52C0717E53C0727E54C0737E55C09C
:10382000747E56C0757E57C0767E58C0777E59C06C
:10383000787E5AC0797E5BC07A7E5CC07B7E5DC03C
:103840007C7E5EC07D7E5FC07E7E60C07F7E61C00C
:10385000807E62C0817E63C0827EEBD7837E64C03F
:10386000847E65C0857E66C0867E67C0877E68C0B0
:10387000887E69C0897E6AC08A7E6BC08B7E6CC080
:103880008C7E6DC08D7E6EC08E7E6FC08F7E70C050
:10389000907E71C0917E72C0927E73C0937E74C020
:1038A000947E75C0957E76C0967E77C0977E78C0F0
:1038B000987E79C0997E7AC09A7E7BC09B7EEEF41A
:1038C0009C7E7CC09D7E7DC09E7E7EC09F7EF9E6F4
:1038D000A07EC0BEA17EFAE6A27EECBAA37EFBE685
:1038E000A47ECBCFA57EFCE6A67EBCD4A77EB6BCCC
:1038F000A87EFDE6A97EFEE6AA7ECDBCAB7ED2C840
:10390000AC7EB3CEAD7EA1E7AE7E80C0AF7EBFB44D
:10391000B07EA2E7B17EB4C9B27ED9B8B37EC9C4C5
:10392000B47E81C0B57EDDD7B67EDAC2B77ED7B7AA
:10393000B87EBDD6B97EC6CEBA7EC4B7BB7E82C0C5
:10394000BC7E83C0BD7EA6C5BE7EA3E7BF7EDFCFA3
:10395000C07EA4E7C17EA5E7C27EA6E7C37EB7C14D
:10396000C47EE9D7C57EF0C9C67EB8CFC77EAFD6C4
:10397000C87ED5D6C97EA7E7CA7EEDB0CB7EA8E7C4
:10398000CC7EA9E7CD7EDCC9CE7EEFD2CF7EADBEA8
:10399000D07EAAE7D17EF3B0D27EDEC8D37EE1BD71
:1039A000D47EABE7D57EC6C8D67E84C0D77EACE7D2
:1039B000D87EE6BBD97EF8B8DA7EA4D1DB7EADE74F
:1039C000DC7EE7C2DD7EF8BEDE7ECABDDF7EB3CD23
:1039D000E07EAEE7E17EAFE7E27EEEBEE37EE5D0DD
:1039E000E47E85C0E57EE7CBE67ED0CCE77ECCBC2E
:1039F000E87EB0E7E97EA8BCEA7EF7D0EB7EB1E7CF
:103A0000EC7E86C0ED7EF8D0EE7EB2E7EF7EB3E7C7
:103A1000F07EC2B4F17EB4E7F27EB5E7F37EFEC974
:103A2000F47EACCEF57EE0C3F67EB7E7F77EC1B19B
:103A3000F87EF1B3F97E87C0FA7EB8E7FB7EB9E77E
:103A4000FC7EDBD7FD7EC0D5FE7EBAE7FF7ECCC212
:103A5000007FBAD7017FBBE7027FBCE7037FBDE7EA
:103A6000047FEABC057FE5C3067FC2C0077FBEE7CF
:103A7000087FBFE7097FA9BC0A7F88C00B7FC0E72A
:103A80000C7FC1E70D7FB6E70E7FD0B60F7FC2E790
:103A9000107F89C0117FC3E7127FC4E7137FBABBD1
:103AA000147FDEB5157FC6C2167FE0B1177FC5E76C
:103AB000187FB5D4197FC6E71A7FBFB81B7FC8E748
:103AC0001C7FC7E71D7FECB71E7F8AC01F7FC9E739
:103AD000207FF8B2217FCAE7227FCBE7237FCCE7A4
:103AE000247FCDE7257FCEE7267FCFE7277FD0E76E
:103AF000287FA7D3297FF5CB2A7FD1E72B7FD2E779
:103B00002C7FD3E72D7FD4E72E7FC9C92F7FD5E740
:103B1000307FD6E7317FD7E7327FD8E7337FD9E7E9
:103B2000347FC9BD357FDAE7367FBEF3377F8BC080
:103B3000387FD7B8397F8CC03A7FB1C83B7F8DC002
:103B40003C7F8EC03D7F8FC03E7F90C03F7F91C045
:103B5000407F92C0417F93C0427FBFF3437F94C0B8
:103B6000447FC0F3457FC1F3467F95C0477F96C031
:103B7000487F97C0497F98C04A7F99C04B7F9AC0C1
:103B80004C7F9BC04D7F9CC04E7F9DC04F7F9EC091
:103B9000507FDEB9517FF8CD527F9FC0537FA0C0C8
:103BA000547FE8D8557FB1BA567F40C1577FDEC2F7
:103BB000587FB7EE597F41C15A7FA3B75B7F42C19F
:103BC0005C7F43C15D7F44C15E7F45C15F7FB9EECD
:103BD000607F46C1617FB8EE627FD5B0637F47C129
:103BE000647F48C1657F49C1667F4AC1677F4BC119
:103BF000687FBBEE697FD6D56A7FEFD76B7F4CC1FC
:103C00006C7F4DC16D7F4EC16E7FC3D66F7F4FC13C
:103C1000707F50C1717FBDEE727FF0CA737F51C15A
:103C2000747FBCEE757F52C1767F53C1777F54C1DC
:103C3000787F55C1797FBEEE7A7F56C17B7F57C1B1
:103C40007C7F58C17D7F59C17E7FC0EE7F7F5AC186
:103C5000807F5BC1817FBFEE827F5CC1837F5DC15E
:103C6000847F5EC1857F5FC1867F60C1877F61C1C0
:103C7000887F62C1897F63C18A7FF2D18B7F64C1F3
:103C80008C7FBCC78D7F65C18E7FC0C38F7F66C1AF
:103C9000907F67C1917F68C1927F69C1937F6AC13C
:103CA000947FE1B8957F6BC1967F6CC1977F6DC1A2
:103CB000987F6EC1997F6FC19A7FE7C19B7F70C16A
:103CC0009C7F71C19D7FC6F49E7FDFD09F7FC7F42C
:103CD000A07F72C1A17FDBCFA27F73C1A37F74C11C
:103CE000A47FBAC8A57F75C1A67F76C1A77FC8F497
:103CF000A87F77C1A97F78C1AA7F79C1AB7F7AC13C
:103D0000AC7F7BC1AD7F7CC1AE7F7DC1AF7FC9F48D
:103D1000B07FCAF4B17F7EC1B27FCBF4B37F80C1E4
:103D2000B47F81C1B57F82C1B67F83C1B77F84C1B3
:103D3000B87FFAD9B97FFEB8BA7F85C1BB7F86C18B
:103D4000BC7FF1E5BD7FF0D3BE7F87C1BF7FE0F4CC
:103D5000C07F88C1C17FCCCEC27F89C1C37F8AC1E9
:103D6000C47F8BC1C57FE1B3C67F8CC1C77F8DC1C6
:103D7000C87F8EC1C97F8FC1CA7FB4F1CB7F90C18C
:103D8000CC7FEED2CD7F91C1CE7FE1F4CF7F92C1C7
:103D9000D07F93C1D17F94C1D27F95C1D37F96C18B
:103DA000D47FE8CFD57FE2F4D67F97C1D77F98C183
:103DB000D87FCCC7D97F99C1DA7F9AC1DB7F9BC1FD
:103DC000DC7F9CC1DD7F9DC1DE7F9EC1DF7FD4B5DE
:103DD000E07FE4B4E17FE4F4E27F9FC1E37FA0C130
:103DE000E47F40C2E57FE3F4E67FE5F4E77F41C28C
:103DF000E87F42C2E97FE6F4EA7F43C2EB7F44C238
:103E0000EC7F45C2ED7F46C2EE7FE7F4EF7F47C20D
:103E1000F07FB2BAF17FBFB0F27F48C2F37FE8F41F
:103E2000F47F49C2F57F4AC2F67F4BC2F77F4CC28E
:103E3000F87F4DC2F97F4EC2FA7F4FC2FB7FADB70C
:103E4000FC7FEDD2FD7F50C2FE7F51C2FF7F52C288
:103E50000080ABD20180CFC0028053C20380BCBFC0
:103E60000480A3EB0580DFD50680C8EA078054C232
:103E7000088055C2098056C20A8057C20B80F3F1F0
:103E80000C80F8B60D80A3CB0E8058C20F8059C2AB
:103E90001080CDC411805AC21280E7F113805BC23A
:103EA0001480E8F11580FBB81680E9F11780C4BAD8
:103EB0001880C5D41980D2B01A805CC21B805DC244
:103EC0001C80EAF11D805EC21E805FC21F8060C23E
:103ED0002080EBF1218061C22280ECF1238062C25C
:103EE000248063C22580EDF12680EEF12780EFF17A
:103EF0002880F1F12980F0F12A80D5C52B8064C299
:103F00002C8065C22D8066C22E8067C22F8068C259
:103F1000308069C23180F2F132806AC23380FAB6F1
:103F200034806BC23580F4F13680AED23780C7DE84
:103F30003880CACB39806CC23A806DC23B80DCB31A
:103F40003C806EC23D80A2B53E806FC23F80A2B968
:103F5000408070C2418071C24280F4C44380F5F158
:103F6000448072C2458073C24680F6F1478074C2B5
:103F7000488075C2498076C24A80C4C14B80FBC16B
:103F80004C80B0D64D80F7F14E8077C24F8078C21A
:103F9000508079C251807AC25280F8F153807BC23E
:103FA0005480AAC155807CC256807DC257807EC293
:103FB0005880B8C6598080C25A80DBBE5B8081C2FF
:103FC0005C8082C25D8083C25E8084C25F8085C265
:103FD000608086C2618087C2628088C2638089C235
:103FE00064808AC265808BC266808CC267808DC205
:103FF00068808EC26980F9F16A80CFB46B808FC20D
:104000006C8090C26D8091C26E8092C26F8093C2AC
:10401000708094C27180FAF1728095C2738096C2EA
:10402000748097C2758098C2768099C277809AC250
:1040300078809BC279809CC27A809DC27B809EC220
:104040007C809FC27D80A0C27E8040C37F80B2ED15
:104050008080B1ED818041C3828042C38380E0CB08
:104060008480DED2858043C38680C1CB8780D8D54B
:10407000888044C38980E2C88A8045C38B80DFC0C2
:104080008C80A1BC8D8046C38E8047C38F8048C37F
:10409000908049C391804AC392804BC39380C1EB07
:1040A00094804CC395804DC39680A4D097804EC316
:1040B0009880E2D699804FC39A80C7B69B80D8B8C3
:1040C0009C80C0EB9D80CEB89E8050C39F80BFEB8C
:1040D000A080A6B3A180C9B9A280ABD6A38051C3EA
:1040E000A480F4B7A580CAB7A68052C3A78053C3E3
:1040F000A88054C3A980E7BCAA80BEB7AB80C6EB3A
:10410000AC8055C3AD80C7EBAE80B9B0AF80CFBF38
:10411000B08056C3B180C5EBB280FDD3B38057C326
:10412000B480C8EBB58058C3B68059C3B780C9EB1B
:10413000B8805AC3B9805BC3BA80CEB7BB805CC3BA
:10414000BC80C2EBBD80C4EBBE80F6C9BF80D7D6B1
:10415000C080CDD5C180B2D0C280CFEBC380B8CEF5
:10416000C480D0EBC5805DC3C680A8B5C7805EC3E0
:10417000C8805FC3C98060C3CA8061C3CB8062C38B
:10418000CC80B3B1CD80D2EBCE80A5CCCF8063C341
:10419000D08064C3D18065C3D28066C3D38067C337
:1041A000D48068C3D58069C3D680D6C5D780D3EB09
:1041B000D8806AC3D980D1EBDA80DFC5DB80CEEB53
:1041C000DC80A4CADD80D5EBDE80FBB0DF806BC372
:1041D000E0806CC3E180FABAE2806DC3E3806EC315
:1041E000E480B7D8E580E3F1E6806FC3E780CAEBEF
:1041F000E880CBEBE980CCEBEA80CDEBEB80D6EB33
:10420000EC80C0E6ED80D9EBEE8070C3EF80E8BFB4
:10421000F080C8D2F180D7EBF280DCEBF380ECB811
:10422000F480D8EBF58071C3F680BABDF78072C315
:10423000F880D8D0F98073C3FA80B7B0FB8074C31C
:10424000FC80DDEBFD80DCC4FE8075C3FF8076C39F
:10425000008177C3018178C30281ACD6038179C321
:1042600004817AC305817BC30681E0B407817CC3E6
:1042700008817DC30981F6C20A81B9BC0B817EC366
:104280000C8180C30D81DAEB0E81DBEB0F81E0D472
:104290001081EAC61181D4C41281DFEB1381A7C556
:1042A0001481F5D9158181C31681B1B2178182C3FA
:1042B0001881E4EB198183C31A81C5BD1B8184C3B6
:1042C0001C8185C31D8186C31E81E2EB1F8187C3CC
:1042D000208188C3218189C322818AC323818BC322
:1042E00024818CC325818DC326818EC327818FC3F2
:1042F000288190C3298191C32A8192C32B8193C3C2
:104300002C81E3EB2D8194C32E8195C32F81ACB812
:10431000308196C33181D1CD3281E5EB338197C3B2
:10432000348198C3358199C33681E1EB37819AC3D3
:104330003881B3C139819BC33A819CC33B819DC302
:104340003C819EC33D819FC33E81A2C63F81A0C3E5
:10435000408140C4418141C4428142C4438143C43D
:10436000448144C4458145C44681F3CC478146C459
:104370004881E6EB498147C44A81B0C04B81B8D23D
:104380004C81E7EB4D8148C44E8149C44F814AC4FA
:104390005081AFB85181ADB852814BC45381E8EB25
:1043A0005481BBC75581F3CD56814CC457814DC450
:1043B00058814EC45981EAEB5A81EBEB5B814FC4C3
:1043C0005C8150C45D8151C45E8152C45F8153C41D
:1043D0006081EDEB618154C4628155C4638156C430
:1043E000648157C46581C8D0668158C46781F2EB87
:1043F000688159C46981EEEB6A815AC46B815BC4E0
:104400006C815CC46D81F1EB6E81F9C86F815DC414
:104410007081FCD17181ECEB72815EC473815FC4E9
:104420007481E9EB758160C4768161C4778162C46F
:10443000788163C47981B9B87A81D9CF7B81E5C4A9
:104440007C81EFEB7D81F0EB7E81DACC7F81C8CD82
:104450008081F2B0818164C48281F6EB838165C47E
:10446000848166C4858167C4868168C4878169C484
:104470008881F5EB89816AC48A81B2B28B816BC471
:104480008C816CC48D816DC48E816EC48F81E0B8C7
:1044900090816FC49181F7EB928170C4938171C454
:1044A000948172C4958173C4968174C4978175C4D4
:1044B0009881ECB1998176C49A8177C49B81C5CCEF
:1044C0009C81A4C49D81A5CF9E8178C49F8179C41D
:1044D000A0817AC4A1817BC4A2817CC4A381F9EBB1
:1044E000A4817DC4A5817EC4A681A2ECA78180C4DD
:1044F000A881F2C5A98181C4AA81FAEBAB8182C4EB
:10450000AC8183C4AD8184C4AE8185C4AF8186C4CF
:10451000B08187C4B18188C4B28189C4B381C5C95F
:10452000B4818AC4B5818BC4B6818CC4B7818DC473
:10453000B8818EC4B9818FC4BA81DFE2BB81FEEB42
:10454000BC8190C4BD8191C4BE8192C4BF8193C41B
:10455000C081CECDC181A1ECC281DBB1C381B7D313
:10456000C48194C4C58195C4C681DCD2C78196C478
:10457000C88197C4C98198C4CA81FDEBCB8199C415
:10458000CC81FBEBCD819AC4CE819BC4CF819CC4EE
:10459000D0819DC4D1819EC4D2819FC4D381A0C447
:1045A000D48140C5D58141C5D68142C5D78143C597
:1045B000D88144C5D98145C5DA8146C5DB8147C567
:1045C000DC8148C5DD8149C5DE814AC5DF814BC537
:1045D000E0814CC5E1814DC5E2814EC5E381BCB3AC
:1045E000E4814FC5E58150C5E68151C5E781B0EA58
:1045F000E88152C5E98153C5EA81D4D7EB8154C51E
:10460000EC81ABF4ED81F4B3EE8155C5EF8156C575
:10461000F08157C5F18158C5F28159C5F381C1D6E2
:10462000F481C2D6F5815AC5F6815BC5F7815CC5B8
:10463000F8815DC5F9815EC5FA815FC5FB81E9D569
:10464000FC81CABEFD8160C5FE81A7F4FF8161C502
:104650000082A8D20182A8F40282A9F4038262C572
:104660000482AAF40582CBBE0682DFD3078263C52B
:10467000088264C5098265C50A8266C50B8267C562
:104680000C82E0C90D82E1C90E8268C50F8269C53E
:104690001082C2F311826AC51282E6CA13826BC508
:1046A0001482F2CC15826CC516826DC517826EC558
:1046B00018826FC5198270C51A8271C51B82B6E255
:1046C0001C82B4CB1D8272C51E82E8CE1F82DBD64F
:1046D000208273C52182ADF42282AEF42382AFF42E
:1046E000248274C5258275C5268276C5278277C542
:1046F0002882B2F4298278C52A82BDBA2B82B3F40B
:104700002C82E3B02D82B0F42E8279C52F82B1F4D1
:104710003082A2BD3182D5B232827AC53382B6F4FC
:104720003482B7F43582E6B63682B0B23782CFCF64
:104730003882B4F43982ACB43A827BC53B82B5F49A
:104740003C827CC53D827DC53E82B8F43F827EC5F9
:10475000408280C5418281C5428282C5438283C531
:104760004482B9F4458284C5468285C54782A7CD77
:10477000488286C54982BAF44A8287C54B82BBF417
:104780004C8288C54D8289C54E828AC54F82BCF451
:1047900050828BC551828CC552828DC553828EC585
:1047A00054828FC5558290C5568291C5578292C555
:1047B0005882D2CB598293C55A82BDF45B8294C58C
:1047C0005C8295C55D8296C55E8297C55F82BEF4A8
:1047D000608298C5618299C562829AC563829BC5D1
:1047E00064829CC565829DC566829EC567829FC5A1
:1047F0006882BFF46982A0C56A8240C66B8241C6E6
:104800006C8242C66D8243C66E82DEF46F82BCC18A
:104810007082E8BC718244C67282ABC97382DED1F9
:104820007482F5E5758245C6768246C6778247C6AC
:10483000788248C67982B3DC7A82D5D27B8249C637
:104840007C824AC67D82B4DC7E82ACB07F82B5DCDD
:1048500080824BC681824CC68282DABD83824DC67D
:104860008482B9DC85824EC686824FC6878250C656
:104870008882C2D8898251C68A82B7DC8B82F3D300
:104880008C8252C68D82D6C98E82BADC8F82B6DC0B
:10489000908253C69182BBDC9282A2C3938254C69B
:1048A000948255C6958256C6968257C69782BCDCBE
:1048B0009882C5DC9982BDDC9A8258C69B8259C613
:1048C0009C82DFCE9D82A5D69E825AC69F82CFDC77
:1048D000A0825BC6A182CDDCA2825CC6A3825DC63B
:1048E000A482D2DCA582E6BDA682ABC2A7825EC648
:1048F000A882B8DCA982CBDCAA82CEDCAB82BEDC8B
:10490000AC82D2B7AD82C5B0AE82C7DCAF82BED0BA
:10491000B082C1DCB182A8BBB2825FC6B382BCB731
:10492000B482CCDCB58260C6B68261C6B782C6DC12
:10493000B882BFDCB982DBC7BA8262C6BB8263C6FB
:10494000BC8264C6BD82BFD1BE82C0DCBF8265C6E8
:10495000C08266C6C182CADCC28267C6C38268C61C
:10496000C482D0DCC58269C6C6826AC6C782ADCEA3
:10497000C882C2DCC9826BC6CA82C3DCCB82C8DCF7
:10498000CC82C9DCCD82D4B2CE82D1DCCF82D5CB71
:10499000D0826CC6D182B7D4D282DBDCD382DFDC9A
:1049A000D482A6CCD582E6DCD6826DC6D782E7C398
:1049B000D882DCDCD9826EC6DA826FC6DB82C1BFE8
:1049C000DC82D9DCDD8270C6DE82FAB0DF82B6B965
:1049D000E082E5DCE182D3DCE28271C6E382C4DC02
:1049E000E482D6DCE582F4C8E682E0BFE78272C6E4
:1049F000E88273C6E98274C6EA8275C6EB82BBC9D7
:104A0000EC8276C6ED8277C6EE8278C6EF82BDB1C3
:104A1000F08279C6F182A2D3F2827AC6F3827BC693
:104A2000F482DADCF5827CC6F6827DC6F782D5DCBC
:104A3000F8827EC6F982BBC6FA8280C6FB82DEDCC3
:104A4000FC8281C6FD8282C6FE8283C6FF8284C646
:104A5000008385C60183C2D70283AFC30383B6B781
:104A60000483D1C70583A9C30683E2DC0783D8DCAE
:104A70000883EBDC0983D4DC0A8386C60B8387C6F4
:104A80000C83DDDC0D8388C60E83A5BE0F83D7DCC7
:104A9000108389C61183E0DC12838AC613838BC618
:104AA0001483E3DC1583E4DC16838CC61783F8DCFF
:104AB00018838DC619838EC61A83E1DC1B83A2DDA1
:104AC0001C83E7DC1D838FC61E8390C61F8391C69F
:104AD000208392C6218393C6228394C6238395C6DE
:104AE000248396C6258397C6268398C62783EBBC66
:104AF0002883C4B4298399C62A839AC62B83A3C367
:104B00002C83E7B22D83FADC2E839BC62F83F2DC45
:104B100030839CC63183EFDC32839DC63383FCDC5B
:104B20003483EEDC3583F0D23683E8B237839EC619
:104B30003883D7C83983E3C83A83FBDC3B839FC6FD
:104B40003C83EDDC3D83A0C63E8340C73F8341C725
:104B50004083F7DC418342C7428343C74383F5DC8C
:104B6000448344C7458345C74683A3BE4783F4DCDB
:104B7000488346C74983DDB24A8347C74B8348C74A
:104B80004C8349C74D834AC74E834BC74F83F3DCE1
:104B90005083F6BC5183E8DC5283C4BB53834CC7BB
:104BA0005483F3C055834DC756834EC757834FC7B1
:104BB000588350C7598351C75A83D4BC5B83E9DCFF
:104BC0005C83EADC5D8352C75E83F1DC5F83F6DCE5
:104BD0006083F9DC6183B4B5628353C76383D9C84A
:104BE0006483E7BB6583FEDC6683FDDC6783ABD350
:104BF0006883A1DD6983A3DD6A83A5DD6B83F1D2C0
:104C00006C83A4DD6D83A6DD6E83A7DD6F83A9D2DF
:104C1000708354C7718355C7728356C7738357C750
:104C2000748358C7758359C776835AC77783C9BABF
:104C30007883A9DD79835BC77A835CC77B83B6DD24
:104C40007C83B1DD7D83B4DD7E835DC77F835EC7FA
:104C500080835FC7818360C7828361C7838362C7A4
:104C6000848363C78583B0DD8683CEC6878364C7AC
:104C7000888365C78983F2C08A8366C78B8367C7C9
:104C80008C8368C78D8369C78E83AFC98F836AC7DA
:104C900090836BC791836CC79283ECDC9383AEDD0A
:104CA00094836DC795836EC796836FC7978370C7CC
:104CB0009883B7DD998371C79A8372C79B83F0DCB1
:104CC0009C83AFDD9D8373C79E83B8DD9F8374C7CC
:104CD000A083ACDDA18375C7A28376C7A38377C702
:104CE000A48378C7A58379C7A6837AC7A7837BC720
:104CF000A883B9DDA983B3DDAA83ADDDAB83AAC4E4
:104D0000AC837CC7AD837DC7AE837EC7AF8380C7CE
:104D1000B083A8DDB183B3C0B283ABC1B383AADDD6
:104D2000B483ABDDB58381C7B683B2DDB783F1BB96
:104D3000B883B5DDB983A8D3BA83BADDBB8382C794
:104D4000BC83BBDDBD83A7C3BE8383C7BF8384C7CA
:104D5000C083D2DDC183BCDDC28385C7C38386C760
:104D6000C48387C7C583D1DDC68388C7C783BDB960
:104D7000C88389C7C9838AC7CA83D5BECB838BC77B
:104D8000CC83FABECD838CC7CE838DC7CF83CABAFE
:104D9000D0838EC7D1838FC7D28390C7D38391C767
:104DA000D483CADDD58392C7D683C5DDD78393C7A5
:104DB000D883BFDDD98394C7DA8395C7DB8396C7D1
:104DC000DC83CBB2DD83C3DDDE8397C7DF83CBDD3E
:104DD000E083A4B2E183D5DDE28398C7E38399C77A
:104DE000E4839AC7E583BEDDE6839BC7E7839CC760
:104DF000E8839DC7E983D0C6EA83D0DDEB839EC7F5
:104E0000EC839FC7ED83A0C7EE8340C8EF8341C802
:104E1000F083D4DDF183E2C1F283C6B7F38342C8E5
:104E2000F48343C8F58344C8F68345C8F78346C86E
:104E3000F883CEDDF983CFDDFA8347C8FB8348C80A
:104E4000FC8349C8FD83C4DDFE834AC8FF834BC889
:104E500000844CC80184BDDD02844DC80384CDDDCF
:104E60000484D1CC05844EC80684C9DD07844FC8AC
:104E7000088450C8098451C80A8452C80B84C2DD12
:104E80000C84C8C30D84BCC60E84AECE0F84CCDDAA
:104E9000108453C81184C8DD128454C8138455C8C3
:104EA000148456C8158457C8168458C8178459C81E
:104EB0001884C1DD19845AC81A845BC81B845CC875
:104EC0001C84C6DD1D84DCC21E845DC81F845EC8D0
:104ED00020845FC8218460C8228461C8238462C89A
:104EE0002484A9D32584AAD32684D3DD2784F4CFB0
:104EF0002884F8C8298463C82A8464C82B8465C8B8
:104F00002C8466C82D8467C82E8468C82F8469C81D
:104F100030846AC83184E6DD32846BC833846CC85F
:104F200034846DC835846EC836846FC8378470C8C1
:104F30003884C7DD398471C83A8472C83B8473C829
:104F40003C84E0DD3D84E4C23E8474C83F8475C87F
:104F5000408476C8418477C8428478C8438479C83D
:104F600044847AC845847BC84684E1DD47847CC894
:104F700048847DC849847EC84A8480C84B8481C8DF
:104F80004C8482C84D8483C84E8484C84F8485C8AD
:104F9000508486C85184D7DD528487C8538488C81A
:104FA000548489C855848AC856848BC85784F8D6D7
:104FB00058848CC85984D9DD5A84D8DD5B84F0B814
:104FC0005C84D6DD5D848DC85E848EC85F848FC8A6
:104FD000608490C86184CFC6628491C86384ADB692
:104FE000648492C8658493C8668494C8678495C8AD
:104FF000688496C86984E2DD6A8497C86B84F9BACC
:105000006C84E1D46D84E7DD6E8498C86F8499C8A0
:1050100070849AC87184D0B472849BC87384DADDBA
:1050200074849CC87584FBBF7684E3DD77849DC857
:105030007884DFDD79849EC87A84DDDD7B849FC837
:105040007C84A0C87D8440C97E8441C97F8442C9D4
:10505000808443C9818444C98284D9B5838445C985
:10506000848446C9858447C9868448C98784DBDD32
:105070008884DCDD8984DEDD8A8449C98B84AFBD08
:105080008C84E4DD8D844AC98E84E5DD8F844BC930
:1050900090844CC991844DC992844EC993844FC960
:1050A000948450C9958451C9968452C99784F5DD7A
:1050B000988453C99984C9C39A8454C99B8455C997
:1050C0009C84E2CB9D8456C99E8457C99F8458C94D
:1050D000A08459C9A184F2DDA2845AC9A3845BC902
:1050E000A4845CC9A5845DC9A6845EC9A7845FC980
:1050F000A88460C9A98461C9AA8462C9AB8463C950
:10510000AC8464C9AD8465C9AE8466C9AF84E1D896
:10511000B08467C9B18468C9B284D1C6B38469C98F
:10512000B484F4DDB5846AC9B6846BC9B7846CC92C
:10513000B884F4D5B984F3DDBA84F0DDBB846DC9DD
:10514000BC846EC9BD84ECDDBE846FC9BF84EFDD55
:10515000C08470C9C184E8DDC28471C9C38472C9C6
:10516000C484EED0C58473C9C68474C9C78475C9A4
:10517000C88476C9C984D8C8CA84EEDDCB8477C90F
:10518000CC8478C9CD84E9DDCE8479C9CF847AC94D
:10519000D084EADDD184F2CBD2847BC9D384EDDD27
:1051A000D4847CC9D5847DC9D684CDB1D7847EC949
:1051B000D88480C9D98481C9DA8482C9DB8483C94F
:1051C000DC8484C9DD84B6C0DE8485C9DF84BBBCD1
:1051D000E084F1DDE18486C9E28487C9E384F7DDF8
:1051E000E48488C9E584F6DDE684EBDDE78489C9DB
:1051F000E8848AC9E9848BC9EA848CC9EB848DC9A7
:10520000EC84EEC5ED848EC9EE848FC9EF8490C91D
:10521000F084FBDDF18491C9F28492C9F38493C9CF
:10522000F48494C9F58495C9F68496C9F78497C91E
:10523000F88498C9F98499C9FA849AC9FB849BC9EE
:10524000FC84A4DEFD849CC9FE849DC9FF84A3DE8A
:1052500000859EC901859FC90285A0C9038540CAF2
:10526000048541CA058542CA068543CA078544CAE2
:10527000088545CA098546CA0A8547CA0B8548CAB2
:105280000C85F8DD0D8549CA0E854ACA0F854BCAC3
:1052900010854CCA1185EFC312854DCA1385FBC218
:1052A00014854ECA15854FCA168550CA1785E1D593
:1052B000188551CA198552CA1A85B5CE1B8553CA9D
:1052C0001C8554CA1D8555CA1E8556CA1F85FDDD1D
:1052D000208557CA2185CCB2228558CA238559CA50
:1052E00024855ACA25855BCA26855CCA27855DCA7E
:1052F00028855ECA29855FCA2A8560CA2B85E8C4CD
:105300002C85DFCA2D8561CA2E8562CA2F8563CAA6
:10531000308564CA318565CA328566CA338567CAF5
:10532000348568CA358569CA36856ACA3785BEC775
:105330003885FADD3985FCDD3A85FEDD3B85A2DE68
:105340003C85AAB03D85CEB13E856BCA3F856CCA0F
:1053500040856DCA41856ECA42856FCA4385ACDE01
:10536000448570CA458571CA468572CA478573CA25
:105370004885A6DE4985B6BD4A85EFC84B8574CA07
:105380004C8575CA4D8576CA4E8577CA4F8578CAD1
:10539000508579CA51857ACA52857BCA53857CCAA1
:1053A00054857DCA55857ECA5685A1DE578580CA3B
:1053B000588581CA5985A5DE5A8582CA5B8583CA0C
:1053C0005C8584CA5D8585CA5E85A9DE5F8586CADF
:1053D000608587CA618588CA628589CA63858ACAE9
:1053E0006485A8DE65858BCA66858CCA67858DCA8B
:1053F0006885A7DE69858ECA6A858FCA6B8590CA63
:105400006C8591CA6D8592CA6E8593CA6F8594CA60
:10541000708595CA718596CA7285ADDE738597CA07
:105420007485CCD4758598CA768599CA77859ACAC9
:1054300078859BCA7985B3DE7A85AADE7B85AEDE68
:105440007C859CCA7D859DCA7E85D9C07F859ECA84
:1054500080859FCA8185A0CA828540CB838541CB48
:105460008485A1B18585B6DE868542CB8785B1DE90
:10547000888543CB898544CB8A8545CB8B8546CBB4
:105480008C8547CB8D8548CB8E8549CB8F85B2DE09
:1054900090854ACB91854BCB92854CCB93854DCB58
:1054A00094854ECB95854FCB968550CB978551CB28
:1054B000988552CB998553CB9A8554CB9B85A6D1A1
:1054C0009C85B5DE9D8555CB9E8556CB9F8557CB5C
:1054D000A08558CBA18559CBA2855ACBA3855BCBA0
:1054E000A485AFDEA5855CCBA6855DCBA7855ECB0D
:1054F000A885B0DEA9855FCBAA85BDD0AB8560CB82
:10550000AC8561CBAD8562CBAE85B4DEAF85EDCA2F
:10551000B085B9DEB18563CBB28564CBB38565CB8D
:10552000B48566CBB58567CBB68568CBB785B8DE65
:10553000B88569CBB985B7DEBA856ACBBB856BCB3D
:10554000BC856CCBBD856DCBBE856ECBBF856FCB6F
:10555000C08570CBC185BBDEC28571CBC38572CBE4
:10556000C48573CBC58574CBC68575CBC78576CB13
:10557000C88577CBC985E5BDCA8578CBCB8579CB86
:10558000CC857ACBCD857BCBCE857CCBCF85D8B275
:10559000D085EAC3D1857DCBD2857ECBD385BADEDB
:1055A000D48580CBD585BAC5D68581CBD78582CB2E
:1055B000D88583CBD98584CBDA8585CBDB8586CB33
:1055C000DC85BCDEDD8587CBDE8588CBDF8589CBBE
:1055D000E0858ACBE1858BCBE2858CCBE3858DCBD7
:1055E000E485D9CCE5858ECBE6858FCBE78590CB5E
:1055F000E88591CBE985AAB7EA8592CBEB8593CB79
:10560000EC8594CBED8595CBEE8596CBEF8597CB4E
:10561000F08598CBF18599CBF2859ACBF3859BCB1E
:10562000F4859CCBF5859DCBF6859ECBF7859FCBEE
:10563000F885A0CBF98540CCFA8541CCFB85E5D433
:10564000FC8542CCFD8543CCFE8544CCFF85BDDE88
:10565000008645CC018646CC028647CC038648CCE2
:10566000048649CC0586BFDE06864ACC07864BCC2D
:1056700008864CCC09864DCC0A864ECC0B864FCC86
:105680000C8650CC0D8651CC0E8652CC0F8653CC56
:10569000108654CC1186A2C4128655CC138656CCE3
:1056A000148657CC158658CC1686C1DE178659CC81
:1056B00018865ACC19865BCC1A865CCC1B865DCCCE
:1056C0001C865ECC1D865FCC1E8660CC1F8661CC9E
:1056D000208662CC218663CC228664CC238665CC6E
:1056E000248666CC258667CC268668CC2786BEDED7
:1056F000288669CC2986C0DE2A866ACC2B866BCCAC
:105700002C866CCC2D866DCC2E866ECC2F866FCCE5
:10571000308670CC318671CC328672CC338673CCB5
:10572000348674CC358675CC368676CC378677CC85
:105730003886BAD5398678CC3A8679CC3B867ACC0D
:105740003C86C2DE3D867BCC3E867CCC3F867DCCD3
:1057500040867ECC418680CC428681CC438682CCFA
:10576000448683CC458684CC468685CC478686CCC9
:10577000488687CC498688CC4A8689CC4B868ACC99
:105780004C868BCC4D86AEF24E86A2BB4F86B2C203
:105790005086B0C55186C7C252868CCC53868DCCFC
:1057A0005486AFF255868ECC56868FCC578690CCD9
:1057B000588691CC598692CC5A86E9D05B8693CC98
:1057C0005C8694CC5D8695CC5E86DDD35F8696CC78
:1057D000608697CC618698CC6286BDEB638699CC57
:1057E00064869ACC65869BCC66869CCC67869DCC6D
:1057F00068869ECC69869FCC6A86A0CC6B86E6B311
:105800006C86B0F26D8640CD6E86B1F26F8641CD6A
:10581000708642CD7186ADCA728643CD738644CD03
:10582000748645CD758646CD768647CD778648CD3C
:10583000788649CD7986E7BA7A86B3F27B86B5F267
:105840007C86B4F27D86E4CB7E86BACF7F86B2F2C8
:105850008086B4CA8186CFD28286ECC283864ACD46
:1058600084864BCD85864CCD86864DCD87864ECDA4
:1058700088864FCD898650CD8A86C3CE8B86B8F276
:105880008C86F6B08D86B7F28E8651CD8F8652CD3E
:10589000908653CD918654CD928655CD9386BEF297
:1058A000948656CD9586CFB2968657CD978658CD9D
:1058B000988659CD99865ACD9A865BCD9B865CCDCC
:1058C0009C86C1D19D86BAF29E865DCD9F865ECDB7
:1058D000A0865FCDA18660CDA28661CDA386BCF2F5
:1058E000A486E9D4A58662CDA68663CDA786BBF241
:1058F000A886B6F2A986BFF2AA86BDF2AB8664CDB1
:10590000AC86B9F2AD8665CDAE8666CDAF86C7F200
:10591000B086C4F2B186C6F2B28667CDB38668CDD2
:10592000B486CAF2B586C2F2B686C0F2B78669CD31
:10593000B8866ACDB9866BCDBA86C5F2BB866CCD0A
:10594000BC866DCDBD866ECDBE866FCDBF8670CD5B
:10595000C086FBD6C18671CDC28672CDC38673CD9B
:10596000C486C1F2C58674CDC686F9C7C786DFC9AD
:10597000C88675CDC986C8F2CA86C6B9CB86B0B509
:10598000CC8676CDCD8677CDCE86C3F2CF86C9F2D2
:10599000D086D0F2D186D6F2D28678CDD38679CD94
:1059A000D486D7BBD5867ACDD6867BCDD7867CCD1F
:1059B000D886D5F2D986DCCDDA867DCDDB86EBD6EE
:1059C000DC867ECDDD8680CDDE86D2F2DF86D4F227
:1059D000E08681CDE18682CDE28683CDE38684CDEB
:1059E000E486F2B8E58685CDE68686CDE78687CD66
:1059F000E88688CDE986CBF2EA8689CDEB868ACD2A
:105A0000EC868BCDED86CEF2EE86F9C2EF868CCD9C
:105A1000F086DDD5F186CCF2F286CDF2F386CFF2B8
:105A2000F486D3F2F5868DCDF6868ECDF7868FCDB2
:105A3000F886D9F2F986BCD3FA8690CDFB8691CD53
:105A4000FC8692CDFD8693CDFE86EAB6FF8694CD88
:105A50000087F1CA018795CD0287E4B70387D7F2A3
:105A6000048796CD058797CD068798CD0787D8F20E
:105A70000887DAF20987DDF20A87DBF20B8799CD16
:105A80000C879ACD0D87DCF20E879BCD0F879CCDBE
:105A900010879DCD11879ECD1287D1D11387D1F26A
:105AA00014879FCD1587C9CD1687A0CD1787CFCE78
:105AB0001887A9D6198740CE1A87E3F21B8741CEF3
:105AC0001C87DBC31D8742CE1E87E0F21F8743CEB3
:105AD000208744CE2187AFC02287ECF22387DEF2F5
:105AE000248745CE2587E1F2268746CE278747CEF5
:105AF000288748CE2987E8F22A8749CE2B874ACEC5
:105B00002C874BCE2D874CCE2E87E2F22F874DCEA1
:105B100030874ECE3187E7F232874FCE338750CE73
:105B20003487E6F2358751CE368752CE3787E9F291
:105B3000388753CE398754CE3A8755CE3B87DFF22C
:105B40003C8756CE3D8757CE3E87E4F23F87EAF248
:105B5000408758CE418759CE42875ACE43875BCE85
:105B600044875CCE45875DCE46875ECE4787ACD303
:105B70004887E5F24987F5B24A875FCE4B8760CE0A
:105B80004C87F2F24D8761CE4E87ABD04F8762CE05
:105B9000508763CE518764CE528765CE5387F5F226
:105BA000548766CE558767CE568768CE5787C8BB61
:105BB000588769CE5987F9F25A876ACE5B876BCED0
:105BC0005C876CCE5D876DCE5E876ECE5F876FCE55
:105BD0006087F0F2618770CE628771CE6387F6F2DC
:105BE0006487F8F26587FAF2668772CE678773CEAC
:105BF000688774CE698775CE6A8776CE6B8777CED5
:105C00006C8778CE6D8779CE6E87F3F26F877ACE08
:105C10007087F1F271877BCE72877CCE73877DCEE1
:105C20007487FBBA75877ECE7687FBB5778780CE83
:105C3000788781CE798782CE7A8783CE7B87EFF291
:105C40007C87F7F27D87EDF27E87EEF27F8784CE48
:105C5000808785CE818786CE8287EBF28387A6F305
:105C6000848787CE8587A3F3868788CE878789CE6A
:105C70008887A2F389878ACE8A878BCE8B87F4F2B6
:105C80008C878CCE8D87DAC88E878DCE8F878ECE0F
:105C900090878FCE918790CE928791CE9387FBF29B
:105CA000948792CE958793CE968794CE9787A5F3C7
:105CB000988795CE998796CE9A8797CE9B8798CED0
:105CC0009C8799CE9D879ACE9E879BCE9F87F8C34F
:105CD000A0879CCEA1879DCEA2879ECEA3879FCE74
:105CE000A487A0CEA58740CFA68741CFA78742CF64
:105CF000A887FDF2A98743CFAA8744CFAB87A7F334
:105D0000AC87A9F3AD87A4F3AE8745CFAF87FCF28C
:105D1000B08746CFB18747CFB28748CFB387ABF3C1
:105D2000B48749CFB587AAF3B6874ACFB7874BCF99
:105D3000B8874CCFB9874DCFBA87DDC2BB874ECF6E
:105D4000BC874FCFBD87AEF3BE8750CFBF8751CF43
:105D5000C087B0F3C18752CFC28753CFC38754CF18
:105D6000C48755CFC58756CFC687A1F3C78757CFFE
:105D7000C88758CFC98759CFCA87B1F3CB87ACF34F
:105D8000CC875ACFCD875BCFCE875CCFCF875DCF17
:105D9000D0875ECFD187AFF3D287FEF2D387ADF342
:105DA000D4875FCFD58760CFD68761CFD78762CFC3
:105DB000D88763CFD98764CFDA8765CFDB87B2F323
:105DC000DC8766CFDD8767CFDE8768CFDF8769CF67
:105DD000E087B4F3E1876ACFE2876BCFE3876CCFCC
:105DE000E4876DCFE587A8F3E6876ECFE7876FCFAF
:105DF000E88770CFE98771CFEA87B3F3EB8772CF7B
:105E0000EC8773CFED8774CFEE87B5F3EF8775CF4F
:105E1000F08776CFF18777CFF28778CFF38779CF86
:105E2000F4877ACFF5877BCFF6877CCFF7877DCF56
:105E3000F8877ECFF987B7D0FA8780CFFB8781CFED
:105E4000FC8782CFFD8783CFFE87B8F3FF8784CF9F
:105E5000008885CF018886CF028887CF0388F9D94B
:105E6000048888CF058889CF06888ACF07888BCF9A
:105E700008888CCF09888DCF0A88B9F30B888ECF1C
:105E80000C888FCF0D8890CF0E8891CF0F8892CF3E
:105E9000108893CF118894CF128895CF1388B7F3C9
:105EA000148896CF1588E4C81688B6F3178897CF5C
:105EB000188898CF198899CF1A889ACF1B88BAF377
:105EC0001C889BCF1D889CCF1E889DCF1F889ECF8E
:105ED00020889FCF2188BBF32288C0B42388A0CF1D
:105EE000248840D0258841D0268842D0278843D0B6
:105EF000288844D0298845D02A8846D02B8847D086
:105F00002C8848D02D8849D02E884AD02F884BD055
:105F100030884CD031884DD03288C3EE33884ED093
:105F200034884FD0358850D0368851D0378852D0F9
:105F3000388853D03988BCF33A8854D03B8855D040
:105F40003C88BDF33D8856D03E8857D03F8858D016
:105F50004088AAD1418859D042885AD043885BD022
:105F60004488ACF44588C6D046885CD047885DD06C
:105F700048885ED049885FD04A8860D04B8861D01D
:105F80004C88D0D04D88DCD14E8862D04F8863D009
:105F9000508864D0518865D0528866D0538867D0C5
:105FA0005488CECF558868D0568869D05788D6BDDA
:105FB00058886AD05988C3D15A886BD05B886CD016
:105FC0005C886DD05D886ED05E886FD05F8870D041
:105FD000608871D06188E2BA6288E9E16388C2D2E0
:105FE0006488C2F16588B9B2668872D0678873D058
:105FF0006888EDB16988C3F16A8874D06B88C0C9BC
:106000006C88C4B36D8875D06E88F2D96F8876D0ED
:106010007088A5CB718877D07288C4F1738878D0E6
:10602000748879D075887AD076887BD07788D4D6F2
:1060300078887CD079887DD07A887ED07B8880D023
:106040007C8881D07D88C5F17E88C0F47F88C6F1C8
:10605000808882D08188ACD48288C7F1838883D03D
:106060008488C0B08588C1F4868884D0878885D02C
:106070008888C2F4898886D08A8887D08B88FCB4C7
:106080008C8888D08D88DBC58E8889D08F888AD00F
:1060900090888BD091888CD09288BBCC93888DD0FF
:1060A00094888ED095888FD09688E4D0978890D0A9
:1060B000988891D0998892D09A8893D09B8894D0D0
:1060C0009C88E0CD9D8895D09E8896D09F8897D05B
:1060D000A08898D0A18899D0A288C8F1A3889AD026
:1060E000A488F3D9A5889BD0A6889CD0A7889DD0EA
:1060F000A8889ED0A9889FD0AA88A0D0AB88BBB121
:10610000AC8840D1AD88AECFAE8841D1AF8842D106
:10611000B08843D1B188A4B8B28844D1B38845D1FE
:10612000B48846D1B58847D1B68848D1B788CAF176
:10613000B88849D1B9884AD1BA884BD1BB884CD1EB
:10614000BC88CBF1BD884DD1BE884ED1BF884FD120
:10615000C08850D1C188C3B2C288D1C1C38851D1CF
:10616000C48852D1C588B0D7C688C9F1C78853D171
:10617000C88854D1C988CCF1CA8855D1CB8856D1AA
:10618000CC8857D1CD8858D1CE88CEF1CF8859D17F
:10619000D0885AD1D1885BD1D288F6D9D3885CD146
:1061A000D488E1D2D588A3D4D6885DD1D7885ED1F2
:1061B000D888C3F4D988B9C8DA885FD1DB8860D1C0
:1061C000DC8861D1DD8862D1DE8863D1DF88C4F4E8
:1061D000E08864D1E18865D1E288CDF1E388CFF130
:1061E000E488E3BFE588D0F1E68866D1E78867D127
:1061F000E888D4F1E98868D1EA8869D1EB886AD166
:10620000EC886BD1ED886CD1EE886DD1EF886ED1C2
:10621000F088D6F1F188D1F1F2886FD1F388D1C935
:10622000F488E1C5F58870D1F68871D1F78872D10C
:10623000F888E3C2F988FCB9FA8873D1FB8874D175
:10624000FC88D3F1FD8875D1FE88D5F1FF8876D121
:10625000008977D1018978D10289D3B9038979D1AD
:1062600004897AD105897BD106897CD107897DD1C2
:1062700008897ED1098980D10A89DBF10B8981D116
:106280000C8982D10D8983D10E8984D10F8985D162
:106290001089D6BA118986D11289FDB01389D9F136
:1062A000148987D1158988D1168989D117898AD10E
:1062B00018898BD11989D8F11A89D2F11B89DAF1A1
:1062C0001C898CD11D898DD11E898ED11F898FD1BA
:1062D000208990D12189D7F1228991D1238992D126
:1062E000248993D12589ECC8268994D1278995D111
:1062F000288996D1298997D12A89CACD2B89DDF1A0
:106300002C8998D12D8999D12E899AD12F899BD109
:106310003089BDE531899CD132899DD133899ED1A7
:106320003489DCF135899FD13689DEF13789A0D1F6
:10633000388940D2398941D23A8942D23B8943D205
:106340003C8944D23D8945D23E8946D23F8947D2D5
:10635000408948D24189DFF1428949D243894AD2F2
:106360004489E5CF45894BD246894CD247894DD2E5
:1063700048894ED249894FD24A8950D24B8951D24D
:106380004C8952D24D8953D24E8954D24F8955D21D
:10639000508956D2518957D2528958D2538959D2ED
:1063A00054895AD255895BD256895CD257895DD2BD
:1063B00058895ED259895FD25A8960D25B8961D28D
:1063C0005C8962D25D8963D25E89C5F45F89F3BD61
:1063D000608964D2618965D2628966D2638967D235
:1063E000648968D2658969D26689E0F167896AD271
:1063F00068896BD269896CD26A896DD26B896ED2D9
:106400006C896FD26D8970D26E8971D26F8972D2A8
:10641000708973D2718974D2728975D2738976D278
:10642000748977D2758978D2768979D277897AD248
:1064300078897BD279897CD27A897DD27B89E1F196
:106440007C897ED27D8980D27E8981D27F89F7CE78
:10645000808982D28189AAD2828983D28389FBF101
:10646000848984D2858985D28689B2B8878986D283
:10647000888987D2898988D28A8989D28B898AD268
:106480008C898BD28D898CD28E898DD28F898ED238
:1064900090898FD2918990D2928991D2938992D208
:1064A000948993D2958994D2968995D2978996D2D8
:1064B000988997D2998998D29A8999D29B899AD2A8
:1064C0009C899BD29D899CD29E899DD29F899ED278
:1064D000A0899FD2A189A0D2A28940D3A38941D308
:1064E000A48942D3A58943D3A68944D3A78945D398
:1064F000A88946D3A98947D3AA8948D3AB8949D368
:10650000AC894AD3AD894BD3AE894CD3AF894DD337
:10651000B0894ED3B1894FD3B28950D3B38951D307
:10652000B48952D3B58953D3B68954D3B78955D3D7
:10653000B88956D3B98957D3BA8958D3BB8959D3A7
:10654000BC895AD3BD895BD3BE895CD3BF895DD377
:10655000C0895ED3C189FBBCC289DBB9C3895FD363
:10656000C489E6B9C589D9C3C689D3CAC789E8EA47
:10657000C889C0C0C989F5BECA89E9EACB89EAEAF7
:10658000CC89EBEACD8960D3CE89ECEACF89EDEAFC
:10659000D089EEEAD189EFEAD289C7BDD38961D328
:1065A000D48962D3D58963D3D689FBF5D78964D3DF
:1065B000D88965D3D98966D3DA89FDF5DB8967D3B4
:1065C000DC89FEF5DD8968D3DE89FCF5DF8969D3D6
:1065D000E0896AD3E1896BD3E2896CD3E389E2BDB8
:1065E000E4896DD3E589A1F6E689A5B4E7896ED380
:1065F000E8896FD3E98970D3EA8971D3EB89A2F670
:10660000EC8972D3ED8973D3EE8974D3EF89A3F645
:10661000F08975D3F18976D3F28977D3F389B2EC17
:10662000F48978D3F58979D3F6897AD3F7897BD33E
:10663000F8897CD3F9897DD3FA897ED3FB8980D30D
:10664000FC8981D3FD8982D3FE8983D3FF8984D3DA
:10665000008AD4D1018A85D3028A86D3038A87D35C
:10666000048A88D3058A89D3068A8AD3078AEAD915
:10667000088A8BD3098A8CD30A8A8DD30B8A8ED34E
:106680000C8A8FD30D8A90D30E8A91D30F8A92D31E
:10669000108A93D3118A94D3128A95D3138A96D3EE
:1066A000148A97D3158A98D3168A99D3178A9AD3BE
:1066B000188A9BD3198A9CD31A8A9DD31B8A9ED38E
:1066C0001C8A9FD31D8AA0D31E8A40D41F8A41D41E
:1066D000208A42D4218A43D4228A44D4238A45D4AE
:1066E000248A46D4258A47D4268A48D4278A49D47E
:1066F000288A4AD4298A4BD42A8A4CD42B8A4DD44E
:106700002C8A4ED42D8A4FD42E8A50D42F8A51D41D
:10671000308A52D4318A53D4328A54D4338A55D4ED
:10672000348A56D4358A57D4368A58D4378A59D4BD
:10673000388A5AD4398A5BD43A8A5CD43B8A5DD48D
:106740003C8A5ED43D8A5FD43E8AA4F63F8A60D4F8
:10675000408A61D4418A62D4428A63D4438A64D431
:10676000448A65D4458A66D4468A67D4478A68D401
:10677000488ABAEE498A69D44A8A6AD44B8A6BD469
:106780004C8A6CD44D8A6DD44E8A6ED44F8A6FD4A5
:10679000508A70D4518A71D4528A72D4538A73D475
:1067A000548A74D4558A75D4568A76D4578A77D445
:1067B000588A78D4598A79D45A8A7AD45B8A7BD415
:1067C0005C8A7CD45D8A7DD45E8A7ED45F8A80D4E4
:1067D000608A81D4618A82D4628A83D4638A84D4B1
:1067E000648A85D4658A86D4668A87D4678A88D481
:1067F000688A89D4698A8AD46A8A8BD46B8A8CD451
:106800006C8A8DD46D8A8ED46E8A8FD46F8A90D420
:10681000708A91D4718A92D4728A93D4738A94D4F0
:10682000748A95D4758A96D4768A97D4778A98D4C0
:10683000788A99D4798AB2D57A8A9AD47B8A9BD479
:106840007C8A9CD47D8A9DD47E8A9ED47F8A9FD464
:10685000808AA0D4818A40D5828A41D5838A42D554
:10686000848A43D5858A44D5868A45D5878A46D584
:10687000888A47D5898AFED38A8ADCCC8B8A48D518
:106880008C8A49D58D8A4AD58E8A4BD58F8A4CD52C
:10689000908A4DD5918A4ED5928A4FD5938AC4CA93
:1068A000948A50D5958A51D5968A52D5978A53D5D0
:1068B000988A54D5998A55D59A8A56D59B8A57D5A0
:1068C0009C8A58D59D8A59D59E8A5AD59F8A5BD570
:1068D000A08A5CD5A18A5DD5A28A5ED5A38A5FD540
:1068E000A48A60D5A58A61D5A68A62D5A78A63D510
:1068F000A88A64D5A98A65D5AA8A66D5AB8A67D5E0
:10690000AC8A68D5AD8A69D5AE8A6AD5AF8A6BD5AF
:10691000B08A6CD5B18A6DD5B28A6ED5B38A6FD57F
:10692000B48A70D5B58A71D5B68A72D5B78A73D54F
:10693000B88A74D5B98A75D5BA8A76D5BB8A77D51F
:10694000BC8A78D5BD8A79D5BE8A7AD5BF8A7BD5EF
:10695000C08A7CD5C18A7DD5C28A7ED5C38A80D5BE
:10696000C48A81D5C58A82D5C68A83D5C78A84D58B
:10697000C88A85D5C98A86D5CA8A87D5CB8A88D55B
:10698000CC8A89D5CD8A8AD5CE8A8BD5CF8A8CD52B
:10699000D08A8DD5D18A8ED5D28A8FD5D38A90D5FB
:1069A000D48A91D5D58A92D5D68A93D5D78A94D5CB
:1069B000D88A95D5D98A96D5DA8A97D5DB8A98D59B
:1069C000DC8A99D5DD8A9AD5DE8A9BD5DF8A9CD56B
:1069D000E08A9DD5E18A9ED5E28A9FD5E38AA0D53B
:1069E000E48A40D6E58A41D6E68A42D6E78A43D68B
:1069F000E88A44D6E98A45D6EA8A46D6EB8A47D65B
:106A0000EC8A48D6ED8A49D6EE8A4AD6EF8A4BD62A
:106A1000F08A4CD6F18A4DD6F28A4ED6F38A4FD6FA
:106A2000F48A50D6F58A51D6F68A52D6F78A53D6CA
:106A3000F88A54D6F98A55D6FA8A56D6FB8A57D69A
:106A4000FC8A58D6FD8A59D6FE8A5AD6FF8A5BD66A
:106A5000008B5CD6018B5DD6028B5ED6038B5FD636
:106A6000048B60D6058B61D6068B62D6078BC0E59A
:106A7000088B63D6098B64D60A8B65D60B8B66D6DA
:106A80000C8B67D60D8B68D60E8B69D60F8B6AD6AA
:106A9000108B6BD6118B6CD6128B6DD6138B6ED67A
:106AA000148B6FD6158B70D6168B71D6178B72D64A
:106AB000188B73D6198B74D61A8B75D61B8B76D61A
:106AC0001C8B77D61D8B78D61E8B79D61F8B7AD6EA
:106AD000208B7BD6218B7CD6228B7DD6238B7ED6BA
:106AE000248B80D6258B81D6268BA5F6278B82D644
:106AF000288B83D6298B84D62A8B85D62B8B86D65A
:106B00002C8B87D62D8B88D62E8B89D62F8B8AD629
:106B1000308B8BD6318B8CD6328B8DD6338B8ED6F9
:106B2000348B8FD6358B90D6368B91D6378B92D6C9
:106B3000388B93D6398B94D63A8B95D63B8B96D699
:106B40003C8B97D63D8B98D63E8B99D63F8B9AD669
:106B5000408B9BD6418B9CD6428B9DD6438B9ED639
:106B6000448B9FD6458BA0D6468B40D7478B41D7C9
:106B7000488B42D7498B43D74A8B44D74B8B45D759
:106B80004C8B46D74D8B47D74E8B48D74F8B49D729
:106B9000508B4AD7518B4BD7528B4CD7538B4DD7F9
:106BA000548B4ED7558B4FD7568B50D7578B51D7C9
:106BB000588B52D7598B53D75A8B54D75B8B55D799
:106BC0005C8B56D75D8B57D75E8B58D75F8B59D769
:106BD000608B5AD7618B5BD7628B5CD7638B5DD739
:106BE000648B5ED7658B5FD7668BAFBE678B60D7D4
:106BF000688B61D7698B62D76A8B63D76B8B64D7DD
:106C00006C8BA9C66D8B65D76E8B66D76F8B67D77C
:106C1000708B68D7718B69D7728B6AD7738B6BD780
:106C2000748B6CD7758B6DD7768B6ED7778B6FD750
:106C3000788B70D7798B71D77A8B72D77B8B73D720
:106C40007C8B74D77D8B75D77E8B76D77F8B77D7F0
:106C5000808B78D7818B79D7828B7AD7838B7BD7C0
:106C6000848B7CD7858B7DD7868B7ED7878B80D78F
:106C7000888B81D7898B82D78A8B83D78B8B84D75C
:106C80008C8B85D78D8B86D78E8B87D78F8B88D72C
:106C9000908B89D7918B8AD7928B8BD7938B8CD7FC
:106CA000948B8DD7958B8ED7968B8FD7978B90D7CC
:106CB000988B91D7998B92D79A8B93D79B8B94D79C
:106CC0009C8B95D79D8B96D79E8B97D79F8B98D76C
:106CD000A08BA5DAA18BC6BCA28BA9B6A38BBCB82E
:106CE000A48BCFC8A58BA5BCA68BA6DAA78BA7DAE9
:106CF000A88BD6CCA98BC3C8AA8BA8DAAB8BFDC650
:106D0000AC8B99D7AD8BB5D1AE8BE9D2AF8BB6D169
:106D1000B08BC7BCB18B9AD7B28BB2BDB38BE4BB7F
:106D2000B48BA9DAB58BAADAB68BC8D1B78BABDA3C
:106D3000B88BEDD0B98BEFB6BA8BDBC2BB8B9BD7D0
:106D4000BC8BCFCBBD8BEDB7BE8BE8C9BF8BC3B7B8
:106D5000C08BF7BEC18BA4D6C28BACDAC38BADDAC5
:106D6000C48BC0C6C58BE7D7C68BB6CAC78B9CD7AA
:106D7000C88BA9D5C98BDFCBCA8BEFD5CB8BAEDA4D
:106D8000CC8BDFD6CD8BCAB4CE8BB0DACF8BAFDA5B
:106D9000D08B9DD7D18BEBD2D28BB1DAD38BB2DA39
:106DA000D48BB3DAD58BD4CAD68BB4DAD78BABCA33
:106DB000D88BB5DAD98BB6DADA8BCFB3DB8BEFD6DB
:106DC000DC8BB7DADD8BB0BBDE8BAEB5DF8BB8DA30
:106DD000E08BB9DAE18BEEB9E28BAFD1E38BE8D28D
:106DE000E48BBADAE58BC3B8E68BEACFE78BEFB278
:106DF000E88BBBDAE98BBCDAEA8B9ED7EB8BEBBD79
:106E0000EC8BDCCEED8BEFD3EE8BBDDAEF8BF3CEDC
:106E1000F08BBEDAF18BD5D3F28BE5BBF38BBFDA07
:106E2000F48BB5CBF58BD0CBF68BC0DAF78BEBC7F9
:106E3000F88BEED6F98BC1DAFA8BB5C5FB8BC1B6F0
:106E4000FC8BC2DAFD8BCCB7FE8BCEBFFF8BC3DAD7
:106E5000008CC4DA018CADCB028CC5DA038CF7B59B
:106E6000048CC6DA058CC2C1068CBBD7078CC7DA86
:106E7000088CB8CC098C9FD70A8CEAD20B8CB1C491
:106E80000C8CC8DA0D8CFDB50E8CD1BB0F8CC9DA19
:106E9000108CB3D0118CCADA128CCBDA138CBDCE25
:106EA000148CCCDA158CCDDA168CCEDA178CF7B2BE
:106EB000188CD1DA198CCFDA1A8CE8D11B8CD0DA85
:106EC0001C8CD5C31D8CD2DA1E8CA0D71F8CD3DAB4
:106ED000208CD4DA218CD5DA228CBBD0238CA5D29D
:106EE000248CF9B0258CD6DA268CABC7278CD7DA60
:106EF000288CF7BD298CA1C32A8CD8DA2B8CD9DA3F
:106F00002C8CFDC32D8CB7CC2E8CDADA2F8CDBDAEF
:106F1000308CBEC0318CD7C6328CDCDA338CDDDAF3
:106F2000348CB4C7358CDEDA368CDFDA378CC8B9EE
:106F3000388C40D8398C41D83A8C42D83B8C43D8D5
:106F40003C8C44D83D8C45D83E8C46D83F8C47D8A5
:106F5000408C48D8418CEDBB428C49D8438C4AD8F0
:106F6000448C4BD8458C4CD8468CB9B6478CF8F439
:106F7000488C4DD8498CF9F44A8C4ED84B8C4FD85C
:106F80004C8CE3CD4D8C50D84E8C51D84F8C52D870
:106F9000508C53D8518C54D8528C55D8538C56D8C9
:106FA000548C57D8558CB9F5568C58D8578C59D81D
:106FB000588C5AD8598C5BD85A8CE0EB5B8C5CD8D7
:106FC0005C8C5DD85D8C5ED85E8C5FD85F8C60D841
:106FD000608C61D8618CF3CF628CBFBB638C62D84C
:106FE000648C63D8658C64D8668C65D8678C66D8E9
:106FF000688C67D8698C68D86A8CC0BA6B8CA5D449
:107000006C8C69D86D8C6AD86E8C6BD86F8C6CD890
:10701000708C6DD8718C6ED8728C6FD8738CD9E1EE
:10702000748C70D8758C71D8768C72D8778C73D834
:10703000788CF4F5798CAAB17A8CF2B27B8C74D806
:107040007C8C75D87D8C76D87E8C77D87F8C78D8E0
:10705000808C79D8818C7AD8828CF5F5838C7BD81A
:10706000848C7CD8858CF7F5868C7DD8878C7ED8EF
:10707000888C80D8898CD1BA8A8CF6F58B8C81D893
:107080008C8CB2C38D8C82D88E8C83D88F8C84D814
:10709000908C85D8918C86D8928C87D8938C88D800
:1070A000948CF9F5958C89D8968C8AD8978C8BD846
:1070B000988CF8F5998C8CD89A8C8DD89B8C8ED81E
:1070C0009C8C8FD89D8C90D89E8C91D89F8C92D878
:1070D000A08C93D8A18C94D8A28C95D8A38C96D848
:1070E000A48C97D8A58C98D8A68C99D8A78C9AD818
:1070F000A88C9BD8A98C9CD8AA8C9DD8AB8C9ED8E8
:10710000AC8C9FD8AD8CA0D8AE8C40D9AF8C41D977
:10711000B08C42D9B18C43D9B28C44D9B38C45D907
:10712000B48C46D9B58C47D9B68C48D9B78C49D9D7
:10713000B88C4AD9B98C4BD9BA8C4CD9BB8C4DD9A7
:10714000BC8C4ED9BD8C4FD9BE8C50D9BF8C51D977
:10715000C08C52D9C18C53D9C28C54D9C38C55D947
:10716000C48C56D9C58C57D9C68C58D9C78C59D917
:10717000C88C5AD9C98C5BD9CA8C5CD9CB8C5DD9E7
:10718000CC8C5ED9CD8C5FD9CE8C60D9CF8C61D9B7
:10719000D08C62D9D18C63D9D28C64D9D38C65D987
:1071A000D48C66D9D58C67D9D68C68D9D78C69D957
:1071B000D88C6AD9D98C6BD9DA8C6CD9DB8C6DD927
:1071C000DC8C6ED9DD8C6FD9DE8C70D9DF8C71D9F7
:1071D000E08C72D9E18C73D9E28C74D9E38C75D9C7
:1071E000E48C76D9E58C77D9E68C78D9E78C79D997
:1071F000E88C7AD9E98C7BD9EA8C7CD9EB8C7DD967
:10720000EC8C7ED9ED8C80D9EE8C81D9EF8C82D933
:10721000F08C83D9F18C84D9F28C85D9F38C86D902
:10722000F48C87D9F58C88D9F68C89D9F78C8AD9D2
:10723000F88C8BD9F98C8CD9FA8C8DD9FB8C8ED9A2
:10724000FC8C8FD9FD8C90D9FE8C91D9FF8C92D972
:10725000008D93D9018D94D9028D95D9038D96D93E
:10726000048D97D9058D98D9068D99D9078D9AD90E
:10727000088D9BD9098D9CD90A8D9DD90B8D9ED9DE
:107280000C8D9FD90D8DA0D90E8D40DA0F8D41DA6E
:10729000108D42DA118D43DA128D44DA138D45DAFE
:1072A000148D46DA158D47DA168D48DA178D49DACE
:1072B000188D4ADA198D4BDA1A8D4CDA1B8D4DDA9E
:1072C0001C8D4EDA1D8DB4B11E8DEAD51F8DBAB856
:1072D000208D4FDA218DB1B9228DC6B2238DF0D425
:1072E000248DCDCF258DDCB0268DCBD5278DF5BB5C
:1072F000288DCAD6298DB7B72A8DB0CC2B8DB6C6AE
:107300002C8DE1B12D8DBAB92E8DFCD62F8DE1B922
:10731000308DA1B7318DFABC328DDAEA338DDBEADC
:10732000348DF9CC358DF3B9368DDCEA378DFBB46D
:10733000388DB3C3398DD1B73A8DD8BA3B8DDDEADC
:107340003C8DF4D43D8DDEEA3E8DD6BC3F8DDFBB57
:10735000408DDFEA418DDEC1428DB8C2438DDFD45E
:10736000448DCAD7458DE0EA468DE1EA478DE4EACF
:10737000488DE2EA498DE3EA4A8DDEC94B8DB3B808
:107380004C8DC4B64D8DE5EA4E8DEACA4F8DCDC900
:10739000508DCDB4518D50DA528D51DA538DD9E2E2
:1073A000548DE2C5558DE6EA568DB5C0578D52DA3B
:1073B000588DB8D7598DE7EA5A8DACD75B8DFCC88C
:1073C0005C8DD3D85D8DCDD85E8DDED45F8D53DAE4
:1073D000608DF9D4618DC4C9628DAED3638DD3B88D
:1073E000648DE0B3658D54DA668DE2C9678DF6F47D
:1073F000688D55DA698D56DA6A8D57DA6B8DD5BA94
:107400006C8D58DA6D8DF7F46E8D59DA6F8D5ADA0E
:10741000708DDFD7718D5BDA728D5CDA738DF1F46C
:10742000748DB0B8758DD4D5768DCFB8778DF0C604
:10743000788D5DDA798D5EDA7A8D5FDA7B8D60DA50
:107440007C8D61DA7D8D62DA7E8D63DA7F8D64DA20
:10745000808D65DA818DC3B3828D66DA838D67DABC
:10746000848DF2F4858DACB3868D68DA878D69DA08
:10747000888D6ADA898D6BDA8A8DBDD48B8DF7C7DA
:107480008C8D6CDA8D8D6DDA8E8D6EDA8F8D6FDA74
:10749000908D70DA918DF4F4928D71DA938D72DAA9
:1074A000948DF3F4958D73DA968D74DA978D75DA81
:1074B000988D76DA998D77DA9A8D78DA9B8D79DAEC
:1074C0009C8D7ADA9D8D7BDA9E8D7CDA9F8DCBCC7C
:1074D000A08D7DDAA18D7EDAA28D80DAA38DA4C87D
:1074E000A48D81DAA58D82DAA68D83DAA78D84DA60
:1074F000A88D85DAA98D86DAAA8D87DAAB8D88DA30
:10750000AC8D89DAAD8D8ADAAE8D8BDAAF8D8CDAFF
:10751000B08D8DDAB18DF5F4B28D8EDAB38DE3D7FF
:10752000B48DBFC5B58DC0F5B68D8FDAB78D90DA45
:10753000B88DBBF5B98D91DABA8DC3F5BB8D92DAF2
:10754000BC8DC2F5BD8D93DABE8DBAD6BF8DC1F5A7
:10755000C08D94DAC18D95DAC28D96DAC38DBED412
:10756000C48DC4F5C58D97DAC68DCCF5C78D98DA74
:10757000C88D99DAC98D9ADACA8D9BDACB8DCFB0D6
:10758000CC8DF8B5CD8D9CDACE8DC9F5CF8DCAF5F1
:10759000D08D9DDAD18DDCC5D28D9EDAD38D9FDA68
:1075A000D48DA0DAD58D40DBD68DC5F5D78DC6F547
:1075B000D88D41DBD98D42DBDA8DC7F5DB8DCBF57C
:1075C000DC8D43DBDD8DE0BEDE8DC8F5DF8DFAB8E6
:1075D000E08D44DBE18D45DBE28D46DBE38DD0F5CC
:1075E000E48DD3F5E58D47DBE68D48DBE78D49DBA0
:1075F000E88DE7BFE98D4ADBEA8DF2B9EB8DBCF58A
:10760000EC8DCDF5ED8D4BDBEE8D4CDBEF8DB7C208
:10761000F08D4DDBF18D4EDBF28D4FDBF38DF8CC31
:10762000F48D50DBF58DF9BCF68D51DBF78DCEF581
:10763000F88DCFF5F98DD1F5FA8DE5B6FB8DD2F544
:10764000FC8D52DBFD8DD5F5FE8D53DBFF8D54DBBC
:10765000008E55DB018E56DB028E57DB038E58DB26
:10766000048E59DB058EBDF5068E5ADB078E5BDB7B
:10767000088E5CDB098ED4F50A8EBBD30B8E5DDBE6
:107680000C8EECB30D8E5EDB0E8E5FDB0F8EA4CC0A
:10769000108E60DB118E61DB128E62DB138E63DB7A
:1076A000148ED6F5158E64DB168E65DB178E66DBC1
:1076B000188E67DB198E68DB1A8E69DB1B8E6ADB1E
:1076C0001C8E6BDB1D8ED7F51E8EE1BE1F8ED8F58E
:1076D000208E6CDB218E6DDB228EDFCC238EDBF5E2
:1076E000248E6EDB258E6FDB268E70DB278E71DBA2
:1076F000288E72DB298EC8B22A8ED9D72B8E73DBE7
:107700002C8ED9F52D8E74DB2E8EDAF52F8EDCF5CE
:10771000308E75DB318EE2F5328E76DB338E77DBA1
:10772000348E78DB358EE0F5368E79DB378E7ADB7A
:10773000388E7BDB398EDFF53A8EDDF53B8E7CDBD8
:107740003C8E7DDB3D8EE1F53E8E7EDB3F8E80DB29
:10775000408EDEF5418EE4F5428EE5F5438E81DB09
:10776000448EE3CC458E82DB468E83DB478EBFE5BD
:10777000488EB8B5498EE3F54A8EE8F54B8EA3CC1A
:107780004C8E84DB4D8E85DB4E8E86DB4F8E87DB09
:10779000508E88DB518EE6F5528EE7F5538E89DBED
:1077A000548E8ADB558E8BDB568E8CDB578E8DDBB1
:1077B000588E8EDB598EBEF55A8E8FDB5B8E90DB3A
:1077C0005C8E91DB5D8E92DB5E8E93DB5F8E94DB55
:1077D000608E95DB618E96DB628E97DB638E98DB25
:1077E000648E99DB658E9ADB668EC4B1678E9BDBF7
:1077F000688E9CDB698EBFF56A8E9DDB6B8E9EDB8F
:107800006C8EC5B56D8EE4B26E8E9FDB6F8EECF51F
:10781000708EE9F5718EA0DB728ED7B6738E40DC68
:10782000748EEDF5758E41DC768EEAF5778E42DC4E
:10783000788E43DC798E44DC7A8E45DC7B8E46DCA8
:107840007C8EEBF57D8E47DC7E8E48DC7F8EDAB455
:10785000808E49DC818EEAD4828E4ADC838E4BDCBA
:10786000848E4CDC858EEEF5868E4DDC878EF9B3EA
:10787000888E4EDC898E4FDC8A8E50DC8B8E51DCFC
:107880008C8E52DC8D8E53DC8E8E54DC8F8EEFF519
:10789000908EF1F5918E55DC928E56DC938E57DCEE
:1078A000948EF0F5958E58DC968E59DC978E5ADCC6
:1078B000988E5BDC998E5CDC9A8E5DDC9B8E5EDC48
:1078C0009C8EF2F59D8E5FDC9E8EF3F59F8E60DCC4
:1078D000A08E61DCA18E62DCA28E63DCA38E64DCF0
:1078E000A48E65DCA58E66DCA68E67DCA78E68DCC0
:1078F000A88E69DCA98E6ADCAA8E6BDCAB8EEDC922
:10790000AC8EAAB9AD8E6CDCAE8E6DDCAF8EFBC7D3
:10791000B08E6EDCB18E6FDCB28EE3B6B38E70DCEF
:10792000B48E71DCB58E72DCB68E73DCB78E74DC0F
:10793000B88E75DCB98E76DCBA8EC9CCBB8E77DC9E
:10794000BC8E78DCBD8E79DCBE8E7ADCBF8E7BDCB3
:10795000C08E7CDCC18E7DDCC28E7EDCC38E80DC82
:10796000C48E81DCC58E82DCC68E83DCC78E84DC4F
:10797000C88E85DCC98E86DCCA8E87DCCB8E88DC1F
:10798000CC8E89DCCD8E8ADCCE8EA6EACF8E8BDCC7
:10799000D08E8CDCD18E8DDCD28E8EDCD38E8FDCC3
:1079A000D48E90DCD58E91DCD68E92DCD78E93DC93
:1079B000D88E94DCD98E95DCDA8E96DCDB8E97DC63
:1079C000DC8E98DCDD8E99DCDE8E9ADCDF8E9BDC33
:1079D000E08E9CDCE18E9DDCE28E9EDCE38E9FDC03
:1079E000E48EA0DCE58E40DDE68E41DDE78E42DDF3
:1079F000E88E43DDE98E44DDEA8E45DDEB8E46DD23
:107A0000EC8E47DDED8E48DDEE8E49DDEF8E4ADDF2
:107A1000F08E4BDDF18E4CDDF28E4DDDF38E4EDDC2
:107A2000F48E4FDDF58E50DDF68E51DDF78E52DD92
:107A3000F88E53DDF98E54DDFA8E55DDFB8E56DD62
:107A4000FC8E57DDFD8E58DDFE8E59DDFF8E5ADD32
:107A5000008F5BDD018F5CDD028F5DDD038F5EDDFE
:107A6000048F5FDD058F60DD068F61DD078F62DDCE
:107A7000088F63DD098F64DD0A8F65DD0B8F66DD9E
:107A80000C8F67DD0D8F68DD0E8F69DD0F8F6ADD6E
:107A9000108F6BDD118F6CDD128F6DDD138F6EDD3E
:107AA000148F6FDD158F70DD168F71DD178F72DD0E
:107AB000188F73DD198F74DD1A8F75DD1B8F76DDDE
:107AC0001C8F77DD1D8F78DD1E8F79DD1F8F7ADDAE
:107AD000208F7BDD218F7CDD228F7DDD238F7EDD7E
:107AE000248F80DD258F81DD268F82DD278F83DD4A
:107AF000288F84DD298F85DD2A8F86DD2B8F87DD1A
:107B00002C8F88DD2D8F89DD2E8F8ADD2F8F8BDDE9
:107B1000308F8CDD318F8DDD328F8EDD338F8FDDB9
:107B2000348F90DD358F91DD368F92DD378F93DD89
:107B3000388F94DD398F95DD3A8F96DD3B8F97DD59
:107B40003C8F98DD3D8F99DD3E8F9ADD3F8F9BDD29
:107B5000408F9CDD418F9DDD428F9EDD438F9FDDF9
:107B6000448FA0DD458F40DE468F41DE478F42DEE9
:107B7000488F43DE498F44DE4A8F45DE4B8F46DE19
:107B80004C8F47DE4D8F48DE4E8F49DE4F8F4ADEE9
:107B9000508F4BDE518F4CDE528F4DDE538F4EDEB9
:107BA000548F4FDE558F50DE568F51DE578F52DE89
:107BB000588F53DE598F54DE5A8F55DE5B8F56DE59
:107BC0005C8F57DE5D8F58DE5E8F59DE5F8F5ADE29
:107BD000608F5BDE618F5CDE628F5DDE638F5EDEF9
:107BE000648F5FDE658F60DE668FB5B3678FFED40E
:107BF000688FECB9698FF9D06A8F61DE6B8FEDE920
:107C00006C8FAAD76D8FEEE96E8FD6C26F8FEDC8DD
:107C1000708FE4BA718FEFE9728FF0E9738FF1E939
:107C2000748FE1D6758FF2E9768FF3E9778FF5E9F6
:107C3000788FF4E9798FF6E97A8FF7E97B8FE1C7DE
:107C40007C8FF8E97D8FD8D47E8FF9E97F8FCEBD08
:107C5000808F62DE818FFAE9828FFBE9838FCFBD4F
:107C6000848FFCE9858FA8B8868FBEC1878FFDE918
:107C7000888FB2B1898FD4BB8A8FF5B98B8FFEE91B
:107C80008C8F63DE8D8FA1EA8E8FA2EA8F8FA3EA9D
:107C9000908FF8B7918FADBC928F64DE938FE4CA5A
:107CA000948FCEE0958FAFD4968FBDCF978FB7D5F9
:107CB000988FA4EA998FDED59A8FA5EA9B8FC1D0C1
:107CC0009C8FBCB99D8F65DE9E8FC7B49F8FD9B145
:107CD000A08F66DEA18F67DEA28F68DEA38FB1C0A2
:107CE000A48F69DEA58F6ADEA68F6BDEA78F6CDEA0
:107CF000A88FE6B1A98FE7B1AA8F6DDEAB8FE8B18F
:107D0000AC8F6EDEAD8F6FDEAE8F70DEAF8F71DE4B
:107D1000B08FBDB3B18FE8C8B28F72DEB38F73DEA0
:107D2000B48F74DEB58F75DEB68FC1E5B78F76DEA2
:107D3000B88F77DEB98FDFB1BA8F78DEBB8F79DE8F
:107D4000BC8F7ADEBD8FC9C1BE8FEFB4BF8F7BDE23
:107D5000C08F7CDEC18FA8C7C28FD8D3C38F7DDE12
:107D6000C48FF9C6C58FB8D1C68F7EDEC78FFDB967
:107D7000C88FF5C2C98F80DECA8F81DECB8F82DECD
:107D8000CC8F83DECD8F84DECE8FADD3CF8F85DEDB
:107D9000D08FCBD4D18FFCBDD28F86DED38FC2E5FE
:107DA000D48FB5B7D58FC3E5D68F87DED78F88DE62
:107DB000D88FB9BBD98FE2D5DA8F89DEDB8FF8BDDA
:107DC000DC8FB6D4DD8FA5CEDE8FACC1DF8FD9B30B
:107DD000E08F8ADEE18F8BDEE28FF6CCE38F8CDEE4
:107DE000E48FC6E5E58FC4E5E68FC8E5E78F8DDE55
:107DF000E88FCAE5E98FC7E5EA8FCFB5EB8FC8C634
:107E0000EC8F8EDEED8FFCB5EE8FC5E5EF8F8FDE4C
:107E1000F08FF6CAF18F90DEF28F91DEF38FC9E515
:107E2000F48F92DEF58F93DEF68F94DEF78FD4C356
:107E3000F88FC5B1F98FA3BCFA8F95DEFB8F96DE64
:107E4000FC8F97DEFD8FB7D7FE8F98DEFF8F99DE10
:107E50000090CBCD0190CDCB0290CACA0390D3CC79
:107E60000490CCE50590CBE50690E6C407909ADE39
:107E700008909BDE0990A1D10A90B7D10B90CDE577
:107E80000C909CDE0D90D0E50E909DDE0F90B8CD4D
:107E90001090F0D61190CFE51290DDB513909EDED4
:107EA0001490BECD15909FDE1690D1E51790BAB60E
:107EB0001890A0DE199040DF1A90A8CD1B90E4B96D
:107EC0001C9041DF1D90C5CA1E90D1B31F90D9CB25
:107ED0002090ECD42190D2E52290EAB7239042DFA3
:107EE000249043DF259044DF2690CEE5279045DFA0
:107EF000289046DF299047DF2A9048DF2B9049DF02
:107F00002C904ADF2D90D5E52E90FEB42F90D6E52B
:107F100030904BDF31904CDF32904DDF33904EDFAD
:107F200034904FDF3590D3E53690D4E5379050DF6D
:107F30003890DDD2399051DF3A9052DF3B90DFC26A
:107F40003C90C6B13D9053DF3E90E2D33F9054DF6A
:107F5000409055DF4190DDB64290ECCB439056DF28
:107F60004490D7E5459057DF469058DF4790F6D3C9
:107F7000489059DF49905ADF4A905BDF4B905CDFB5
:107F80004C905DDF4D90E9B14E905EDF4F90F4B6BE
:107F90005090DAE55190D8E55290D9E55390C0B5AC
:107FA00054905FDF559060DF569061DF5790C5D2E7
:107FB0005890DCE5599062DF5A9063DF5B90DEE514
:107FC0005C9064DF5D9065DF5E9066DF5F9067DFE9
:107FD000609068DF619069DF6290DDE56390B2C711
:107FE00064906ADF6590A3D266906BDF67906CDF68
:107FF0006890DBE569906DDF6A906EDF6B906FDFF4
:108000006C9070DF6D90E2D46E90DAD56F9071DF76
:10801000709072DF719073DF729074DF739075DF10
:108020007490E0E57590F1D7769076DF779077DF02
:10803000789078DF799079DF7A907ADF7B907BDFB8
:108040007C907CDF7D90E1E57E907DDF7F90DCB1F0
:108050008090FBD181907EDF8290E2E58390E4E521
:10806000849080DF859081DF869082DF879083DF38
:108070008890E3E5899084DF8A9085DF8B90E5E541
:108080008C9086DF8D9087DF8E9088DF8F9089DFE0
:1080900090908ADF9190D8D292908BDF9390CBB55D
:1080A00094908CDF9590DFE796908DDF9790F5DACE
:1080B00098908EDF9990F8DA9A908FDF9B90F6DA9D
:1080C0009C9090DF9D90F7DA9E9091DF9F9092DFD9
:1080D000A09093DFA190FADAA290CFD0A390C7C46A
:1080E000A49094DFA59095DFA690EEB0A79096DFC0
:1080F000A89097DFA99098DFAA90B0D0AB9099DFB5
:10810000AC90F9DAAD909ADFAE90CAD3AF90AABA2C
:10811000B090A2DBB190F1C7B2909BDFB390FCDAD4
:10812000B490FBDAB590DBC9B690FDDAB7909CDF6E
:10813000B890A1DBB990DED7BA90FEDABB90DAC175
:10814000BC909DDFBD909EDFBE90A5DBBF909FDF02
:10815000C090A0DFC190F4D3C29040E0C39041E052
:10816000C490A7DBC590A4DBC69042E0C790A8DB13
:10817000C89043E0C99044E0CA90BCBDCB9045E0B4
:10818000CC9046E0CD9047E0CE90C9C0CF90A3DB25
:10819000D090A6DBD190A3D6D29048E0D390A9DBB3
:1081A000D49049E0D5904AE0D6904BE0D790ADDB33
:1081B000D8904CE0D9904DE0DA904EE0DB90AEDB09
:1081C000DC90ACDBDD90C2BADE904FE0DF9050E097
:1081D000E09051E0E190A4BFE290ABDBE39052E08D
:1081E000E49053E0E59054E0E690AADBE790C7D432
:1081F000E890BFB2E99055E0EA9056E0EB90AFDB33
:10820000EC9057E0ED90F9B9EE9058E0EF90B0DBCC
:10821000F09059E0F1905AE0F2905BE0F3905CE06E
:10822000F490BBB3F5905DE0F6905EE0F7905FE010
:10823000F890A6B5F99060E0FA9061E0FB9062E0FA
:10824000FC9063E0FD90BCB6FE90B1DBFF9064E073
:10825000009165E0019166E00291F5B6039167E057
:108260000491B2DB059168E0069169E007916AE04C
:1082700008916BE009916CE00A916DE00B916EE062
:108280000C916FE00D9170E00E9171E00F9172E032
:10829000109173E0119174E0129175E0139176E002
:1082A000149177E0159178E0169179E017917AE0D2
:1082B00018917BE01991C9B11A917CE01B917DE086
:1082C0001C917EE01D9180E01E91B4DB1F9181E046
:1082D000209182E0219183E02291B3DB2391B5DBF1
:1082E000249184E0259185E0269186E0279187E01E
:1082F000289188E0299189E02A918AE02B918BE0EE
:108300002C918CE02D918DE02E918EE02F91B7DB9A
:1083100030918FE03191B6DB329190E0339191E072
:10832000349192E0359193E0369194E0379195E065
:10833000389196E03991B8DB3A9197E03B9198E01B
:108340003C9199E03D919AE03E919BE03F919CE009
:1083500040919DE041919EE042919FE04391B9DBC5
:108360004491A0E0459140E14691BADB479141E15B
:10837000489142E14991CFD34A91FAF44B91F5C724
:108380004C91C3D74D91E4C54E91FCF44F91FDF44F
:108390005091FBF4519143E15291C6BE539144E197
:1083A000549145E1559146E1569147E15791EFD0FF
:1083B000589148E1599149E15A91D3B75B914AE10B
:1083C0005C914BE15D91CDD45E91AACC5F914CE183
:1083D00060914DE16191A2F56291A1F56391A8BA16
:1083E0006491FEF46591D6CB66914EE167914FE1C1
:1083F000689150E16991A4F56A91D2C06B9151E105
:108400006C91EAB36D9152E16E91AACD6F91A5F591
:108410007091A3F57191B4BD7291A8F5739153E178
:108420007491A9F57591CDBD7691B8C37791E1BFEF
:108430007891E1CB7991AAF57A9154E17B9155E15C
:108440007C9156E17D91A6F57E91A7F57F91F0C4D0
:10845000809157E1819158E1829159E183915AE1EC
:1084600084915BE18591ACF586915CE18791BCB428
:1084700088915DE18991EDD78A915EE18B91D7B4C6
:108480008C91ABF58D91AEF58E915FE18F9160E1AE
:108490009091ADF59191AFF59291D1D0939161E129
:1084A000949162E1959163E1969164E1979165E120
:1084B000989166E1999167E19A91D1C39B91A9C87E
:1084C0009C9168E19D9169E19E916AE19F916BE1C8
:1084D000A0916CE1A1916DE1A291B0F5A391B1F5EC
:1084E000A4916EE1A5916FE1A69170E1A79171E170
:1084F000A89172E1A99173E1AA91B2F5AB9174E1EF
:10850000AC9175E1AD91B3F5AE91B4F5AF91B5F520
:10851000B09176E1B19177E1B29178E1B39179E1EF
:10852000B491B7F5B591B6F5B6917AE1B7917BE123
:10853000B8917CE1B9917DE1BA91B8F5BB917EE14A
:10854000BC9180E1BD9181E1BE9182E1BF9183E167
:10855000C09184E1C19185E1C29186E1C39187E137
:10856000C49188E1C59189E1C6918AE1C791C9B2F8
:10857000C8918BE1C991D4D3CA91CDCACB918CE17A
:10858000CC91EFC0CD91D8D6CE91B0D2CF91BFC112
:10859000D0918DE1D191F0BDD2918EE1D3918FE157
:1085A000D49190E1D59191E1D69192E1D79193E167
:1085B000D89194E1D99195E1DA9196E1DB9197E137
:1085C000DC91AAB8DD9198E1DE9199E1DF919AE121
:1085D000E0919BE1E1919CE1E2919DE1E3919EE1DB
:1085E000E4919FE1E591A0E1E69140E2E79141E26B
:1085F000E89142E2E99143E2EA9144E2EB9145E2FB
:10860000EC9146E2ED9147E2EE9148E2EF9149E2CA
:10861000F0914AE2F1914BE2F2914CE2F3914DE29A
:10862000F4914EE2F5914FE2F69150E2F79151E26A
:10863000F89152E2F99153E2FA9154E2FB9155E23A
:10864000FC9156E2FD9157E2FE9158E2FF9159E20A
:1086500000925AE201925BE202925CE203925DE2D6
:1086600004925EE205925FE2069260E2079261E2A6
:10867000089262E2099263E20A9264E20B9265E276
:108680000C9266E20D9267E20E9268E20F9269E246
:1086900010926AE211926BE212926CE213926DE216
:1086A00014926EE215926FE2169270E2179271E2E6
:1086B000189272E2199273E21A9274E21B9275E2B6
:1086C0001C9276E21D9277E21E9278E21F9279E286
:1086D00020927AE221927BE222927CE223927DE256
:1086E00024927EE2259280E2269281E2279282E223
:1086F000289283E2299284E22A9285E22B9286E2F2
:108700002C9287E22D9288E22E9289E22F928AE2C1
:1087100030928BE231928CE232928DE233928EE291
:1087200034928FE2359290E2369291E2379292E261
:10873000389293E2399294E23A9295E23B9296E231
:108740003C9297E23D9298E23E9299E23F929AE201
:1087500040929BE241929CE242929DE243929EE2D1
:1087600044929FE24592A0E2469240E3479241E361
:10877000489242E3499243E34A9244E34B9245E3F1
:108780004C9246E34D9247E34E9248E34F9249E3C1
:1087900050924AE351924BE352924CE353924DE391
:1087A00054924EE355924FE3569250E3579251E361
:1087B000589252E3599253E35A9254E35B9255E331
:1087C0005C9256E35D9257E35E9258E35F9259E301
:1087D00060925AE361925BE362925CE363925DE3D1
:1087E00064925EE365925FE3669260E3679261E3A1
:1087F000689262E3699263E36A9264E36B9265E371
:108800006C9266E36D9267E36E9268E36F9269E340
:1088100070926AE371926BE372926CE373926DE310
:108820007492F8BC75926EE376926FE3779270E380
:10883000789271E3799272E37A9273E37B9274E3B4
:108840007C9275E37D9276E37E9277E37F9278E384
:10885000809279E381927AE382927BE383927CE354
:1088600084927DE385927EE3869280E3879281E322
:10887000889282E3899283E38A9284E38B9285E3F0
:108880008C9286E38D9287E38E92C6F68F9288E370
:10889000909289E391928AE392928BE393928CE394
:1088A00094928DE395928EE396928FE3979290E364
:1088B000989291E3999292E39A9293E39B9294E334
:1088C0009C9295E39D9296E39E9297E39F9298E304
:1088D000A09299E3A1929AE3A2929BE3A3929CE3D4
:1088E000A4929DE3A5929EE3A6929FE3A792A0E3A4
:1088F000A89240E4A99241E4AA9242E4AB9243E4F4
:10890000AC9244E4AD9245E4AE92C7F6AF9246E431
:10891000B09247E4B19248E4B29249E4B3924AE497
:10892000B4924BE4B5924CE4B6924DE4B7924EE467
:10893000B8924FE4B99250E4BA9251E4BB9252E437
:10894000BC9253E4BD9254E4BE9255E4BF9256E407
:10895000C09257E4C19258E4C29259E4C3925AE4D7
:10896000C4925BE4C5925CE4C6925DE4C7925EE4A7
:10897000C892C8F6C9925FE4CA9260E4CB9261E4FF
:10898000CC9262E4CD9263E4CE9264E4CF9265E44B
:10899000D09266E4D19267E4D29268E4D39269E41B
:1089A000D4926AE4D5926BE4D6926CE4D7926DE4EB
:1089B000D8926EE4D9926FE4DA9270E4DB9271E4BB
:1089C000DC9272E4DD9273E4DE9274E4DF9275E48B
:1089D000E09276E4E19277E4E29278E4E39279E45B
:1089E000E4927AE4E5927BE4E6927CE4E7927DE42B
:1089F000E8927EE4E99280E4EA9281E4EB9282E4F8
:108A0000EC9283E4ED9284E4EE9285E4EF9286E4C6
:108A1000F09287E4F19288E4F29289E4F3928AE496
:108A2000F4928BE4F5928CE4F6928DE4F7928EE466
:108A3000F8928FE4F99290E4FA9291E4FB9292E436
:108A4000FC9293E4FD9294E4FE9295E4FF9296E406
:108A5000009397E4019398E4029399E403939AE4D2
:108A600004939BE405939CE406939DE407939EE4A2
:108A700008939FE40993A0E40A9340E50B9341E532
:108A80000C9342E50D9343E50E9344E50F9345E5C2
:108A9000109346E5119347E5129348E5139349E592
:108AA00014934AE515934BE516934CE517934DE562
:108AB00018934EE519934FE51A9350E51B9351E532
:108AC0001C9352E51D9353E51E9354E51F9355E502
:108AD000209356E5219357E5229358E5239359E5D2
:108AE00024935AE525935BE526935CE527935DE5A2
:108AF00028935EE529935FE52A9360E52B9361E572
:108B00002C9362E52D9363E52E9364E52F9365E541
:108B1000309366E5319367E5329368E5339369E511
:108B200034936AE535936BE536936CE537936DE5E1
:108B300038936EE539936FE53A9370E53B9371E5B1
:108B40003C9372E53D9373E53E93C9F63F9374E51C
:108B5000409375E5419376E5429377E5439378E555
:108B6000449379E545937AE546937BE547937CE525
:108B700048937DE549937EE54A9380E54B9381E5F3
:108B80004C9382E54D9383E54E9384E54F9385E5C1
:108B9000509386E5519387E5529388E5539389E591
:108BA00054938AE555938BE556938CE557938DE561
:108BB00058938EE559938FE55A9390E55B9391E531
:108BC0005C9392E55D9393E55E9394E55F9395E501
:108BD000609396E5619397E5629398E5639399E5D1
:108BE00064939AE565939BE566939CE567939DE5A1
:108BF00068939EE569939FE56A93CAF66B93A0E537
:108C00006C9340E66D9341E66E9342E66F9343E6C4
:108C1000709344E6719345E6729346E6739347E694
:108C2000749348E6759349E676934AE677934BE664
:108C300078934CE679934DE67A934EE67B934FE634
:108C40007C9350E67D9351E67E9352E67F9353E604
:108C5000809354E6819355E6829356E6839357E6D4
:108C6000849358E6859359E686935AE687935BE6A4
:108C700088935CE689935DE68A935EE68B935FE674
:108C80008C9360E68D9361E68E9362E68F93CCF6CB
:108C9000909363E6919364E6929365E6939366E618
:108CA000949367E6959368E6969369E697936AE6E8
:108CB00098936BE699936CE69A936DE69B936EE6B8
:108CC0009C936FE69D9370E69E9371E69F9372E688
:108CD000A09373E6A19374E6A29375E6A39376E658
:108CE000A49377E6A59378E6A69379E6A7937AE628
:108CF000A8937BE6A9937CE6AA937DE6AB937EE6F8
:108D0000AC9380E6AD9381E6AE9382E6AF9383E6C3
:108D1000B09384E6B19385E6B29386E6B39387E693
:108D2000B49388E6B59389E6B6938AE6B7938BE663
:108D3000B8938CE6B9938DE6BA938EE6BB938FE633
:108D4000BC9390E6BD9391E6BE9392E6BF9393E603
:108D5000C09394E6C19395E6C29396E6C39397E6D3
:108D6000C49398E6C59399E6C6939AE6C7939BE6A3
:108D7000C8939CE6C9939DE6CA93CBF6CB939EE637
:108D8000CC939FE6CD93A0E6CE9340E7CF9341E707
:108D9000D09342E7D19343E7D29344E7D39345E797
:108DA000D49346E7D59347E7D693E9F7D79348E7B7
:108DB000D89349E7D9934AE7DA934BE7DB934CE73B
:108DC000DC934DE7DD934EE7DE934FE7DF9350E70B
:108DD000E09351E7E19352E7E29353E7E39354E7DB
:108DE000E49355E7E59356E7E69357E7E79358E7AB
:108DF000E89359E7E9935AE7EA935BE7EB935CE77B
:108E0000EC935DE7ED935EE7EE935FE7EF9360E74A
:108E1000F09361E7F19362E7F29363E7F39364E71A
:108E2000F49365E7F59366E7F69367E7F79368E7EA
:108E3000F89369E7F9936AE7FA936BE7FB936CE7BA
:108E4000FC936DE7FD936EE7FE936FE7FF9370E78A
:108E5000009471E7019472E7029473E7039474E756
:108E6000049475E7059476E7069477E7079478E726
:108E7000089479E709947AE70A947BE70B947CE7F6
:108E80000C947DE70D947EE70E9480E70F9481E7C4
:108E9000109482E7119483E7129484E7139485E792
:108EA000149486E7159487E7169488E7179489E762
:108EB00018948AE719948BE71A948CE71B948DE732
:108EC0001C948EE71D948FE71E9490E71F9491E702
:108ED000209492E7219493E7229494E7239495E7D2
:108EE000249496E7259497E7269498E7279499E7A2
:108EF00028949AE729949BE72A949CE72B949DE772
:108F00002C949EE72D949FE72E94A0E72F9440E8A1
:108F1000309441E8319442E8329443E8339444E891
:108F2000349445E8359446E8369447E8379448E861
:108F3000389449E839944AE83A944BE83B944CE831
:108F40003C944DE83D944EE83E94CDF63F944FE876
:108F5000409450E8419451E8429452E8439453E8D5
:108F6000449454E8459455E8469456E8479457E8A5
:108F7000489458E8499459E84A945AE84B945BE875
:108F80004C945CE84D945DE84E945EE84F945FE845
:108F9000509460E8519461E8529462E8539463E815
:108FA000549464E8559465E8569466E8579467E8E5
:108FB000589468E8599469E85A946AE85B946BE8B5
:108FC0005C946CE85D946DE85E946EE85F946FE885
:108FD000609470E8619471E8629472E8639473E855
:108FE000649474E8659475E8669476E8679477E825
:108FF000689478E8699479E86A947AE86B94CEF694
:109000006C947BE86D947CE86E947DE86F947EE8C8
:10901000709480E8719481E8729482E8739483E894
:10902000749484E8759485E8769486E8779487E864
:10903000789488E8799489E87A948AE87B948BE834
:109040007C948CE87D948DE87E948EE87F948FE804
:10905000809490E8819491E8829492E8839493E8D4
:10906000849494E88594C4EE8694C5EE8794C6EE05
:109070008894EBD58994A4B68A94C8EE8B94C7EEF5
:109080008C94C9EE8D94CAEE8E94A5C78F94CBEEC6
:109090009094CCEE919495E89294B0B79394F6B5F1
:1090A0009494CDEE9594CFEE969496E89794CEEE68
:1090B000989497E89994C6B89A94D0EE9B94D1EE80
:1090C0009C94D2EE9D94DBB69E94AEB39F94D3D67F
:1090D000A094C6C4A194B5B1A294D6B8A394D3EE7B
:1090E000A494D4EEA594BFD4A694D5C7A794FBBEF0
:1090F000A894D9CEA994B3B9AA94D6EEAB94D5EEE0
:10910000AC94D8EEAD94D7EEAE94A5C5AF94D9EE9D
:10911000B094DAEEB194AEC7B294DBEEB394AFC7BD
:10912000B494DCEEB594A7B2B694DDEEB794DEEE5F
:10913000B894DFEEB994E0EEBA94E1EEBB94EAD7CE
:10914000BC94E2EEBD94E3EEBE94D8BCBF94E4EED2
:10915000C094CBD3C194FACCC294ACB2C394E5C151
:10916000C494E5EEC594A6C7C694ADC3C79498E869
:10917000C894E6EEC994E7EECA94E8EECB94E9EE23
:10918000CC94EAEECD94EBEECE94ECEECF9499E84D
:10919000D094EDEED194EEEED294EFEED3949AE823
:1091A000D4949BE8D594F0EED694F1EED794F2EEF9
:1091B000D894F4EED994F3EEDA949CE8DB94F5EECF
:1091C000DC94ADCDDD94C1C2DE94F6EEDF94F7EE13
:1091D000E094F8EEE194A1D5E294F9EEE394B3CFF4
:1091E000E494FAEEE594FBEEE6949DE8E794FCEE59
:1091F000E894FDEEE994A1EFEA94FEEEEB94A2EF81
:10920000EC94F5B8ED94FAC3EE94A3EFEF94A4EFC9
:10921000F094C2BDF194BFD2F294F9B2F394A5EFE9
:10922000F494A6EFF594A7EFF694F8D2F794A8EF8C
:10923000F894FDD6F994A9EFFA94CCC6FB949EE875
:10924000FC94AAEFFD94ABEFFE94B4C1FF94ACEF95
:109250000095FACF0195F8CB0295AEEF0395ADEFEF
:109260000495FAB30595F8B90695AFEF0795B0EFF9
:109270000895E2D00995B1EF0A95B2EF0B95E6B7E4
:109280000C95BFD00D95B3EF0E95B4EF0F95B5EFDC
:109290001095F1C81195E0CC1295B6EF1395B7EF84
:1092A0001495B8EF1595B9EF1695BAEF1795E0D567
:1092B0001895BBEF1995EDB41A95AAC31B95BCEF91
:1092C0001C959FE81D95BDEF1E95BEEF1F95BFEF46
:1092D0002095A0E82195FDCE2295C0EF2395E0C210
:1092E0002495B8B42595B6D72695F5BD279540E9C0
:1092F0002895C7CF2995C3EF2A95C1EF2B95C2EFCB
:109300002C95C4EF2D95A7B62E95FCBC2F95E2BEEB
:109310003095CCC33195C5EF3295C6EF339541E911
:109320003495C7EF3595CFEF3695C8EF3795C9EF30
:109330003895CAEF3995C2C73A95F1EF3B95CDB64E
:109340003C95CBEF3D9542E93E95CCEF3F95CDEF77
:109350004095C6B64195BEC34295CEEF439543E9CD
:109360004495D0EF4595D1EF4695D2EF4795F2D58C
:10937000489544E94995D3EF4A95F7C44B9545E99B
:109380004C95D4EF4D95F8C44E95D5EF4F95D6EF4B
:109390005095E4B85195F7B05295D7EF5395D8EF63
:1093A0005495D9EF559546E95695DAEF5795DBEF89
:1093B0005895DCEF5995DDEF5A9547E95B95DEEF5F
:1093C0005C95B5BE5D95E1EF5E95DFEF5F95E0EFF3
:1093D000609548E96195E2EF6295E3EF6395CDC151
:1093E0006495E4EF6595E5EF6695E6EF6795E7EF41
:1093F0006895E8EF6995E9EF6A95EAEF6B95EBEF11
:109400006C95ECEF6D95D8C06E9549E96F95EDEFD1
:109410007095ADC17195EEEF7295EFEF7395F0EF2A
:1094200074954AE975954BE97695E2CF77954CE9C5
:1094300078954DE979954EE97A954FE97B9550E914
:109440007C9551E97D9552E97E9553E97F95A4B3CA
:10945000809554E9819555E9829556E9839557E9B8
:10946000849558E9859559E986955AE987955BE988
:1094700088955CE989955DE98A955EE98B955FE958
:109480008C9560E98D9561E98E9562E98F9563E928
:10949000909564E9919565E9929566E9939567E9F8
:1094A000949568E9959569E996956AE997956BE9C8
:1094B00098956CE999956DE99A956EE99B956FE998
:1094C0009C9570E99D9571E99E9572E99F9573E968
:1094D000A09574E9A19575E9A29576E9A39577E938
:1094E000A49578E9A59579E9A6957AE9A7957BE908
:1094F000A8957CE9A9957DE9AA957EE9AB9580E9D7
:10950000AC9581E9AD9582E9AE9583E9AF9584E9A3
:10951000B09585E9B19586E9B29587E9B39588E973
:10952000B49589E9B5958AE9B6958BE9B7958CE943
:10953000B8958DE9B9958EE9BA958FE9BB9590E913
:10954000BC9591E9BD9592E9BE9593E9BF9594E9E3
:10955000C09595E9C19596E9C29597E9C39598E9B3
:10956000C49599E9C5959AE9C6959BE9C7959CE983
:10957000C8959DE9C9959EE9CA959FE9CB95A0E953
:10958000CC9540EACD9541EACE9542EACF9543EAA3
:10959000D09544EAD19545EAD29546EAD39547EA73
:1095A000D49548EAD59549EAD6954AEAD7954BEA43
:1095B000D8954CEAD9954DEADA954EEADB954FEA13
:1095C000DC9550EADD9551EADE9552EADF9553EAE3
:1095D000E09554EAE19555EAE29556EAE39557EAB3
:1095E000E49558EAE59559EAE6955AEAE7955BEA83
:1095F000E895C5C3E995C5E3EA95C1C9EB95C6E30E
:10960000EC955CEAED95D5B1EE95CACEEF95B3B485
:10961000F095F2C8F195C7E3F295D0CFF395C8E382
:10962000F495E4BCF595C9E3F695CAE3F795C6C38E
:10963000F895A2D5F995D6C4FA95EBB9FB95C5CEA8
:10964000FC95CBE3FD95F6C3FE95CCE3FF955DEA73
:109650000096A7B70196F3B80296D2BA0396CDE367
:109660000496CEE30596C4D40696CFE307965EEA49
:109670000896D0E30996CBD10A96D1E30B96D2E3B4
:109680000C96D3E30D96D4E30E96D6D10F96D5E380
:109690001096FBB21196BBC01296D6E313965FEA02
:1096A0001496ABC01596D7E31696D8E31796D9E370
:1096B000189660EA1996DAE31A96DBE31B9661EADC
:1096C0001C96B7B81D96E2DA1E9662EA1F96D3B6CC
:1096D000209663EA2196E4DA2296E3DA239664EA96
:1096E000249665EA259666EA269667EA279668EA4A
:1096F000289669EA29966AEA2A96E6DA2B966BEAB0
:109700002C966CEA2D966DEA2E96EEC82F966EEA90
:1097100030966FEA3196E5DA3296C0B73396F4D1D7
:109720003496F5D23596F3D53696D7BD379670EA8E
:10973000389671EA399672EA3A9673EA3B96E8D718
:109740003C96E8DA3D96E7DA3E9674EA3F96A2B098
:109750004096D3CD419675EA4296E9DA439676EA89
:109760004496BDB84596CABC4696BDC24796A4C2AB
:109770004896C2B34996EADA4A9677EA4B96AAC265
:109780004C96B0C44D96B5BD4E9678EA4F9679EAA0
:109790005096DECF51967AEA52967BEA53967CEA4F
:1097A0005496EBDA5596C2C956967DEA57967EEAEC
:1097B000589680EA599681EA5A9682EA5B96DDB11C
:1097C0005C9683EA5D9684EA5E9685EA5F96ECDABB
:1097D000609686EA6196B8B66296BAD4639687EACE
:1097E0006496FDB3659688EA669689EA6796EDDA2F
:1097F0006896C9D46996D5CF6A96E3C56B968AEA0E
:109800006C96EEDA6D968BEA6E968CEA6F968DEA20
:1098100070968EEA71968FEA7296EFDA739690EAF6
:109820007496F0DA7596EAC17696D5CC7796DDCF48
:10983000789691EA799692EA7A9693EA7B9694EAF8
:109840007C9695EA7D9696EA7E9697EA7F9698EAC8
:10985000809699EA81969AEA82969BEA83969CEA98
:1098600084969DEA8596E7D38696A1C287969EEA5E
:109870008896F1DA89969FEA8A96A0EA8B96E5CBDC
:109880008C9640EB8D96F2DA8E9641EB8F96E6CB76
:109890009096FED2919642EB929643EB939644EBD0
:1098A0009496F4B8959645EB969646EB9796F3DA30
:1098B0009896AFB09996B6CF9A9647EB9B9648EBA1
:1098C0009C96CFD59D9649EB9E964AEB9F964BEB87
:1098D000A0964CEBA1964DEBA2964EEBA3964FEBC8
:1098E000A49650EBA59651EBA69652EBA796EDCB1E
:1098F000A89653EBA99654EBAA9655EBAB9656EB6C
:10990000AC9657EBAD9658EBAE9659EBAF965AEB3B
:10991000B096F4DAB1965BEBB2965CEBB396C4E327
:10992000B4965DEBB5965EEBB696A5C1B7965FEBC8
:10993000B89660EBB996BFF6BA9661EBBB9662EB50
:10994000BC96C0F6BD96C1F6BE96D1C4BF9663EB79
:10995000C096B8C8C196E3D1C29664EBC39665EBD6
:10996000C496DBD0C596C5D1C696AFBCC796CDB957
:10997000C89666EBC996F4EFCA9667EBCB9668EB90
:10998000CC96C6B4CD96BAD3CE96C2F6CF96FBB3DC
:10999000D09669EBD1966AEBD296C3F6D3966BEB71
:1099A000D4966CEBD596F1B5D6966DEBD7966EEB5B
:1099B000D8966FEBD99670EBDA9671EBDB9672EB7B
:1099C000DC9673EBDD9674EBDE9675EBDF9676EB4B
:1099D000E096C5F6E19677EBE29678EBE39679EBC5
:1099E000E4967AEBE5967BEBE6967CEBE7967DEBEF
:1099F000E896EAD3E996A7F6EA96A9D1EB967EEB2C
:109A0000EC9680EBED9681EBEE9682EBEF96A9F665
:109A1000F09683EBF19684EBF29685EBF396A8F63D
:109A2000F49686EBF59687EBF696E3C1F796D7C0EA
:109A3000F89688EBF996A2B1FA9689EBFB968AEB39
:109A4000FC968BEBFD968CEBFE96EDCEFF968DEBA8
:109A50000097E8D00197ABF602978EEB03978FEB58
:109A60000497F6CF059790EB0697AAF60797F0D5DF
:109A70000897ACF60997B9C30A9791EB0B9792EB4D
:109A80000C9793EB0D97F4BB0E97AEF60F97ADF6D0
:109A9000109794EB119795EB129796EB1397DEC402
:109AA000149797EB159798EB1697D8C1179799EBE2
:109AB00018979AEB19979BEB1A979CEB1B979DEBCA
:109AC0001C97AACB1D979EEB1E97BCCF1F979FEBB1
:109AD0002097A0EB219740EC229741EC239742EC92
:109AE000249743EC259744EC269745EC279746ECC2
:109AF000289747EC299748EC2A97AFF62B9749EC23
:109B00002C974AEC2D97B0F62E974BEC2F974CECF8
:109B10003097B1F631974DEC3297B6C233974EEC91
:109B200034974FEC359750EC369751EC379752EC11
:109B30003897D4B03997F9C53A9753EC3B9754EC22
:109B40003C9755EC3D9756EC3E97B2F63F9757EC55
:109B5000409758EC419759EC42975AEC43975BEC8D
:109B600044975CEC45975DEC46975EEC47975FEC5D
:109B7000489760EC499761EC4A9762EC4B9763EC2D
:109B80004C9764EC4D9765EC4E9766EC4F9767ECFD
:109B9000509768EC519769EC5297E0C75397A6F637
:109BA00054976AEC55976BEC5697B8BE57976CEC88
:109BB00058976DEC5997B2BE5A976EEC5B97E5B526
:109BC0005C976FEC5D9770EC5E97C7B75F9771EC31
:109BD0006097BFBF6197D2C36297E6C3639772EC89
:109BE000649773EC6597CCD8669774EC679775ECBF
:109BF000689776EC6997EFB86A9777EC6B9778EC93
:109C00006C9779EC6D977AEC6E977BEC6F977CECA8
:109C100070977DEC71977EEC729780EC7397F9BD2D
:109C20007497A5D1759781EC7697D0B0779782EC31
:109C3000789783EC799784EC7A9785EC7B9786EC20
:109C40007C97B0F77D9787EC7E9788EC7F9789ECBF
:109C500080978AEC81978BEC82978CEC83978DECC4
:109C600084978EEC8597B1F786978FEC879790EC69
:109C7000889791EC899792EC8A9793EC8B97ACD06C
:109C80008C9794EC8D97B0B08E9795EC8F9796EC5F
:109C9000909797EC9197B2F79297B3F7939798ECC8
:109CA0009497B4F7959799EC96979AEC97979BECC5
:109CB0009897CAC799979CEC9A979DEC9B979EECB6
:109CC0009C979FEC9D97A0EC9E9740ED9F9741ED50
:109CD000A097CFBEA19742EDA29743EDA397B7F708
:109CE000A49744EDA59745EDA69746EDA79747EDB8
:109CF000A89748EDA99749EDAA974AEDAB97B6F713
:109D0000AC974BEDAD97DEB1AE974CEDAF97B5F795
:109D1000B0974DEDB1974EEDB297B8F7B3974FEDC1
:109D2000B497B9F7B59750EDB69751EDB79752ED97
:109D3000B89753EDB99754EDBA9755EDBB9756EDDB
:109D4000BC9757EDBD9758EDBE9759EDBF975AEDAB
:109D5000C0975BEDC1975CEDC2975DEDC3975EED7B
:109D6000C4975FEDC59760EDC69761EDC79762ED4B
:109D7000C89763EDC99764EDCA9765EDCB9766ED1B
:109D8000CC9767EDCD9768EDCE9769EDCF976AEDEB
:109D9000D0976BEDD1976CEDD2976DEDD3976EEDBB
:109DA000D4976FEDD59770EDD69771EDD79772ED8B
:109DB000D89773EDD99774EDDA9775EDDB9776ED5B
:109DC000DC9777EDDD9778EDDE9779EDDF977AED2B
:109DD000E0977BEDE1977CEDE2977DEDE3977EEDFB
:109DE000E49780EDE59781EDE697A4CEE797CDC89F
:109DF000E89782EDE997ABBAEA97B8E8EB97B9E84C
:109E0000EC97BAE8ED97C2BEEE9783EDEF9784ED3D
:109E1000F09785EDF19786EDF29787EDF397F4D201
:109E2000F49788EDF597CFD4F697D8C9F79789EDD1
:109E3000F8978AEDF9978BEDFA978CEDFB978DEDFE
:109E4000FC978EEDFD978FEDFE9790EDFF9791EDCE
:109E5000009892ED019893ED029894ED039895ED9A
:109E6000049896ED059897ED069898ED079899ED6A
:109E700008989AED09989BED0A989CED0B989DED3A
:109E80000C989EED0D989FED0E98A0ED0F9840EE6A
:109E9000109841EE119842EE129843EE139844EE5A
:109EA000149845EE159846EE169847EE179848EE2A
:109EB000189849EE19984AEE1A984BEE1B984CEEFA
:109EC0001C984DEE1D984EEE1E984FEE1F9850EECA
:109ED000209851EE219852EE229853EE239854EE9A
:109EE000249855EE259856EE269857EE279858EE6A
:109EF000289859EE29985AEE2A985BEE2B985CEE3A
:109F00002C985DEE2D985EEE2E985FEE2F9860EE09
:109F1000309861EE319862EE329863EE339864EED9
:109F2000349865EE359866EE369867EE379868EEA9
:109F3000389869EE39986AEE3A986BEE3B986CEE79
:109F40003C986DEE3D986EEE3E986FEE3F9870EE49
:109F5000409871EE419872EE429873EE439874EE19
:109F6000449875EE459876EE469877EE479878EEE9
:109F7000489879EE49987AEE4A987BEE4B987CEEB9
:109F80004C987DEE4D987EEE4E9880EE4F9881EE87
:109F9000509882EE519883EE529884EE539885EE55
:109FA000549886EE559887EE569888EE579889EE25
:109FB00058988AEE59988BEE5A988CEE5B988DEEF5
:109FC0005C988EEE5D988FEE5E9890EE5F9891EEC5
:109FD000609892EE619893EE629894EE639895EE95
:109FE000649896EE659897EE669898EE679899EE65
:109FF00068989AEE69989BEE6A989CEE6B989DEE35
:10A000006C989EEE6D989FEE6E98A0EE6F9840EF64
:10A01000709841EF719842EF729843EF739844EF54
:10A02000749845EF7598B3D27698A5B67798EAC735
:10A030007898FCF17998EECF7A98B3CB7B98EBD0F7
:10A040007C98EFE77D98E7CD7E98CBB97F98D9B61D
:10A050008098FDF18198E4B08298CCCB8398FEF192
:10A060008498A4D48598ADC28698ECC18798C4C65C
:10A070008898B1BE8998A1F28A98D5BC8B9846EF92
:10A080008C98A2F28D98A3F28E9847EF8F98A4F245
:10A090009098C3D29198B5C6929848EF9398C7CD3F
:10A0A0009498A5F2959849EF9698B1D39798C5BF23
:10A0B0009898E2CC99984AEF9A98A6F29B98A7F2C2
:10A0C0009C98D5D19D98EEB69E98A8F29F98A9F23B
:10A0D000A098DFB5A198AAF2A298ABF2A3984BEF93
:10A0E000A498FCB2A598ACF2A698ADF2A798A7C820
:10A0F000A8984CEFA9984DEFAA984EEFAB984FEF68
:10A10000AC9850EFAD9851EFAE9852EFAF9853EF37
:10A11000B09854EFB19855EFB29856EFB39857EF07
:10A12000B49858EFB59859EFB6985AEFB7985BEFD7
:10A13000B8985CEFB9985DEFBA985EEFBB985FEFA7
:10A14000BC9860EFBD9861EFBE9862EFBF9863EF77
:10A15000C09864EFC19865EFC29866EFC39867EF47
:10A16000C49868EFC59869EFC6986AEFC7986BEF17
:10A17000C8986CEFC9986DEFCA986EEFCB986FEFE7
:10A18000CC9870EFCD9871EFCE98E7B7CF9872EF7B
:10A19000D09873EFD198A9ECD298AAECD398ABECF5
:10A1A000D49874EFD598ACECD69875EFD79876EF35
:10A1B000D898AEC6D998ADECDA98AEECDB9877EFCC
:10A1C000DC9878EFDD9879EFDE98C9B7DF98B3CAED
:10A1D000E0987AEFE1987BEFE2987CEFE3987DEFEF
:10A1E000E4987EEFE59880EFE69881EFE798B8E293
:10A1F000E898CFF7E99882EFEA9883EFEB9884EF3D
:10A20000EC9885EFED9886EFEE9887EFEF9888EF62
:10A21000F09889EFF1988AEFF2988BEFF3988CEF32
:10A22000F4988DEFF5988EEFF6988FEFF79890EF02
:10A23000F89891EFF99892EFFA9893EFFB9894EFD2
:10A24000FC9895EFFD9896EFFE9897EFFF9898EFA2
:10A25000009999EF01999AEF02999BEF03999CEF6E
:10A2600004999DEF05999EEF06999FEF0799A0EF3E
:10A27000089940F0099941F00A9942F00B9943F08E
:10A280000C9944F00D99D0F70E9945F00F9946F0CE
:10A290001099CDB2119947F0129948F0139949F0ED
:10A2A00014994AF015994BF016994CF017994DF006
:10A2B00018994EF019994FF01A9950F01B9951F0D6
:10A2C0001C9952F01D9953F01E9954F01F9955F0A6
:10A2D000209956F0219957F0229958F0239959F076
:10A2E00024995AF025995BF026995CF027995DF046
:10A2F00028995EF029995FF02A9960F02B9961F016
:10A300002C9962F02D9963F02E99D1F72F9964F072
:10A31000309965F0319966F0329967F0339968F0B9
:10A32000349969F035996AF036996BF037996CF089
:10A3300038996DF039996EF03A996FF03B9970F059
:10A340003C9971F03D9972F03E9973F03F9974F029
:10A35000409975F0419976F0429977F0439978F0F9
:10A36000449979F045997AF046997BF047997CF0C9
:10A3700048997DF049997EF04A9980F04B9981F097
:10A380004C9982F04D9983F04E9984F04F9985F065
:10A39000509986F0519987F0529988F0539989F035
:10A3A0005499D3F75599D2F756998AF057998BF06B
:10A3B00058998CF059998DF05A998EF05B998FF0DD
:10A3C0005C9990F05D9991F05E9992F05F9993F0AD
:10A3D000609994F0619995F0629996F06399BBE267
:10A3E000649997F06599A2BC669998F06799BCE268
:10A3F0006899BDE26999BEE26A99BFE26B99C0E2D1
:10A400006C99C1E26D99B9B76E99FBD26F99A4BDF1
:10A410007099CECA7199A5B17299C7CB739999F009
:10A420007499C2E27599FCB67699C4C87799C3E26B
:10A4300078999AF079999BF07A99C8BD7B999CF0AC
:10A440007C99FDB17D99C4E27E999DF07F99F6B625
:10A450008099C5E28199D9C482999EF083999FF031
:10A460008499C6E28599DACF8699DDB98799C7E2E2
:10A470008899A1C08999A0F08A99C8E28B99F6B20F
:10A480008C9940F18D99C9E28E9941F18F99F3C170
:10A490009099CAE29199CBE29299F8C29399CCE251
:10A4A0009499CDE29599CEE29699D7CA9799B8D862
:10A4B0009899E5D99999E3CF9A9942F19B9943F1FB
:10A4C0009C9944F19D9945F19E9946F19F9947F1D8
:10A4D000A09948F1A19949F1A2994AF1A3994BF1A8
:10A4E000A4994CF1A599A5F0A6994DF1A7994EF123
:10A4F000A899B0DCA9994FF1AA9950F1AB9951F103
:10A50000AC9952F1AD9953F1AE9954F1AF9955F11F
:10A51000B09956F1B19957F1B29958F1B39959F1EF
:10A52000B4995AF1B5995BF1B6995CF1B7995DF1BF
:10A53000B8995EF1B9995FF1BA9960F1BB9961F18F
:10A54000BC9962F1BD9963F1BE9964F1BF9965F15F
:10A55000C09966F1C19967F1C29968F1C39969F12F
:10A56000C4996AF1C5996BF1C6996CF1C7996DF1FF
:10A57000C8996EF1C9996FF1CA9970F1CB9971F1CF
:10A58000CC9972F1CD9973F1CE9974F1CF9975F19F
:10A59000D09976F1D19977F1D29978F1D39979F16F
:10A5A000D4997AF1D5997BF1D6997CF1D7997DF13F
:10A5B000D8997EF1D99980F1DA9981F1DB9982F10C
:10A5C000DC9983F1DD9984F1DE9985F1DF9986F1DB
:10A5D000E09987F1E19988F1E29989F1E3998AF1AB
:10A5E000E4998BF1E5998CF1E6998DF1E7998EF17B
:10A5F000E8998FF1E99990F1EA9991F1EB9992F14B
:10A60000EC9993F1ED9994F1EE9995F1EF9996F11A
:10A61000F09997F1F19998F1F29999F1F3999AF1EA
:10A62000F4999BF1F5999CF1F6999DF1F7999EF1BA
:10A63000F8999FF1F999A0F1FA9940F2FB9941F24A
:10A64000FC9942F2FD9943F2FE9944F2FF9945F2DA
:10A65000009A46F2019A47F2029A48F2039A49F2A6
:10A66000049A4AF2059A4BF2069A4CF2079A4DF276
:10A67000089A4EF2099A4FF20A9A50F20B9A51F246
:10A680000C9A52F20D9A53F20E9A54F20F9A55F216
:10A69000109A56F2119A57F2129A58F2139A59F2E6
:10A6A000149A5AF2159A5BF2169A5CF2179A5DF2B6
:10A6B000189A5EF2199A5FF21A9A60F21B9A61F286
:10A6C0001C9A62F21D9A63F21E9A64F21F9A65F256
:10A6D000209A66F2219A67F2229A68F2239A69F226
:10A6E000249A6AF2259A6BF2269A6CF2279A6DF2F6
:10A6F000289A6EF2299A6FF22A9A70F22B9A71F2C6
:10A700002C9A72F22D9A73F22E9A74F22F9A75F295
:10A71000309A76F2319A77F2329A78F2339A79F265
:10A72000349A7AF2359A7BF2369A7CF2379A7DF235
:10A73000389A7EF2399A80F23A9A81F23B9A82F202
:10A740003C9A83F23D9A84F23E9A85F23F9A86F2D1
:10A75000409A87F2419A88F2429A89F2439A8AF2A1
:10A76000449A8BF2459A8CF2469A8DF2479A8EF271
:10A77000489A8FF2499A90F24A9A91F24B9A92F241
:10A780004C9A93F24D9A94F24E9A95F24F9A96F211
:10A79000509A97F2519A98F2529A99F2539A9AF2E1
:10A7A000549A9BF2559A9CF2569A9DF2579A9EF2B1
:10A7B000589A9FF2599AA0F25A9A40F35B9A41F341
:10A7C0005C9A42F35D9A43F35E9A44F35F9A45F3D1
:10A7D000609A46F3619A47F3629A48F3639A49F3A1
:10A7E000649A4AF3659A4BF3669A4CF3679A4DF371
:10A7F000689A4EF3699A4FF36A9A50F36B9A51F341
:10A800006C9AEDC26D9AA6D46E9AD4CD6F9AB1D1DE
:10A81000709ADBB3719AFDC7729A52F3739AB5B20C
:10A82000749ABFC2759AE0E6769ABBCA779AE1E657
:10A83000789AE2E6799AD4BE7A9AE3E67B9AA4D72C
:10A840007C9AD5CD7D9AE5E67E9ADDBC7F9AE4E6DA
:10A85000809AE6E6819AE7E6829AEEC2839A53F3FB
:10A86000849ABEBD859AE8E6869AE6C2879AA7BA18
:10A87000889AE9E6899A54F38A9AEAE68B9AD2B3DF
:10A880008C9AE9D18D9A55F38E9A56F38F9AA5BF7B
:10A89000909AEBE6919AEFC6929AECE6939AEDE6DF
:10A8A000949A57F3959A58F3969AEEE6979AADC60E
:10A8B000989AEFE6999A59F39A9AA7C99B9AF0E663
:10A8C0009C9AF1E69D9AF2E69E9AB9E59F9AF3E684
:10A8D000A09AF4E6A19AE2C2A29AF5E6A39AF6E655
:10A8E000A49AE8D6A59AF7E6A69A5AF3A79AF8E6A4
:10A8F000A89AC7B9A99A5BF3AA9A5CF3AB9A5DF3DD
:10A90000AC9A5EF3AD9A5FF3AE9A60F3AF9A61F3DF
:10A91000B09ABBF7B19ABAF7B29A62F3B39A63F3FB
:10A92000B49A64F3B59A65F3B69ABEF7B79ABCF7D2
:10A93000B89AA1BAB99A66F3BA9ABFF7BB9A67F305
:10A94000BC9AC0F7BD9A68F3BE9A69F3BF9A6AF3DE
:10A95000C09AC2F7C19AC1F7C29AC4F7C39A6BF3FF
:10A96000C49A6CF3C59AC3F7C69A6DF3C79A6EF38F
:10A97000C89A6FF3C99A70F3CA9A71F3CB9AC5F764
:10A98000CC9AC6F7CD9A72F3CE9A73F3CF9A74F33A
:10A99000D09A75F3D19AC7F7D29A76F3D39AE8CBC7
:10A9A000D49A77F3D59A78F3D69A79F3D79A7AF33B
:10A9B000D89ADFB8D99A7BF3DA9A7CF3DB9A7DF3E5
:10A9C000DC9A7EF3DD9A80F3DE9A81F3DF9AD4F786
:10A9D000E09A82F3E19AD5F7E29A83F3E39A84F35B
:10A9E000E49A85F3E59A86F3E69AD6F7E79A87F331
:10A9F000E89A88F3E99A89F3EA9A8AF3EB9AD8F706
:10AA0000EC9A8BF3ED9ADAF7EE9A8CF3EF9AD7F78C
:10AA1000F09A8DF3F19A8EF3F29A8FF3F39A90F302
:10AA2000F49A91F3F59A92F3F69A93F3F79A94F3D2
:10AA3000F89A95F3F99ADBF7FA9A96F3FB9AD9F715
:10AA4000FC9A97F3FD9A98F3FE9A99F3FF9A9AF37A
:10AA5000009B9BF3019B9CF3029B9DF3039BD7D729
:10AA6000049B9EF3059B9FF3069BA0F3079B40F47A
:10AA7000089BDCF7099B41F40A9B42F40B9B43F4CF
:10AA80000C9B44F40D9B45F40E9B46F40F9BDDF7A5
:10AA9000109B47F4119B48F4129B49F4139BDEF77B
:10AAA000149B4AF4159B4BF4169B4CF4179B4DF4E6
:10AAB000189B4EF4199B4FF41A9B50F41B9B51F4B6
:10AAC0001C9B52F41D9B53F41E9B54F41F9BDFF7F9
:10AAD000209B55F4219B56F4229B57F4239BE0F7CF
:10AAE000249B58F4259B59F4269B5AF4279B5BF42E
:10AAF000289B5CF4299B5DF42A9B5EF42B9B5FF4FE
:10AB00002C9B60F42D9B61F42E9B62F42F9BCBDB7E
:10AB1000309B63F4319B64F4329BAAD8339B65F479
:10AB2000349B66F4359B67F4369B68F4379B69F475
:10AB3000389B6AF4399B6BF43A9B6CF43B9BF7E5CA
:10AB40003C9BEDB93D9B6DF43E9B6EF43F9B6FF4D7
:10AB5000409B70F4419BFDBF429BEABB439BC9F7FE
:10AB6000449BC7C6459BC8F7469B71F4479BCAF7F1
:10AB7000489BCCF7499BCBF74A9B72F44B9B73F4F1
:10AB80004C9B74F44D9BCDF74E9B75F44F9BBACE06
:10AB9000509B76F4519BCEF7529B77F4539B78F4FD
:10ABA000549BA7C4559B79F4569B7AF4579B7BF42E
:10ABB000589B7CF4599B7DF45A9B7EF45B9B80F4FC
:10ABC0005C9B81F45D9B82F45E9B83F45F9B84F4C9
:10ABD000609B85F4619B86F4629B87F4639B88F499
:10ABE000649B89F4659B8AF4669B8BF4679B8CF469
:10ABF000689B8DF4699B8EF46A9B8FF46B9B90F439
:10AC00006C9B91F46D9B92F46E9B93F46F9B94F408
:10AC1000709B95F4719B96F4729B97F4739B98F4D8
:10AC2000749B99F4759B9AF4769B9BF4779B9CF4A8
:10AC3000789B9DF4799B9EF47A9B9FF47B9BA0F478
:10AC40007C9B40F57D9B41F57E9B42F57F9B43F5C8
:10AC5000809B44F5819B45F5829B46F5839B47F598
:10AC6000849B48F5859B49F5869B4AF5879B4BF568
:10AC7000889B4CF5899B4DF58A9B4EF58B9B4FF538
:10AC80008C9B50F58D9B51F58E9B52F58F9B53F508
:10AC9000909B54F5919B55F5929B56F5939B57F5D8
:10ACA000949B58F5959B59F5969B5AF5979B5BF5A8
:10ACB000989B5CF5999B5DF59A9B5EF59B9B5FF578
:10ACC0009C9B60F59D9B61F59E9B62F59F9B63F548
:10ACD000A09B64F5A19B65F5A29B66F5A39B67F518
:10ACE000A49B68F5A59B69F5A69B6AF5A79B6BF5E8
:10ACF000A89B6CF5A99B6DF5AA9B6EF5AB9B6FF5B8
:10AD0000AC9B70F5AD9B71F5AE9B72F5AF9B73F587
:10AD1000B09B74F5B19B75F5B29B76F5B39B77F557
:10AD2000B49B78F5B59B79F5B69B7AF5B79B7BF527
:10AD3000B89B7CF5B99B7DF5BA9B7EF5BB9B80F5F6
:10AD4000BC9B81F5BD9B82F5BE9B83F5BF9B84F5C3
:10AD5000C09B85F5C19B86F5C29B87F5C39B88F593
:10AD6000C49B89F5C59B8AF5C69B8BF5C79B8CF563
:10AD7000C89B8DF5C99B8EF5CA9B8FF5CB9B90F533
:10AD8000CC9B91F5CD9B92F5CE9B93F5CF9B94F503
:10AD9000D09B95F5D19B96F5D29B97F5D39B98F5D3
:10ADA000D49B99F5D59B9AF5D69B9BF5D79B9CF5A3
:10ADB000D89B9DF5D99B9EF5DA9B9FF5DB9BA0F573
:10ADC000DC9B40F6DD9B41F6DE9B42F6DF9B43F6C3
:10ADD000E09B44F6E19B45F6E29B46F6E39B47F693
:10ADE000E49B48F6E59B49F6E69B4AF6E79B4BF663
:10ADF000E89B4CF6E99B4DF6EA9B4EF6EB9B4FF633
:10AE0000EC9B50F6ED9B51F6EE9B52F6EF9B53F602
:10AE1000F09B54F6F19B55F6F29B56F6F39B57F6D2
:10AE2000F49B58F6F59B59F6F69B5AF6F79B5BF6A2
:10AE3000F89B5CF6F99B5DF6FA9B5EF6FB9B5FF672
:10AE4000FC9B60F6FD9B61F6FE9B62F6FF9B63F642
:10AE5000009C64F6019C65F6029C66F6039C67F60E
:10AE6000049C68F6059C69F6069C6AF6079C6BF6DE
:10AE7000089C6CF6099C6DF60A9C6EF60B9C6FF6AE
:10AE80000C9C70F60D9C71F60E9C72F60F9C73F67E
:10AE9000109C74F6119C75F6129C76F6139C77F64E
:10AEA000149C78F6159C79F6169C7AF6179C7BF61E
:10AEB000189C7CF6199C7DF61A9C7EF61B9C80F6ED
:10AEC0001C9C81F61D9C82F61E9C83F61F9C84F6BA
:10AED000209C85F6219C86F6229C87F6239C88F68A
:10AEE000249C89F6259C8AF6269C8BF6279C8CF65A
:10AEF000289C8DF6299C8EF62A9C8FF62B9C90F62A
:10AF00002C9C91F62D9C92F62E9C93F62F9C94F6F9
:10AF1000309C95F6319C96F6329C97F6339C98F6C9
:10AF2000349C99F6359C9AF6369C9BF6379C9CF699
:10AF3000389C9DF6399C9EF63A9C9FF63B9CA0F669
:10AF40003C9C40F73D9C41F73E9C42F73F9C43F7B9
:10AF5000409C44F7419C45F7429C46F7439C47F789
:10AF6000449C48F7459C49F7469C4AF7479C4BF759
:10AF7000489C4CF7499C4DF74A9C4EF74B9C4FF729
:10AF80004C9C50F74D9C51F74E9C52F74F9C53F7F9
:10AF9000509C54F7519C55F7529C56F7539C57F7C9
:10AFA000549C58F7559C59F7569C5AF7579C5BF799
:10AFB000589C5CF7599C5DF75A9C5EF75B9C5FF769
:10AFC0005C9C60F75D9C61F75E9C62F75F9C63F739
:10AFD000609C64F7619C65F7629C66F7639C67F709
:10AFE000649C68F7659C69F7669C6AF7679C6BF7D9
:10AFF000689C6CF7699C6DF76A9C6EF76B9C6FF7A9
:10B000006C9C70F76D9C71F76E9C72F76F9C73F778
:10B01000709C74F7719C75F7729C76F7739C77F748
:10B02000749C78F7759C79F7769C7AF7779C7BF718
:10B03000789C7CF7799C7DF77A9C7EF77B9C80F7E7
:10B040007C9CE3D37D9C81F77E9C82F77F9CCFF62E
:10B05000809C83F7819CB3C2829CD0F6839C84F74A
:10B06000849C85F7859CD1F6869CD2F6879CD3F686
:10B07000889CD4F6899C86F78A9C87F78B9CD6F6A9
:10B080008C9C88F78D9CABB18E9CD7F68F9C89F7F2
:10B09000909CD8F6919CD9F6929CDAF6939C8AF70C
:10B0A000949CDBF6959CDCF6969C8BF7979C8CF732
:10B0B000989C8DF7999C8EF79A9CDDF69B9CDEF60A
:10B0C0009C9CCACF9D9C8FF79E9CDFF69F9CE0F6D0
:10B0D000A09CE1F6A19CE2F6A29CE3F6A39CE4F618
:10B0E000A49CF0C0A59CE5F6A69CE6F6A79CE7F616
:10B0F000A89CE8F6A99CE9F6AA9C90F7AB9CEAF616
:10B10000AC9C91F7AD9CEBF6AE9CECF6AF9C92F745
:10B11000B09CEDF6B19CEEF6B29CEFF6B39CF0F667
:10B12000B49CF1F6B59CF2F6B69CF3F6B79CF4F637
:10B13000B89CA8BEB99C93F7BA9CF5F6BB9CF6F6F2
:10B14000BC9CF7F6BD9CF8F6BE9C94F7BF9C95F7A7
:10B15000C09C96F7C19C97F7C29C98F7C39CFAC80D
:10B16000C49CF9F6C59CFAF6C69CFBF6C79CFCF697
:10B17000C89C99F7C99C9AF7CA9CFDF6CB9CFEF631
:10B18000CC9CA1F7CD9CA2F7CE9CA3F7CF9CA4F7B3
:10B19000D09CA5F7D19C9BF7D29C9CF7D39CA6F79B
:10B1A000D49CA7F7D59CA8F7D69CEEB1D79CA9F75D
:10B1B000D89CAAF7D99CABF7DA9C9DF7DB9C9EF74D
:10B1C000DC9CACF7DD9CADF7DE9CDBC1DF9CAEF711
:10B1D000E09C9FF7E19CA0F7E29CAFF7E39C40F86E
:10B1E000E49C41F8E59C42F8E69C43F8E79C44F86F
:10B1F000E89C45F8E99C46F8EA9C47F8EB9C48F83F
:10B20000EC9C49F8ED9C4AF8EE9C4BF8EF9C4CF80E
:10B21000F09C4DF8F19C4EF8F29C4FF8F39C50F8DE
:10B22000F49C51F8F59C52F8F69C53F8F79C54F8AE
:10B23000F89C55F8F99C56F8FA9C57F8FB9C58F87E
:10B24000FC9C59F8FD9C5AF8FE9C5BF8FF9C5CF84E
:10B25000009D5DF8019D5EF8029D5FF8039D60F81A
:10B26000049D61F8059D62F8069D63F8079D64F8EA
:10B27000089D65F8099D66F80A9D67F80B9D68F8BA
:10B280000C9D69F80D9D6AF80E9D6BF80F9D6CF88A
:10B29000109D6DF8119D6EF8129D6FF8139D70F85A
:10B2A000149D71F8159D72F8169D73F8179D74F82A
:10B2B000189D75F8199D76F81A9D77F81B9D78F8FA
:10B2C0001C9D79F81D9D7AF81E9D7BF81F9D7CF8CA
:10B2D000209D7DF8219D7EF8229D80F8239D81F898
:10B2E000249D82F8259D83F8269D84F8279D85F866
:10B2F000289D86F8299D87F82A9D88F82B9D89F836
:10B300002C9D8AF82D9D8BF82E9D8CF82F9D8DF805
:10B31000309D8EF8319D8FF8329D90F8339D91F8D5
:10B32000349D92F8359D93F8369D94F8379D95F8A5
:10B33000389D96F8399D97F83A9D98F83B9D99F875
:10B340003C9D9AF83D9D9BF83E9D9CF83F9D9DF845
:10B35000409D9EF8419D9FF8429DA0F8439D40F975
:10B36000449D41F9459D42F9469D43F9479D44F965
:10B37000489D45F9499D46F94A9D47F94B9D48F935
:10B380004C9D49F94D9D4AF94E9D4BF94F9D4CF905
:10B39000509D4DF9519D4EF9529D4FF9539D50F9D5
:10B3A000549D51F9559D52F9569D53F9579D54F9A5
:10B3B000589D55F9599D56F95A9D57F95B9D58F975
:10B3C0005C9D59F95D9D5AF95E9D5BF95F9D5CF945
:10B3D000609D5DF9619D5EF9629D5FF9639D60F915
:10B3E000649D61F9659D62F9669D63F9679D64F9E5
:10B3F000689D65F9699D66F96A9D67F96B9D68F9B5
:10B400006C9D69F96D9D6AF96E9D6BF96F9D6CF984
:10B41000709D6DF9719D6EF9729D6FF9739D70F954
:10B42000749D71F9759D72F9769D73F9779D74F924
:10B43000789D75F9799D76F97A9D77F97B9D78F9F4
:10B440007C9D79F97D9D7AF97E9D7BF97F9D7CF9C4
:10B45000809D7DF9819D7EF9829D80F9839D81F992
:10B46000849D82F9859D83F9869D84F9879D85F960
:10B47000889D86F9899D87F98A9D88F98B9D89F930
:10B480008C9D8AF98D9D8BF98E9D8CF98F9D8DF900
:10B49000909D8EF9919D8FF9929D90F9939D91F9D0
:10B4A000949D92F9959D93F9969D94F9979D95F9A0
:10B4B000989D96F9999D97F99A9D98F99B9D99F970
:10B4C0009C9D9AF99D9D9BF99E9D9CF99F9D9DF940
:10B4D000A09D9EF9A19D9FF9A29DA0F9A39D40FA70
:10B4E000A49D41FAA59D42FAA69D43FAA79D44FA60
:10B4F000A89D45FAA99D46FAAA9D47FAAB9D48FA30
:10B50000AC9D49FAAD9D4AFAAE9D4BFAAF9D4CFAFF
:10B51000B09D4DFAB19D4EFAB29D4FFAB39D50FACF
:10B52000B49D51FAB59D52FAB69D53FAB79D54FA9F
:10B53000B89D55FAB99D56FABA9D57FABB9D58FA6F
:10B54000BC9D59FABD9D5AFABE9D5BFABF9D5CFA3F
:10B55000C09D5DFAC19D5EFAC29D5FFAC39D60FA0F
:10B56000C49D61FAC59D62FAC69D63FAC79D64FADF
:10B57000C89D65FAC99D66FACA9D67FACB9D68FAAF
:10B58000CC9D69FACD9D6AFACE9D6BFACF9D6CFA7F
:10B59000D09D6DFAD19D6EFAD29D6FFAD39D70FA4F
:10B5A000D49D71FAD59D72FAD69D73FAD79D74FA1F
:10B5B000D89D75FAD99D76FADA9D77FADB9D78FAEF
:10B5C000DC9D79FADD9D7AFADE9D7BFADF9D7CFABF
:10B5D000E09D7DFAE19D7EFAE29D80FAE39D81FA8D
:10B5E000E49D82FAE59D83FAE69D84FAE79D85FA5B
:10B5F000E89D86FAE99D87FAEA9D88FAEB9D89FA2B
:10B60000EC9D8AFAED9D8BFAEE9D8CFAEF9D8DFAFA
:10B61000F09D8EFAF19D8FFAF29D90FAF39D91FACA
:10B62000F49D92FAF59D93FAF69D94FAF79D95FA9A
:10B63000F89D96FAF99D97FAFA9D98FAFB9D99FA6A
:10B64000FC9D9AFAFD9D9BFAFE9D9CFAFF9D9DFA3A
:10B65000009E9EFA019E9FFA029EA0FA039E40FB66
:10B66000049E41FB059E42FB069E43FB079E44FB56
:10B67000089E45FB099E46FB0A9E47FB0B9E48FB26
:10B680000C9E49FB0D9E4AFB0E9E4BFB0F9E4CFBF6
:10B69000109E4DFB119E4EFB129E4FFB139E50FBC6
:10B6A000149E51FB159E52FB169E53FB179E54FB96
:10B6B000189E55FB199E56FB1A9E57FB1B9E58FB66
:10B6C0001C9E59FB1D9E5AFB1E9E5BFB1F9EF1C4D8
:10B6D000209EAFF0219EA6BC229EB0F0239EF9C30F
:10B6E000249E5CFB259EB8C5269EBBD1279E5DFB94
:10B6F000289EB1F0299EB2F02A9EB3F02B9EB4F0A2
:10B700002C9EB5F02D9EBCD12E9E5EFB2F9EECD1C3
:10B71000309E5FFB319EB7F0329EB6F0339EA7D4C9
:10B72000349E60FB359ED2CD369EB8F0379EBAF07F
:10B73000389EB9F0399EBBF03A9EBCF03B9E61FB4F
:10B740003C9E62FB3D9EEBB83E9EBDF03F9EE8BA3C
:10B75000409E63FB419EBEF0429EBFF0439EE9BE09
:10B76000449EC0F0459EECB6469EC1F0479EC2F096
:10B77000489EC3F0499EC4F04A9EB5C84B9EC5F092
:10B780004C9EC6F04D9E64FB4E9EC7F04F9EF4C586
:10B79000509E65FB519EC8F0529E66FB539E67FB10
:10B7A000549E68FB559EC9F0569E69FB579ECAF091
:10B7B000589EBDF7599E6AFB5A9ECBF05B9ECCF01B
:10B7C0005C9ECDF05D9E6BFB5E9ECEF05F9E6CFB43
:10B7D000609E6DFB619E6EFB629E6FFB639ECFF071
:10B7E000649ED7BA659E70FB669ED0F0679ED1F0CE
:10B7F000689ED2F0699ED3F06A9ED4F06B9ED5F01D
:10B800006C9ED6F06D9ED8F06E9E71FB6F9E72FBA3
:10B81000709EA5D3719ED7F0729E73FB739ED9F074
:10B82000749E74FB759E75FB769E76FB779E77FB08
:10B83000789E78FB799E79FB7A9E7AFB7B9E7BFBD8
:10B840007C9E7CFB7D9E7DFB7E9EBAF57F9EB9C271
:10B85000809E7EFB819E80FB829EE4F7839E81FB1F
:10B86000849E82FB859E83FB869E84FB879EE5F7F4
:10B87000889EE6F7899E85FB8A9E86FB8B9EE7F76E
:10B880008C9E87FB8D9E88FB8E9E89FB8F9E8AFBFC
:10B89000909E8BFB919E8CFB929EE8F7939EB4C288
:10B8A000949E8DFB959E8EFB969E8FFB979E90FBA4
:10B8B000989E91FB999E92FB9A9E93FB9B9E94FB74
:10B8C0009C9E95FB9D9EEAF79E9E96FB9F9EEBF7A6
:10B8D000A09E97FBA19E98FBA29E99FBA39E9AFB1C
:10B8E000A49E9BFBA59E9CFBA69EF3C2A79E9DFBD0
:10B8F000A89E9EFBA99E9FFBAA9EA0FBAB9E40FC20
:10B90000AC9E41FCAD9E42FCAE9E43FCAF9E44FC0F
:10B91000B09E45FCB19E46FCB29E47FCB39E48FCDF
:10B92000B49EF0F4B59E49FCB69E4AFCB79E4BFC13
:10B93000B89EEFF4B99E4CFCBA9E4DFCBB9EE9C28A
:10B94000BC9E4EFCBD9EE1F7BE9EE2F7BF9E4FFC43
:10B95000C09E50FCC19E51FCC29E52FCC39E53FC33
:10B96000C49EC6BBC59E54FCC69E55FCC79E56FCD5
:10B97000C89E57FCC99EE4D9CA9E58FCCB9E59FC70
:10B98000CC9E5AFCCD9EF2CACE9EE8C0CF9EA4F0BB
:10B99000D09E5BFCD19EDABAD29E5CFCD39E5DFC4D
:10B9A000D49EADC7D59E5EFCD69E5FFCD79E60FC44
:10B9B000D89EACC4D99E61FCDA9E62FCDB9EECF79B
:10B9C000DC9EEDF7DD9EEEF7DE9E63FCDF9EF0F77A
:10B9D000E09EEFF7E19E64FCE29EF1F7E39E65FCDA
:10B9E000E49E66FCE59EF4F7E69E67FCE79EF3F7AF
:10B9F000E89E68FCE99EF2F7EA9EF5F7EB9E69FC8B
:10BA0000EC9E6AFCED9E6BFCEE9E6CFCEF9EF6F7E6
:10BA1000F09E6DFCF19E6EFCF29E6FFCF39E70FC3E
:10BA2000F49E71FCF59E72FCF69E73FCF79E74FC0E
:10BA3000F89E75FCF99EE9EDFA9E76FCFB9EEAED18
:10BA4000FC9EEBEDFD9E77FCFE9EBCF6FF9E78FC17
:10BA5000009F79FC019F7AFC029F7BFC039F7CFC8A
:10BA6000049F7DFC059F7EFC069F80FC079F81FC58
:10BA7000089F82FC099F83FC0A9F84FC0B9FBDF6F4
:10BA80000C9F85FC0D9FBEF60E9FA6B60F9F86FCF1
:10BA9000109FBED8119F87FC129F88FC139FC4B9CA
:10BAA000149F89FC159F8AFC169F8BFC179FBBD89F
:10BAB000189F8CFC199FB1DC1A9F8DFC1B9F8EFC7C
:10BAC0001C9F8FFC1D9F90FC1E9F91FC1F9F92FC52
:10BAD000209FF3CA219F93FC229FF7F7239F94FC9A
:10BAE000249F95FC259F96FC269F97FC279F98FCFA
:10BAF000289F99FC299F9AFC2A9F9BFC2B9F9CFCCA
:10BB00002C9FF8F72D9F9DFC2E9F9EFC2F9FF9F7F1
:10BB1000309F9FFC319FA0FC329F40FD339F41FD31
:10BB2000349F42FD359F43FD369F44FD379FFBF711
:10BB3000389F45FD399FFAF73A9F46FD3B9FC7B1B5
:10BB40003C9F47FD3D9FFCF73E9FFDF73F9F48FD13
:10BB5000409F49FD419F4AFD429F4BFD439F4CFD45
:10BB6000449FFEF7459F4DFD469F4EFD479F4FFD6D
:10BB7000489F50FD499F51FD4A9F52FD4B9F53FDE9
:10BB80004C9F54FD4D9F55FD4E9F56FD4F9F57FDB9
:10BB9000509FEBC6519FB4EC529F58FD539F59FDE7
:10BBA000549F5AFD559F5BFD569F5CFD579F5DFD61
:10BBB000589F5EFD599F5FFD5A9F60FD5B9F61FD31
:10BBC0005C9F62FD5D9F63FD5E9F64FD5F9F65FD01
:10BBD000609F66FD619F67FD629F68FD639F69FDD1
:10BBE000649F6AFD659F6BFD669F6CFD679F6DFDA1
:10BBF000689F6EFD699F6FFD6A9F70FD6B9F71FD71
:10BC00006C9F72FD6D9F73FD6E9F74FD6F9F75FD40
:10BC1000709F76FD719F77FD729F78FD739F79FD10
:10BC2000749F7AFD759F7BFD769F7CFD779F7DFDE0
:10BC3000789F7EFD799F80FD7A9F81FD7B9F82FDAD
:10BC40007C9F83FD7D9F84FD7E9F85FD7F9FDDB36F
:10BC5000809FB3F6819F86FD829F87FD839FB4F608
:10BC6000849FE4C1859FB5F6869FB6F6879FB7F699
:10BC7000889FB8F6899FB9F68A9FBAF68B9FA3C8AA
:10BC80008C9FBBF68D9F88FD8E9F89FD8F9F8AFDBF
:10BC9000909F8BFD919F8CFD929F8DFD939F8EFDBC
:10BCA000949F8FFD959F90FD969F91FD979F92FD8C
:10BCB000989F93FD999FFAC19A9FA8B99B9FE8ED21
:10BCC0009C9F94FD9D9F95FD9E9F96FD9F9FEAB929
:10BCD000A09FDFD9A19F97FDA29F98FDA39F99FDEB
:10BCE000A49F9AFDA59F9BFD2CF99CFD79F99DFDD4
:10BCF00095F99EFDE7F99FFDF1F9A0FD0CFA40FED4
:10BD00000DFA41FE0EFA42FE0FFA43FE11FA44FE0E
:10BD100013FA45FE14FA46FE18FA47FE1FFA48FECB
:10BD200020FA49FE21FA4AFE23FA4BFE24FA4CFE81
:10BD300027FA4DFE28FA4EFE29FA4FFE30FE55A98D
:10BD400031FEF2A633FEF4A634FEF5A635FEE0A6DB
:10BD500036FEE1A637FEF0A638FEF1A639FEE2A6D1
:10BD60003AFEE3A63BFEEEA63CFEEFA63DFEE6A6AF
:10BD70003EFEE7A63FFEE4A640FEE5A641FEE8A69D
:10BD800042FEE9A643FEEAA644FEEBA649FE68A9E8
:10BD90004AFE69A94BFE6AA94CFE6BA94DFE6CA92F
:10BDA0004EFE6DA94FFE6EA950FE6FA951FE70A9FF
:10BDB00052FE71A954FE72A955FE73A956FE74A9CC
:10BDC00057FE75A959FE76A95AFE77A95BFE78A998
:10BDD0005CFE79A95DFE7AA95EFE7BA95FFE7CA967
:10BDE00060FE7DA961FE7EA962FE80A963FE81A935
:10BDF00064FE82A965FE83A966FE84A968FE85A902
:10BE000069FE86A96AFE87A96BFE88A901FFA1A326
:10BE100002FFA2A303FFA3A304FFE7A105FFA5A3BD
:10BE200006FFA6A307FFA7A308FFA8A309FFA9A3CE
:10BE30000AFFAAA30BFFABA30CFFACA30DFFADA39E
:10BE40000EFFAEA30FFFAFA310FFB0A311FFB1A36E
:10BE500012FFB2A313FFB3A314FFB4A315FFB5A33E
:10BE600016FFB6A317FFB7A318FFB8A319FFB9A30E
:10BE70001AFFBAA31BFFBBA31CFFBCA31DFFBDA3DE
:10BE80001EFFBEA31FFFBFA320FFC0A321FFC1A3AE
:10BE900022FFC2A323FFC3A324FFC4A325FFC5A37E
:10BEA00026FFC6A327FFC7A328FFC8A329FFC9A34E
:10BEB0002AFFCAA32BFFCBA32CFFCCA32DFFCDA31E
:10BEC0002EFFCEA32FFFCFA330FFD0A331FFD1A3EE
:10BED00032FFD2A333FFD3A334FFD4A335FFD5A3BE
:10BEE00036FFD6A337FFD7A338FFD8A339FFD9A38E
:10BEF0003AFFDAA33BFFDBA33CFFDCA33DFFDDA35E
:10BF00003EFFDEA33FFFDFA340FFE0A341FFE1A32D
:10BF100042FFE2A343FFE3A344FFE4A345FFE5A3FD
:10BF200046FFE6A347FFE7A348FFE8A349FFE9A3CD
:10BF30004AFFEAA34BFFEBA34CFFECA34DFFEDA39D
:10BF40004EFFEEA34FFFEFA350FFF0A351FFF1A36D
:10BF500052FFF2A353FFF3A354FFF4A355FFF5A33D
:10BF600056FFF6A357FFF7A358FFF8A359FFF9A30D
:10BF70005AFFFAA35BFFFBA35CFFFCA35DFFFDA3DD
:10BF80005EFFABA1E0FFE9A1E1FFEAA1E2FF56A954
:10BF9000E3FFFEA3E4FF57A9E5FFA4A30000000010
:10BFA000ACBF0708ADBF0708AEBF07080000000020
:10BFB00000000000A8C0070898C0070888C007084C
:10BFC00078C0070868C0070858C0070848C00708B5
:10BFD00038C0070828C0070818C0070808C00708A5
:10BFE000F8BF0708E8BF0708FC3F0608600210001A
:10BFF000D0290120CC29012008400608100010009B
:10C00000D84F0120D44F012018400608100014001A
:10C01000E0500120DC5001202440060810000800F8
:10C020002852012024520120344006081000080044
:10C03000B0520120AC520120444006082C000800F8
:10C0400038530120345301204C40060810000200F0
:10C05000A05401209C5401205440060818000F00F1
:10C06000C8540120C4540120604006082000050087
:10C0700038560120345601206C4006081400100088
:10C08000E0560120DC560120744006081C00080020
:10C09000285801202458012084400608A4000500E7
:10C0A000105901200C5901208C400608200008007E
:10C0B0004C5C0120485C0120645D0120685D01202A
:10C0C000605D01205C5D012003060C183060780083
:10C0D000010203040506070707070707070000001A
:10C0E000804C0608AC4C0608D8500608E4500608F8
:10C0F000F0500608FC5006080851060814510608BE
:10C1000064500608F04F060820510608FA000000A7
:10C11000BD860508E80300006D550508E80300002A
:10C120008D4205080000000000000000FFFFFFFF37
:10C13000FFFF000030313233343536373839414271
:10C1400043444546000000000008000000000000D5
:10C150000008000000000000000000000040000097
:10C16000004000000000000000000000004000004F
:10C1700000000000000800000000000084620608C3
:10C1800020060C00C8640120C464012000000000E7
:10C190000100000002000000030000000000024057
:10C1A0000004024000080240000C0240001002405F
:10C1B0000014024000180240001C02400018024017
:10C1C0000010000000040240800000000010024047
:10C1D00001000000001002400800000000100240B2
:10C1E00040000000000802400080000000140240EF
:10C1F000040000000014024020000000001402406F
:10C200000001000000080240010000000018024088
:10C21000000400000004024040000000000402404E
:10C220000002000000100240040000000010024064
:10C2300020000000000802400040000000140240FE
:10C240000200000000140240100000000014024030
:10C2500080000000001402400004000000180240AA
:10C2600000020000001802400080000000040240AC
:10C270000001000000100240020000000010024017
:10C2800010000000000802400020000000140240DE
:10C2900001000000001402400800000000140240E9
:10C2A0004000000000140240000200005245454ECC
:10C2B00054206D616C6C6F63207375636365656496
:10C2C0006564002F646174612F6A656E6B696E73BB
:10C2D0002F776F726B73706163652F474E552D74A6
:10C2E0006F6F6C636861696E2F61726D2D31352FD0
:10C2F0007372632F6E65776C69622D6379677769F6
:10C300006E2F6E65776C69622F6C6962632F737430
:10C31000646C69622F72616E642E6300494E460040
:10C32000696E66004E414E006E616E003000303125
:10C33000323334353637383941424344454600308C
:10C3400031323334353637383961626364656600BB
:10C350004300504F534958002E002C2066756E63E1
:10C3600074696F6E3A2000617373657274696F6EE1
:10C370002022257322206661696C65643A20666913
:10C380006C6520222573222C206C696E6520256443
:10C39000257325730A00496E66696E697479004ECB
:10C3A000614E002F646174612F6A656E6B696E73F4
:10C3B0002F776F726B73706163652F474E552D74C5
:10C3C0006F6F6C636861696E2F61726D2D31352FEF
:10C3D0007372632F6E65776C69622D637967776915
:10C3E0006E2F6E65776C69622F6C6962632F737450
:10C3F000646C69622F64746F612E630042616C6CBF
:10C400006F6320737563636565646564002F6461A1
:10C4100074612F6A656E6B696E732F776F726B73C1
:10C42000706163652F474E552D746F6F6C63686143
:10C43000696E2F61726D2D31352F7372632F6E65AA
:10C44000776C69622D63796777696E2F6E65776C9B
:10C4500069622F6C6962632F7374646C69622F6DFB
:10C46000707265632E6300232D302B2000686C4CA6
:10C4700000656667454647000020202020202020D8
:10C480002020282828282820202020202020202084
:10C490002020202020202020208810101010101094
:10C4A00010101010101010101004040404040404E0
:10C4B000040404101010101010104141414141417A
:10C4C000010101010101010101010101010101015C
:10C4D000010101011010101010104242424242426C
:10C4E000020202020202020202020202020202022C
:10C4F00002020202101010102000000000000000D4
:10C50000000000000000000000000000000000002B
:10C51000000000000000000000000000000000001B
:10C52000000000000000000000000000000000000B
:10C5300000000000000000000000000000000000FB
:10C5400000000000000000000000000000000000EB
:10C5500000000000000000000000000000000000DB
:10C5600000000000000000000000000000000000CB
:10C5700000000000000000000000000005000000B6
:10C58000190000007D0000000080E03779C34143BE
:10C59000176E05B5B5B89346F5F93FE9034F384D29
:10C5A000321D30F94877825A3CBF737FDD4F1575D5
:10C5B000000000000000F03F0000000000002440E8
:10C5C00000000000000059400000000000408F40C3
:10C5D000000000000088C34000000000006AF8402E
:10C5E0000000000080842E4100000000D012634152
:10C5F0000000000084D797410000000065CDCD41C8
:10C60000000000205FA00242000000E876483742A8
:10C61000000000A2941A6D42000040E59C30A24246
:10C620000000901EC4BCD64200003426F56B0C43BB
:10C630000080E03779C3414300A0D8855734764362
:10C6400000C84E676DC1AB43003D9160E458E143C3
:10C65000408CB5781DAF154450EFE2D6E41A4B4438
:10C6600092D54D06CFF08044F64AE1C7022DB5447D
:08C67000B49DD9794378EA4436
:10C6780025D70508406206087DD705084C620608DC
:10C68800D5D7050858620608C1DE05089C62060869
:10C69800D5E10508AC62060821E20508BC62060877
:10C6A80049E20508CC620608F5E30508E4620608D5
:10C6B8000DE40508F062060811E40508FC620608A6
:10C6C800EDE505080863060845E70508146306084C
:10C6D800551704082821060891730408D82E06085F
:10C6E800ED730408082F0608817B04081C2F060830
:10C6F800917D0408442F0608C57D0408682F0608A4
:10C7080049810408782F06080D840408882F060834
:10C7180035740408F42E0608217F0408582F0608EB
:10C72800A1820408982F06084D1A04085821060803
:10C73800512004088C2106086D2B04086C26060875
:10C748009D2F0408BC26060831350408F42606087F
:10C75800F93E040828280608B9490408882D06085F
:10C76800794E0408642E0608E1540408782E060859
:10C77800355504089C2E06082D570408B42E0608C3
:08C7880071630408C42E0608C9
:08C79000403FFC7F01000000A6
:04C798000D0C040878
:04C79C00E50B04089D
:10C7A0000100000000000000000000000000000088
:10C7B0000000000000000000000000000000000079
:10C7C00000000000C0A8021139250000030000008D
:10C7D000E86306083825000002000000E863060848
:10C7E0003825874E04000000C864060800000000D9
:10C7F000004000000040000801000000280D00205B
:10C80000000600000000000000000000D01F002013
:10C81000000300000000000000000000D022002003
:10C8200000030000000000000000000002100102F0
:10C83000FF00000098670608802500000024F4002F
:10C8400000000000201002070404E000400008007F
:10C850000007C00100380000F03C0010F004001098
:10C86000382F06080800000000000000000000004B
:10C8700000000000B46A060804060000107F0010E3
:10C8800000000000A86A060804060000107E0010E0
:10C8900000000000906A06080709000010760010EA
:10C8A00000000000846A060803030000F075001011
:10C8B00000000000706A060806060000F074001010
:10C8C0000000000005040801000000000000000056
:10C8D0000404070100000000000000000303080139
:10C8E000000000000000000002040A010000000037
:10C8F0000000000001040B01000000000000000027
:10C9000000040C010000000031DD050841DD0508D0
:10C9100065DD050845DD050885DD0508000000002A
:10C9200000000000000000000000000100100000F6
:10C9300001000000100000000000000000000000E6
:10C9400000000000000000000100000000000000E6
:10C950000000000000000000AAAAAAAA6E190000A8
:10C9600000C000C0000000000300000054B001201F
:10C970004300000000000000000000000000000074
:10C9800000000000000000000000000000000000A7
:10C990004300000000000000000000000000000054
:10C9A0000000000000000000000000000000000087
:10C9B0004300000000000000000000000000000034
:10C9C0000000000000000000000000000000000067
:10C9D0004300000000000000000000000000000014
:10C9E0000000000000000000000000000000000047
:10C9F00043000000000000000000000000000000F4
:10CA00000000000000000000000000000000000026
:10CA100043000000000000000000000000000000D3
:10CA20000000000000000000000000000000000006
:10CA300043000000000000000000000000000000B3
:10CA400000000000000000000000000000000000E6
:10CA5000B9140608550D06080000000078C4070840
:10CA600058C3070895C3070895C3070895C3070867
:10CA700095C3070895C3070895C3070895C307081A
:10CA800095C3070895C30708FFFFFFFFFFFFFFFFE0
:10CA9000FFFFFFFFFFFF0000010041534349490032
:10CAA0000000000000000000000000000000000086
:10CAB000000000000000000000004153434949000D
:10CAC0000000000000000000000000000000000066
:10CAD00000000000000000000000000040030020F3
:10CAE0000000000054B00120BCB0012024B101209E
:10CAF0000000000000000000000000000000000036
:10CB00000000000000000000000000000000000025
:10CB10000000000000000000000000000000000015
:0CCB200000000000000000000000000009
:040000050804641572
:00000001FF
